pitcher_id,pitcher_full_name,game_year,n,distortion_tax_mean,distortion_tax_sd,distortion_tax_shrunk
663893,Brendon Little,2025,443,-0.021570428306021704,0.04372743526916956,-0.019702996878293508
605177,Andrew Chafin,2024,404,-0.016940744900202667,0.03364866057577274,-0.015316562822406305
663969,Tyler Phillips,2025,492,-0.014257709105486866,0.04205456828298458,-0.01309978391319887
665625,Elvis Peguero,2024,347,-0.014338498812639464,0.03829266885232176,-0.012737445800958909
664285,Framber Valdez,2024,987,-0.012912843338929487,0.04402876512459158,-0.012364692061403636
668678,Zac Gallen,2024,951,-0.012858444309340447,0.0389480728216707,-0.012292503776040357
681857,Reese Olson,2024,776,-0.01291602822706253,0.038744493512507104,-0.01222581176107875
552640,Andrew Kittredge,2025,380,-0.013245839301551928,0.03554105977538484,-0.011872601821029548
656557,Tanner Houck,2024,1153,-0.012251277855430587,0.04220731846457442,-0.011801111670569332
664285,Framber Valdez,2025,1270,-0.012160187936838499,0.04354918973646282,-0.01175297232312611
605130,Scott Barlow,2024,379,-0.012515263857151423,0.0404014304672181,-0.011206916342565383
656427,Jack Flaherty,2024,1078,-0.011602957388031061,0.03637670247443954,-0.011145205495690971
593974,Wandy Peralta,2025,511,-0.011934620488173562,0.033429523841451564,-0.010981452226966004
608334,Carson Fulmer,2024,631,-0.011655397507223095,0.034677911237623836,-0.010889200220525374
605400,Aaron Nola,2025,700,-0.011525769191778574,0.0417693060466722,-0.010837952807218599
642546,Jonathan Hernández,2024,339,-0.012214352979720771,0.03600922034482596,-0.010798610143262926
662253,Andrés Muñoz,2024,384,-0.011743800596520177,0.03555982761135601,-0.01052205767750028
676596,Josh Fleming,2024,208,-0.012540602244209144,0.04058031389644438,-0.010322500706539419
593974,Wandy Peralta,2024,252,-0.012082786881889391,0.032882529860784625,-0.010261426606257886
518397,Scott Alexander,2024,256,-0.011882463990520776,0.04139695472973799,-0.01011228713677659
664849,Danny Young,2024,237,-0.01195311678814781,0.04073711238385942,-0.010051097985006302
657277,Logan Webb,2024,1314,-0.010124961825256653,0.044416972696243395,-0.009789664515085648
650911,Cristopher Sánchez,2024,1330,-0.01003519487864571,0.039121547275583715,-0.009706374024698159
656427,Jack Flaherty,2025,1442,-0.009945274675524463,0.035895690498037806,-0.009643688984066517
519008,T.J. McFarland,2024,326,-0.010896610493371223,0.040325715235761284,-0.009571268072420312
667755,José Soriano,2024,718,-0.010135104274692903,0.039202147585489254,-0.009535301128423749
666974,Yennier Cano,2024,438,-0.01048480301395758,0.04205799065357576,-0.009504322910932861
808967,Yoshinobu Yamamoto,2025,1455,-0.009771018703090965,0.03767042422451467,-0.009476606908491407
681857,Reese Olson,2025,477,-0.010218821262428436,0.03763504449055994,-0.009332552886398999
666808,Camilo Doval,2024,440,-0.010228981417662259,0.036534868801875356,-0.009273427551953314
642048,Tayler Saucedo,2024,247,-0.010857411908933592,0.04008801141795046,-0.009171333746221384
605177,Andrew Chafin,2025,258,-0.010583252361550754,0.03189482888953924,-0.008995626553500188
605400,Aaron Nola,2024,1406,-0.009003368172489996,0.04211354608233525,-0.00871969523712215
669203,Corbin Burnes,2024,1306,-0.008948470847998918,0.035984793139523,-0.008645299205315869
592454,Tommy Kahnle,2024,320,-0.009784458605862108,0.03898248341141721,-0.008557804703475542
573009,Joe Mantiply,2024,391,-0.009495860059907484,0.041947441224732956,-0.008497922906888337
607481,Aaron Bummer,2024,372,-0.009496959815990925,0.04038243848823171,-0.008452785750888188
650911,Cristopher Sánchez,2025,1348,-0.008710362829167014,0.04175704932394646,-0.008423067916444111
628452,Raisel Iglesias,2024,441,-0.009279059835305435,0.03390784926510542,-0.008402690918164675
657044,Ryan Thompson,2024,440,-0.009177348166166114,0.042291361631647414,-0.008307432428945194
681867,Cooper Criswell,2024,745,-0.008687237588622665,0.040319150495262926,-0.008180127374996215
643377,Griffin Jax,2025,514,-0.008878136662912057,0.0383998020797494,-0.008145733004089434
678692,Ronny Henriquez,2025,523,-0.008677537328408695,0.03539708074806441,-0.007970785393240323
642207,Devin Williams,2025,537,-0.008603782629238513,0.04194281913084518,-0.007919203146101606
518876,Merrill Kelly,2024,473,-0.00869540082921725,0.03622444248390693,-0.007918270193753196
666974,Yennier Cano,2025,423,-0.008783295741726612,0.042727846578181766,-0.007914640415389876
669203,Corbin Burnes,2025,436,-0.008642462283752428,0.0330514966668395,-0.007809145452007115
668678,Zac Gallen,2025,1316,-0.008082712952212742,0.036968166384210965,-0.0078067016949989795
621366,Ryan Borucki,2025,243,-0.009058746738379407,0.03772099550219879,-0.007597544388213253
643410,Mark Leiter Jr.,2024,425,-0.008428947065237143,0.03978865218977247,-0.007593824546558514
502043,Kyle Gibson,2024,1080,-0.007882983052030865,0.038569246289273426,-0.007555723018639994
606160,Rafael Montero,2025,483,-0.0082538869685888,0.03727356044452879,-0.00752463599941028
623211,Huascar Brazobán,2024,410,-0.008246595286651106,0.033214674751627316,-0.00739941549327061
518876,Merrill Kelly,2025,1301,-0.007665513292026025,0.03749731722506787,-0.00739855693139503
657044,Ryan Thompson,2025,289,-0.00850434904001048,0.042884920145714954,-0.007313996882780125
450203,Charlie Morton,2024,1165,-0.007513054842519704,0.0415927761269154,-0.0072208834452296925
656756,Jordan Montgomery,2024,883,-0.007532294865666703,0.03681952574867956,-0.0071499475645259635
621107,Zach Eflin,2025,519,-0.007797249377659714,0.04054846107674958,-0.007146967269907626
628317,Kenta Maeda,2024,838,-0.007522283227886483,0.03671964491205847,-0.007120762649440288
592454,Tommy Kahnle,2025,465,-0.007786544432733682,0.042495888220209124,-0.00706741873914014
656849,David Peterson,2025,1176,-0.0072942528051646565,0.038805750330459604,-0.007011751097656805
592866,Trevor Williams,2024,472,-0.007709346558699423,0.03680046433167656,-0.007005964583596344
607074,Carlos Rodón,2025,1372,-0.007223884618366445,0.033194872695174696,-0.006982569944459273
605483,Blake Snell,2025,432,-0.007702763906511214,0.03170051727757531,-0.006940192799297738
694738,Landen Roupp,2024,323,-0.007884273193031602,0.044782626906538156,-0.006872534613688046
642528,Jonathan Loáisiga,2025,238,-0.00824080634767774,0.03659356650620299,-0.0068684087700673965
693821,Bryce Elder,2024,353,-0.00770790173549137,0.03379205779266989,-0.006791140786849393
592426,Luke Jackson,2024,388,-0.0075987305773798095,0.04335997934061528,-0.0067670855113021984
471911,Carlos Carrasco,2024,743,-0.0072010551373119435,0.03788983336226044,-0.006766780074844307
656550,Grant Holmes,2025,884,-0.007069365869962578,0.03614748978047089,-0.00670699665407283
669432,Trevor Rogers,2024,944,-0.006989339648088341,0.03661409914165176,-0.006652263993070751
669276,Dylan Lee,2024,431,-0.0073150026591545,0.030365666575994377,-0.006582990474655248
657585,Reed Garrett,2024,398,-0.007294094797064993,0.033655706770701364,-0.006508671950132609
685126,Brandon Eisert,2025,535,-0.007080122272310763,0.035839914226751576,-0.006496699329283348
667755,José Soriano,2025,1158,-0.006754428858929141,0.04029853223268391,-0.006485270426388762
622503,Nabil Crismatt,2025,244,-0.007753643206547027,0.03941579517253303,-0.0064774879161561254
664776,Jake Cousins,2024,235,-0.007718156240745675,0.037362111967432936,-0.006405136409662604
571578,Patrick Corbin,2024,1255,-0.006545690702352105,0.03726296078609466,-0.006303000948781378
605483,Blake Snell,2024,743,-0.006692265403389748,0.03357478944660253,-0.006283369223239647
676974,Max Meyer,2025,455,-0.006923631667708399,0.039566055009597464,-0.006258085281395594
500779,Jose Quintana,2024,1065,-0.006393626911650787,0.036050033677518634,-0.006114542949578445
607481,Aaron Bummer,2025,368,-0.0068731938840182446,0.04039619675447942,-0.00607021725902019
683409,Angel Chivilli,2024,261,-0.007055354325973325,0.03379896006347487,-0.005942304922275813
682120,Tim Herrin,2024,422,-0.0066146490631383585,0.03899076297598462,-0.005927605223995709
450203,Charlie Morton,2025,1108,-0.00617244785184823,0.04210057426967282,-0.005911348248221846
669199,Lake Bachar,2025,495,-0.006476875757766479,0.032970061719410165,-0.005893816193628932
678394,Brayan Bello,2024,1113,-0.006121300638550217,0.04029628411915629,-0.005863066128280111
693821,Bryce Elder,2025,1084,-0.00612582472625125,0.03703297242146607,-0.005860764549356717
656412,Alex Faedo,2024,414,-0.006466122466195704,0.034895427790007406,-0.005779734814704361
552640,Andrew Kittredge,2024,490,-0.006325979905483244,0.0355193668625857,-0.005748536008975433
570632,José Ureña,2024,776,-0.006071166640791573,0.03247299910389705,-0.00570855337014658
667463,John King,2025,361,-0.006475551171002776,0.03883180067474258,-0.005697299343277549
676130,José Buttó,2024,501,-0.00625275971806289,0.03439220371229866,-0.0056923674424024
592426,Luke Jackson,2025,343,-0.006481174429815926,0.044557675063084404,-0.005665677544664022
657585,Reed Garrett,2025,393,-0.006351359841951483,0.03588751494866228,-0.00564196893867527
620454,José Castillo,2025,235,-0.006707657490509698,0.03818415982241525,-0.005538490584578004
592332,Kevin Gausman,2024,1318,-0.0057137321779803215,0.030263791938764564,-0.005506224136468411
622786,Jesus Tinoco,2024,297,-0.006408910982709954,0.03541450491777245,-0.005490160179545715
683409,Angel Chivilli,2025,480,-0.006015295799200122,0.033957528480815895,-0.005450076167945374
663903,Brady Singer,2024,1194,-0.00566181000517605,0.03683494560969162,-0.005435076076162332
666200,Jesús Luzardo,2024,412,-0.006050224654718425,0.03282032272844512,-0.005396763835430271
605130,Scott Barlow,2025,497,-0.005923516638808664,0.036041617598050524,-0.005382902614719799
500779,Jose Quintana,2025,884,-0.00556354652590311,0.03711512215375275,-0.005264814748155554
664141,JT Brubaker,2025,203,-0.0065533927290359366,0.035891323485363225,-0.00525449455401882
665795,Edward Cabrera,2024,741,-0.0055325235057671,0.03338810173567982,-0.005180576165320018
519151,Ryan Pressly,2024,429,-0.005766411288541657,0.03969795172058986,-0.005160342051043995
689225,Beau Brieske,2024,529,-0.005593221350325456,0.029794078269512973,-0.0051057466992376135
592332,Kevin Gausman,2025,1483,-0.005243787331539901,0.030747991768725356,-0.005070819247972766
683627,Anthony Molina,2025,261,-0.005988953421419483,0.03230419958581122,-0.005014558438277298
543135,Nathan Eovaldi,2025,919,-0.005286073368050384,0.03835836336397137,-0.005009553392304069
663969,Tyler Phillips,2024,286,-0.005864263293882347,0.041442514193392774,-0.004979785357925576
667463,John King,2024,396,-0.005566583635283935,0.038074741388295266,-0.004932456092380715
701487,Pierson Ohl,2025,255,-0.005917132109448782,0.031953169046769224,-0.004932380847160814
694738,Landen Roupp,2025,757,-0.005176636243331816,0.04361870081058245,-0.004849202911100035
666129,Braxton Garrett,2024,257,-0.005729139989229836,0.037717801381821126,-0.0047758154984258675
676130,José Buttó,2025,474,-0.005254637596084079,0.03772000173251204,-0.00474064499901516
592866,Trevor Williams,2025,626,-0.004968831862354944,0.03701828095674447,-0.004589086470409295
605488,Jeffrey Springs,2024,252,-0.0054758398708587685,0.03478849946807797,-0.004540088514833907
666214,Joey Wentz,2024,536,-0.004932965769774099,0.03276200431600842,-0.004496215790205883
594835,Marco Gonzales,2024,226,-0.005501813506443898,0.03403769688553705,-0.0044704319440693075
471911,Carlos Carrasco,2025,335,-0.0051539868588348315,0.03931895971727668,-0.0044594660147534125
477132,Clayton Kershaw,2025,765,-0.004754438163974019,0.035705230493543225,-0.004450746206635962
669276,Dylan Lee,2025,540,-0.004795917467427852,0.029566660628287757,-0.004371417546153599
647315,Zach Pop,2024,333,-0.0050549236737965535,0.03846530132803475,-0.0043670562947295795
694813,Gavin Stone,2024,965,-0.0046008832169998105,0.033035796457698066,-0.0043636530749142635
665795,Edward Cabrera,2025,944,-0.0045044144089376,0.03902906225761448,-0.00426594434335667
605280,Clay Holmes,2025,1100,-0.004369090094922987,0.04011987056744655,-0.004167915626759379
695549,Jackson Jobe,2025,356,-0.004677728178381683,0.03254084865631835,-0.004067161398999979
519242,Chris Sale,2024,1205,-0.0041944751234111784,0.03846757064658502,-0.004015755961050296
571882,Derek Law,2024,616,-0.0043611358239399696,0.032930428283971976,-0.004011782577158907
656849,David Peterson,2024,839,-0.004229663706814127,0.03632307136940071,-0.0039748815907042
663947,Tyler Holton,2025,551,-0.004360012372524928,0.03384510035742171,-0.003972245801511406
658648,Pedro Avila,2024,593,-0.004291470437243,0.03644492838262856,-0.003933703248233723
682990,Quinn Priester,2025,1064,-0.004082666361435652,0.036722155776256676,-0.003885055161391816
519151,Ryan Pressly,2025,292,-0.004522736285625485,0.04057067231896663,-0.0038123817340470633
621114,Ryan Burr,2024,266,-0.004557226781441797,0.03846914857721786,-0.0037819078760895257
527048,Martín Pérez,2024,925,-0.003972301282552557,0.03467812474253323,-0.003750662334073779
641745,Brad Keller,2024,323,-0.004366755308824024,0.038626383181398063,-0.003734038365546671
621244,José Berríos,2025,1128,-0.003888773222245202,0.03702734112121225,-0.0037084801221901127
676395,Robert Garcia,2024,444,-0.004117121379420133,0.03286638734832783,-0.0036630690018010343
594798,Jacob deGrom,2025,1265,-0.0037954614630044017,0.031680947522242625,-0.0036369013610647455
624133,Ranger Suarez,2024,953,-0.003814439273116911,0.03930184835207594,-0.0036052635882855414
694973,Paul Skenes,2024,1007,-0.0037847240366551526,0.03814529803996651,-0.003587455148799893
669372,J.T. Ginn,2025,644,-0.003873541944171165,0.04111257028691513,-0.003566357459641712
676879,Aaron Ashby,2025,393,-0.004040140844162332,0.04140669996944568,-0.003539436756473208
656550,Grant Holmes,2024,510,-0.0038968080411806282,0.03593459415831077,-0.003512993841071993
694363,Jared Shuster,2024,580,-0.0037121605450151952,0.030858946355895624,-0.003383385409674668
676917,Cade Cavalli,2025,370,-0.0038922764132348882,0.037891954487327455,-0.003377517769423028
650893,Génesis Cabrera,2024,453,-0.0037710092961519576,0.031709347373790296,-0.003352703018124867
668674,Lucas Erceg,2024,399,-0.0037727078129841563,0.03318704804179132,-0.003302679113955862
621244,José Berríos,2024,1193,-0.003448933663527376,0.035393466336612465,-0.003292078710689971
656986,Bennett Sousa,2025,355,-0.0037991629084275806,0.03559160127583576,-0.0032740255676969037
666214,Joey Wentz,2025,840,-0.003463215373529896,0.034580881331686436,-0.0032427353590560384
800048,Parker Messick,2025,274,-0.0038906904167618113,0.03388120818439029,-0.0032182518134591695
669456,Shane Bieber,2025,280,-0.0038166145636283027,0.03826034235375318,-0.0031658811878740056
606996,Kyle Hart,2025,282,-0.0037979666874975813,0.033615798727067936,-0.003153553632075656
518585,Fernando Cruz,2025,304,-0.003750175258239544,0.034116039128206085,-0.003152528851071396
656240,Scott Blewett,2025,317,-0.0037167253747718483,0.039093540319599634,-0.0031445677489625053
808967,Yoshinobu Yamamoto,2024,621,-0.003425508727739853,0.03712553448619362,-0.0031340987428131618
608717,Chris Stratton,2024,385,-0.003575640520250513,0.039413476129942684,-0.0031082217859688165
543135,Nathan Eovaldi,2024,1244,-0.0032519998557712167,0.03666566993969344,-0.003107367313870741
657277,Logan Webb,2025,1412,-0.003088820014687716,0.043910140601363515,-0.00296532000571892
682990,Quinn Priester,2024,377,-0.003407972201435599,0.037492106212081475,-0.0029472863402854607
572955,Pierce Johnson,2024,350,-0.0034171340344847437,0.04364026384282207,-0.00292355444946301
678394,Brayan Bello,2025,1149,-0.0030167390519652225,0.03753606748389503,-0.002868265436214431
605280,Clay Holmes,2024,440,-0.003208220506396914,0.04188032537694834,-0.002824391454587931
680885,Spencer Schwellenbach,2024,940,-0.002991913293761073,0.03720331649174374,-0.0028127324455086053
669432,Trevor Rogers,2025,830,-0.00301014473682684,0.03459454965300881,-0.0028074646002018274
663773,Bryan Hoeing,2024,281,-0.0034033576417790068,0.03375179766030787,-0.0028050316277986233
666277,George Soriano,2025,307,-0.003344301540897151,0.04035417754812544,-0.002797593208834716
681676,Ryan Fernandez,2024,529,-0.0030919765069670406,0.03135266520820033,-0.0027762718365427104
682120,Tim Herrin,2025,285,-0.0033466615542120295,0.03888255821095675,-0.002762547755860857
645261,Sandy Alcantara,2025,1355,-0.0028370867401609546,0.034570417434353795,-0.0027155809193618826
668941,JoJo Romero,2025,380,-0.0031394081318746312,0.03970794992956765,-0.0027070224833126467
628452,Raisel Iglesias,2025,467,-0.0030504159665608317,0.032456169717845186,-0.00269923249596992
689225,Beau Brieske,2025,262,-0.003320356596644067,0.02694398564919202,-0.002695019419542323
663947,Tyler Holton,2024,578,-0.0029270920136922635,0.034766221931225604,-0.002646883222095479
641401,Connor Brogdon,2025,390,-0.0030439744853569557,0.030121992449147716,-0.0026303448314278235
672335,Cionel Pérez,2024,360,-0.0030441506854640803,0.03676495084338313,-0.0025994043942411116
605513,Spencer Turnbull,2024,330,-0.0030824059256474895,0.03466770000237818,-0.0025974582006360854
593576,Héctor Neris,2025,234,-0.0032105901978609413,0.03419866489813455,-0.0025368009682389934
673513,Yuki Matsui,2024,473,-0.0028441188624826522,0.02871115932292752,-0.002512767486939577
690997,Nolan McLean,2025,301,-0.003022908371773851,0.041245110061271156,-0.002503424172489689
519293,Will Smith,2024,273,-0.0030701518565420262,0.03500096188944017,-0.0024981419669028804
666808,Camilo Doval,2025,493,-0.002807666709911404,0.036402062831919955,-0.0024914446863246254
621112,Paul Blackburn,2024,505,-0.0027950379336617107,0.037932813903310936,-0.0024866968306598938
687765,Mitch Spence,2025,598,-0.0027369213311909694,0.040729660857986065,-0.0024771553284853058
607536,Kyle Freeland,2025,1182,-0.0025929616231220123,0.036861427959431065,-0.002462039095611078
669084,DL Hall,2024,289,-0.0029940385233924926,0.036493624093477325,-0.0024589824771817344
689147,Orion Kerkering,2024,447,-0.0027664972083218907,0.03563125235402275,-0.0024236494366177822
694297,Brandon Pfaadt,2024,1220,-0.0025414142937146005,0.033535693102546386,-0.0024160404029264244
668941,JoJo Romero,2024,352,-0.002845719001008445,0.037200246644608886,-0.0024116689228505226
669302,Logan Gilbert,2024,1370,-0.002496263779982878,0.03713603604356093,-0.0023854868899080344
650633,Michael King,2024,1170,-0.0025096776158419136,0.035038806208035726,-0.0023801426785618374
643377,Griffin Jax,2024,503,-0.002626259448710158,0.036676469958073915,-0.002328927232310333
592351,Jon Gray,2024,748,-0.0025031095793831785,0.031523989686745954,-0.002304442438593963
656288,Griffin Canning,2024,1260,-0.002420985523821967,0.037201749457618456,-0.0023030885323901884
573186,Marcus Stroman,2025,313,-0.0027470469155696686,0.03911409006212948,-0.0022758412631796584
623211,Huascar Brazobán,2025,452,-0.0025973274450599997,0.033509550377423716,-0.0022714103405066777
641835,Tim Mayza,2024,281,-0.0027529654852247788,0.033521530631163025,-0.0022339188867419773
696136,Jordan Wicks,2024,358,-0.0026350351467573792,0.028460733822396406,-0.0022282452540718805
606303,Joel Payamps,2024,397,-0.0025446924288026846,0.033418354036703866,-0.002182371578903862
543294,Kyle Hendricks,2024,901,-0.002323928342023957,0.03467408514086309,-0.0021650326333820533
543518,Scott McGough,2024,237,-0.0027681565777237746,0.027165728130294147,-0.0021642186739360097
573186,Marcus Stroman,2024,1023,-0.0022986858473276416,0.036711326062230716,-0.0021589707201036903
571760,Andrew Heaney,2024,1222,-0.0022350639606918106,0.03400073328747076,-0.0021193653675910715
680694,Kyle Bradish,2024,266,-0.002585411766167255,0.03984237968496704,-0.0020622672464194764
702674,Caden Dana,2025,223,-0.002685605353345075,0.034411698254744126,-0.0020616869402235068
700363,AJ Smith-Shawver,2025,310,-0.0024433374213144827,0.034623252582410544,-0.0020020258321627768
694297,Brandon Pfaadt,2025,1358,-0.0020876069038078754,0.035774684939284096,-0.001987288973851353
673513,Yuki Matsui,2025,474,-0.0022738407754416437,0.029020567632656837,-0.0019864971820057918
681006,Josh Simpson,2025,259,-0.002511983978773247,0.04203839723105577,-0.0019861623480762376
669711,Greg Weissert,2024,450,-0.0022853363064618973,0.03581240174022012,-0.001982973190454892
625643,Reynaldo López,2024,919,-0.0021309800254525504,0.03173434340853387,-0.0019829260918112286
614179,José Ruiz,2024,376,-0.002228011390820296,0.03455359755956516,-0.001877121924265601
600917,José Leclerc,2024,511,-0.0021122409426496255,0.02869126049833745,-0.0018556883488986661
694973,Paul Skenes,2025,1408,-0.0019401172555311428,0.035067175428294683,-0.001847241621911391
679885,Justin Martinez,2024,515,-0.0020880667729335396,0.033384944442711936,-0.001835068604639462
642547,Freddy Peralta,2025,1328,-0.0019192932623575112,0.032129262439739424,-0.001821576568123307
686799,Jack Kochanowicz,2025,834,-0.0019502502279882881,0.038109659483314046,-0.0017958563480523803
675911,Spencer Strider,2025,934,-0.0019265809422444246,0.032136217286333264,-0.0017890036497279656
656731,Tylor Megill,2025,509,-0.0020016173428361373,0.03410552667219937,-0.0017520026377430052
593576,Héctor Neris,2024,467,-0.002023894482296529,0.03125473347129823,-0.0017518437596005495
663460,Kris Bubic,2024,220,-0.002316400633114265,0.036270136629822064,-0.0017408588325622022
621112,Paul Blackburn,2025,289,-0.0021597673242575587,0.04146938084544875,-0.0017239243207020298
571510,Matthew Boyd,2024,315,-0.002099519355354501,0.0335155131724068,-0.0017023253479882944
668933,Graham Ashcraft,2025,471,-0.001966094044984593,0.032632287185132225,-0.0017005978115644897
543243,Sonny Gray,2025,1193,-0.0018003012893018512,0.04030109375083272,-0.001695644531306991
608372,Tomoyuki Sugano,2025,1141,-0.0017925839419908102,0.03508522954479063,-0.0016835703299351832
677960,Ryan Weathers,2024,562,-0.0018964701535885507,0.033085267489373474,-0.0016756921707918346
592767,Drew Smyly,2024,431,-0.0019334614947911829,0.03103321524795738,-0.0016480784504972826
527048,Martín Pérez,2025,368,-0.0019568867358502606,0.03152894235700942,-0.001625084648900378
669684,Chris Murphy,2025,230,-0.0020918217544187694,0.03716782733198806,-0.0015702398972681103
660761,José Suarez,2024,381,-0.0018694497008738056,0.030681287413575793,-0.0015560380173938021
686580,Justin Slaten,2025,256,-0.0020190619683900716,0.03711082127767172,-0.0015530695477589103
678020,Seth Halvorsen,2025,281,-0.001969727786082401,0.03410197540830473,-0.0015461537826454185
678495,Randy Rodríguez,2025,386,-0.0018494570600480268,0.033026263638190015,-0.0015415674372059969
687765,Mitch Spence,2024,1156,-0.0016163362162068791,0.0401767187202625,-0.0015144440143788648
656557,Tanner Houck,2025,305,-0.0018691069407780242,0.041590297760157796,-0.0014864934586155073
477132,Clayton Kershaw,2024,233,-0.0019715396848741197,0.03618654790449724,-0.0014729594742975368
643410,Mark Leiter Jr.,2025,349,-0.0017926488896109313,0.03947569974737496,-0.0014611102535149931
656302,Dylan Cease,2025,1390,-0.0015367723585161385,0.030180140519809415,-0.001453736842130112
641154,Pablo López,2025,568,-0.0016455459760186329,0.03467273398607258,-0.0014430750582168895
641656,Ian Hamilton,2024,271,-0.0018390298797592442,0.02922866819543683,-0.0014182378145146
691587,Eury Pérez,2025,800,-0.0015478521298315237,0.02780877349146142,-0.0014059099140149708
680684,Gunnar Hoglund,2025,234,-0.001890517566762113,0.029570015886474905,-0.001405340031962102
680704,Nick Sandlin,2024,422,-0.0016723158873165247,0.0386759465423789,-0.0014034577790144537
680885,Spencer Schwellenbach,2025,767,-0.0015318144321752045,0.03562600949671939,-0.0013848368926177796
641755,Tyler Kinley,2025,538,-0.0015628293127375723,0.03603792585173906,-0.0013554233073735664
571948,Hoby Milner,2024,392,-0.0016235278865015688,0.04015973962246111,-0.0013403715038599847
543859,Michael Tonkin,2024,597,-0.001526057869630213,0.036610239491751,-0.0013401473843405991
669713,Hayden Wesneski,2024,438,-0.0015237244876867985,0.03663343575213483,-0.0012760355896251083
656288,Griffin Canning,2025,573,-0.001399817329518349,0.03795511201001634,-0.0012146624560133647
571578,Patrick Corbin,2025,1125,-0.0012978488958830705,0.036916979458132264,-0.0012039159610293176
680767,Victor Vodnik,2025,376,-0.001482087558694137,0.03369691256776546,-0.0012013087027521949
641755,Tyler Kinley,2024,523,-0.0013655309102270554,0.03039881052711999,-0.0011662831107220307
666157,Nick Lodolo,2024,803,-0.0012789383427933142,0.03702525670849352,-0.0011499596783424333
489446,Kirby Yates,2025,414,-0.0013747528300545933,0.03543002577185212,-0.001126769092260353
593423,Frankie Montas,2025,318,-0.0014490067163147936,0.03171602002566105,-0.0011262265177940582
656302,Dylan Cease,2024,1386,-0.001199013880788934,0.03342076569448458,-0.0011249908622802526
676974,Max Meyer,2024,405,-0.0013638449101039888,0.03605458784252711,-0.0011117928462879253
676395,Robert Garcia,2025,469,-0.001329356604352539,0.03386342957597759,-0.001111706856734683
683627,Anthony Molina,2024,439,-0.001312941325227085,0.029510002306226756,-0.0010829713071020398
657097,Jacob Webb,2025,470,-0.00128230487686383,0.031224518375756617,-0.001068688483602202
664076,Garrett Cleavinger,2024,446,-0.0012764176221581021,0.03305573900385438,-0.0010527041665744485
676684,Will Vest,2025,552,-0.0011872694337713382,0.02931520614359113,-0.0010095639591779719
489446,Kirby Yates,2024,460,-0.0012199172748496691,0.03353754060242067,-0.0010068968699363618
607074,Carlos Rodón,2024,1391,-0.0010761998059115746,0.03077864219911461,-0.0010057856851078601
606160,Rafael Montero,2024,273,-0.0013626930116347475,0.032425730389622306,-0.0010041500117114392
642701,Dennis Santana,2024,540,-0.001159459484263911,0.030434064344248373,-0.0009799445726240677
663704,James McArthur,2024,381,-0.001226057456080588,0.04030444418204574,-0.000972399360070116
690990,Cade Horton,2025,822,-0.0010513625692264734,0.032641478495948686,-0.0009355402301907198
506433,Yu Darvish,2024,498,-0.001061934276256836,0.038198598537284856,-0.0008754633317306095
666200,Jesús Luzardo,2025,1356,-0.00094207622437608,0.03452665544181224,-0.0008736458157170515
680689,Lyon Richardson,2025,257,-0.001217747946706198,0.03426258834334783,-0.0008589252741184628
670280,David Bednar,2025,452,-0.00102209260390448,0.032158412433526906,-0.0008213172851903412
570632,José Ureña,2025,426,-0.0010181701724555434,0.031247727549995673,-0.0008064979148531078
806188,Cade Gibson,2025,359,-0.001041828835919193,0.040708209997406604,-0.0007922052565678096
663855,Jordan Hicks,2024,788,-0.0008945367565748433,0.03909685477652559,-0.0007813496765298663
664854,Ryan Helsley,2024,420,-0.000970174325128085,0.03309938904824121,-0.0007598139219574027
684007,Shota Imanaga,2024,1324,-0.0008210907651993775,0.030642499309714286,-0.000754516203195649
806185,Hayden Birdsong,2024,551,-0.0008191164675572841,0.03626308587512424,-0.0006654495386487318
681799,Ethan Roberts,2024,209,-0.001070440461918557,0.04057076553466294,-0.0006653391593375806
701581,David Festa,2024,497,-0.0008075076268496395,0.03198251641579869,-0.0006392043544826488
596295,Austin Gomber,2024,1124,-0.0007105856690224826,0.03580718376557363,-0.0006362687503105916
641154,Pablo López,2024,1398,-0.0006772513920176726,0.03491391401289778,-0.0006180096328149214
472610,Luis García,2025,449,-0.0007972839735525585,0.03461138589706516,-0.0006132437188752255
663893,Brendon Little,2024,294,-0.0008899671444645411,0.042536431609207406,-0.0006094078042736499
592094,Jason Adam,2025,487,-0.0007696801017019808,0.03821270525235435,-0.000600982373846863
669062,Erik Miller,2024,482,-0.0007640810930066592,0.032123707196263465,-0.0005941835988031171
686973,Louis Varland,2025,519,-0.0007300794658872747,0.03567399906429022,-0.0005738242970852771
596133,Luke Weaver,2024,606,-0.0006968108299636006,0.028068362069318877,-0.0005636436455173419
624133,Ranger Suarez,2025,1100,-0.0006291273009197948,0.03691745855545247,-0.0005560341301950743
666142,Cole Ragans,2024,1382,-0.0006019545288959765,0.029120204345409757,-0.0005441126588262259
676775,Keaton Winn,2024,360,-0.0007631168875764696,0.03633646965956465,-0.000541365986451885
664875,Justin Lawrence,2024,430,-0.000679998853668313,0.040634863383894555,-0.000498257499022799
641745,Brad Keller,2025,476,-0.000659918431555889,0.028729064946342298,-0.0004959309711918316
605121,Justin Anderson,2024,416,-0.0006607074545981461,0.0327976364649042,-0.00047502797496265395
680694,Kyle Bradish,2025,206,-0.0008464932758857139,0.03410356953064238,-0.0004720859736542456
656730,Trevor Megill,2025,335,-0.0006662573461673533,0.028186998173650363,-0.00043978580916319163
621107,Zach Eflin,2024,1072,-0.0004964881235632801,0.038673395507509443,-0.0004262097642042935
680897,Nick Nastrini,2024,277,-0.0006881471063525236,0.0343845997061958,-0.00041740693517914175
664854,Ryan Helsley,2025,454,-0.000541736653619795,0.03135578520658926,-0.00037978205912818786
621121,Lance McCullers Jr.,2025,429,-0.0004963328413774551,0.04085794520954911,-0.00032951125194399393
642232,Ryan Yarbrough,2025,432,-0.0004824340721460347,0.03787987471739751,-0.0003178260730344445
669373,Tarik Skubal,2025,1481,-0.00034702770173248903,0.028871648106409426,-0.00029949521032879354
676534,Calvin Faucher,2024,400,-0.00046924305708808913,0.038639903795428816,-0.000293808558727113
453286,Max Scherzer,2024,341,-0.00048582665889013247,0.030843938018022616,-0.00028145187958848343
571656,Buck Farmer,2024,467,-0.00041706283151194366,0.03683205192021378,-0.00026887995364949295
666157,Nick Lodolo,2025,1168,-0.0003249816568708679,0.03858895533606817,-0.000265835552122537
656945,Tanner Scott,2024,532,-0.0003916468343957295,0.02991934737349868,-0.00026206844002380587
642397,Gregory Soto,2024,391,-0.00043506786114218715,0.03550997376676586,-0.00025906167150328943
670059,Colin Holderman,2025,216,-0.000576949377414922,0.03647787899539364,-0.0002584551173956803
675627,Michael Grove,2024,302,-0.0004858090276667488,0.03586018613204316,-0.0002580625178916514
641729,Joe Jiménez,2024,515,-0.00033151291708847814,0.028976426947598135,-0.00020219232397288275
571948,Hoby Milner,2025,470,-0.0003291606584384911,0.0427344841067961,-0.00018858743175778162
641712,Dakota Hudson,2024,528,-0.0003068045172640836,0.03744300119608619,-0.00018214872107567598
642397,Gregory Soto,2025,449,-0.0003248712699957636,0.03383946084262238,-0.000178591732818643
663776,Patrick Sandoval,2024,576,-0.0002916591854112323,0.03374390538986931,-0.0001776931100245843
669372,J.T. Ginn,2024,232,-0.00045756748325545023,0.03997438223086419,-0.00017505995193283088
592094,Jason Adam,2024,496,-0.00030129936744159054,0.034236452123786565,-0.00016958900292698298
686613,Hunter Brown,2025,1251,-0.00021626487213235814,0.03346601697460667,-0.00016421164661540525
685299,Tanner Gordon,2025,637,-0.00026423269641465174,0.030897700253004656,-0.0001621330054786153
623352,Josh Hader,2025,425,-0.00026285213000958236,0.026984640366552154,-0.00011422022605061556
663978,Chris Paddack,2024,663,-0.00019813102224813605,0.036466151730122465,-0.00010348571908970915
669302,Logan Gilbert,2025,998,-0.0001594425141627543,0.03522524488732399,-9.682717859802394e-05
666374,Matt Brash,2025,321,-0.00027904788098564933,0.039906954652017046,-8.572390262421794e-05
669920,Jason Alexander,2025,498,-0.00020793584530561868,0.03722725697082098,-8.349776939543983e-05
596133,Luke Weaver,2025,517,-0.00019554534869004552,0.025884644950334677,-7.622886492643819e-05
607455,Anthony Banda,2024,377,-0.00023362865054445218,0.035177030714289924,-7.058736915374676e-05
700669,Gordon Graceffo,2025,337,-0.00023735501980559737,0.036862496327136306,-5.658267816153337e-05
689147,Orion Kerkering,2025,424,-0.0001970189467870266,0.031782826124590054,-5.361231139130665e-05
668674,Lucas Erceg,2025,447,-0.00015681603767612342,0.03315976901123861,-2.3422743424403994e-05
689266,Dylan Dodd,2025,277,-0.0002074162152341144,0.0316546574906915,3.983627414308406e-06
683232,Nick Mears,2025,425,-0.00012690817115797572,0.03246614653809632,1.0295473318374209e-05
502085,David Robertson,2024,473,-5.8537606235385635e-05,0.034740187025132846,6.059457393833015e-05
642547,Freddy Peralta,2024,1308,1.9469838788841603e-05,0.031790180934825385,6.249387159901302e-05
596001,Jakob Junis,2025,426,-5.8689841592889216e-05,0.03521558971323102,7.249623925294747e-05
607536,Kyle Freeland,2024,776,4.978161342795995e-06,0.035138115763202915,7.677993383960961e-05
695505,Chase Burns,2025,384,-4.1684781771905766e-05,0.028345841248995664,0.00010095853971924494
621389,Ty Blach,2024,531,1.6418274583673172e-05,0.037221407098529904,0.00011829894253850202
669724,Brenan Hanifee,2024,208,-9.033568179945645e-05,0.03350589206716618,0.00016162817465254067
622072,Alex Wood,2024,215,-3.882584226969084e-05,0.03904523934075894,0.00019828409647129692
472610,Luis García,2024,396,0.00010245192428148541,0.031735218590179325,0.0002282355462020865
623352,Josh Hader,2024,550,0.00015285273908019692,0.025029640304191917,0.00024241155320792884
623167,Chris Flexen,2024,1209,0.0002018207098292499,0.031374580178260975,0.0002425582014994393
702352,Spencer Bivens,2024,337,0.00010412987883190351,0.036698693600990845,0.0002494763738307683
674072,Tommy Henry,2024,270,7.543124505807453e-05,0.03513720410945971,0.0002559150068750984
676477,Garrett Whitlock,2025,587,0.00017430351541509903,0.034003143969996215,0.0002572323562407208
593958,Eduardo Rodriguez,2025,1142,0.00024796290242600904,0.03277800925036138,0.0002894874626632947
650893,Génesis Cabrera,2025,324,0.00016166486084722443,0.03175075347725022,0.00030603403420332805
686580,Justin Slaten,2024,384,0.00019523511075079163,0.03349898484075946,0.000316031087307483
592773,Ryne Stanek,2024,469,0.00023453041996882674,0.027333670742357832,0.00033209747735759627
662253,Andrés Muñoz,2025,442,0.0002558859044946951,0.0352501570426517,0.0003571977968730445
607625,Seth Lugo,2024,1325,0.00034097100614792887,0.03831469467038122,0.00037426468516805675
674285,Eduardo Salazar,2024,211,0.00016575365628525277,0.03495018411687241,0.0003747378619474828
689672,Drew Thorpe,2024,320,0.0002559396157419878,0.02852677050495904,0.0003916740916556272
664208,Phil Maton,2025,435,0.00030835246220297014,0.04227192823793297,0.0004068428977386107
656876,Drew Rasmussen,2024,208,0.00021493832881249158,0.02610757932243053,0.0004186935198233173
687863,Porter Hodge,2024,268,0.00027527226824674834,0.031802319117900935,0.0004315407239078566
678606,José A. Ferrer,2025,568,0.0003696940281756979,0.03649686932492595,0.0004426625405981242
547973,Aroldis Chapman,2024,459,0.00037658032758149026,0.026506904263836454,0.00046498024808094607
680730,Mitchell Parker,2024,1160,0.0004327873510991308,0.03284116960730773,0.00046767564722288095
669711,Greg Weissert,2025,477,0.00038730155568314034,0.03447915091180021,0.0004718073372256499
688138,Logan Evans,2025,575,0.00040622566829209155,0.03866204207774218,0.0004760414864477703
677958,Kumar Rocker,2025,521,0.0004118357693664538,0.0354377464387404,0.0004879929697447203
669674,Sam Long,2024,312,0.00037913730714434656,0.035908371109327014,0.00050427450035352
640448,Kyle Finnegan,2025,400,0.0004147568694551636,0.02975712755230689,0.0005116451125749602
571946,Shelby Miller,2025,337,0.0003992079327026199,0.028579166718367317,0.0005139428547549325
642520,Gerson Garabito,2024,205,0.000325876441415333,0.03285712787455646,0.0005144020788741799
650633,Michael King,2025,503,0.0004672112493010794,0.0365371839202663,0.0005419123556273735
606930,Jacob Barnes,2024,527,0.00047915651717509285,0.02776022899557359,0.0005498669002382537
621111,Walker Buehler,2025,931,0.0005327129246715519,0.03479040725751711,0.000571819335600278
688158,David Morgan,2025,359,0.00048338876261342826,0.034729262980068766,0.00058353141702005
669721,Davis Daniel,2024,228,0.0004414041855739505,0.03210597645523049,0.0005968127218056803
660787,Yerry De los Santos,2025,262,0.00048334808749049795,0.035015914922946555,0.0006157671250331935
605288,Adrian Houser,2025,869,0.0005798705376999392,0.036299098110638785,0.0006196213383009024
656945,Tanner Scott,2025,516,0.0005728588233354518,0.028668518691113497,0.0006383850368173849
608566,Germán Márquez,2025,933,0.0006140840082751839,0.03260336156674517,0.000649844485255134
543101,Anthony DeSclafani,2025,273,0.0005518606879872302,0.03688258338256243,0.0006710457527712892
615698,Cal Quantrill,2024,1041,0.0006407227255913458,0.03431409022766303,0.0006719450536101664
669467,Andre Pallante,2025,1158,0.0006599434957657216,0.036036558061714755,0.0006874876830091592
694462,Hurston Waldrep,2025,361,0.000642589056934388,0.03713896777043738,0.0007267063879351506
593423,Frankie Montas,2024,1165,0.0007247310382751112,0.031210184030501832,0.0007500161105498334
682610,Roddery Muñoz,2024,636,0.0007074029125748764,0.03131777741385998,0.000753505132957566
669854,Ronel Blanco,2025,355,0.0006723786478247037,0.03171644315139505,0.0007548277228122181
671096,Andrew Abbott,2025,1261,0.0007573229540133394,0.03023184265672773,0.0007797628984531381
673929,Jordan Leasure,2025,518,0.000725814602995406,0.028732775915154933,0.0007803940444848587
579328,Yusei Kikuchi,2024,1262,0.0007585161978024277,0.03312465160160562,0.000780903117895221
681869,Shawn Dubin,2025,227,0.0006678501976207689,0.0378482754228,0.0007906369902798548
680742,Jonathan Bowlan,2025,318,0.0007607151303680465,0.03169808220496472,0.0008420573814250364
519326,Hunter Strickland,2024,510,0.0008012631712446792,0.03544762152633299,0.0008512772760524423
682052,Jacob Lopez,2025,722,0.000832864478265108,0.03469537739682597,0.0008673259458380138
685107,Anthony Veneziano,2025,220,0.0007724657018327848,0.03227930098980095,0.0008828155759368036
690928,Hunter Dobbins,2025,411,0.0008371294087281007,0.03632892768793185,0.0008950375080163117
820862,José Fermin,2025,270,0.0008084572260944071,0.030136237160579407,0.0008964081966996816
671106,Logan Allen,2024,660,0.0008638129633592939,0.03259015644051183,0.0008996040264715101
655889,Manuel Rodríguez,2024,272,0.0008243163331639355,0.03421010930908856,0.0009097126315240694
663978,Chris Paddack,2025,1226,0.0009071439241746815,0.03270403723074166,0.0009255849188544959
678226,Daysbel Hernández,2025,291,0.0008503561757951026,0.03222564479515735,0.0009277578872659036
667725,Kyle Tyler,2024,231,0.0008324287055334009,0.04035631881209872,0.0009296202710670904
670124,Adam Oller,2024,290,0.0008524438123488032,0.03536851735405852,0.0009298332712914844
656234,Jake Bird,2024,246,0.0008503470853864341,0.0375857499740387,0.0009399710546151532
701519,Travis Adams,2025,293,0.0008755181896241518,0.030900329693489242,0.000949497374748503
547179,Michael Lorenzen,2024,882,0.0009298068823651772,0.033997796867409606,0.0009541758255828657
663460,Kris Bubic,2025,813,0.0009632114448642144,0.03645962183149585,0.000988024560650167
687888,Brandon Walter,2025,389,0.0009936112678728217,0.03591539969003165,0.0010402346440742786
543243,Sonny Gray,2024,1101,0.0010323764470882772,0.039854905943770884,0.0010485544321958877
605288,Adrian Houser,2024,460,0.0010153623524111028,0.03846124369223947,0.0010536517631390336
687064,Brandon Young,2025,423,0.0010227479151289011,0.034248858894442846,0.0010634801837974533
672456,Keider Montero,2025,660,0.00103947088254159,0.03533100386358331,0.001065459577992842
661403,Emmanuel Clase,2025,378,0.0010446422720077162,0.027220060842992656,0.0010877220163122447
676263,Jack Dreyer,2025,541,0.0010587385285114877,0.031019363372130408,0.0010887635144771384
593958,Eduardo Rodriguez,2024,377,0.0010496061006103825,0.03051108280508175,0.0010923239632794578
621237,José Alvarado,2024,432,0.0010727134584656952,0.02596938754272971,0.0011085294394432106
673380,Dedniel Núñez,2024,260,0.0010689082835474498,0.030664935816926857,0.0011258233475571605
518585,Fernando Cruz,2024,468,0.0011295377652188459,0.032304094312390154,0.0011584387891474647
656794,Sean Newcomb,2025,670,0.001142577766773995,0.03336278796885615,0.0011625273148484574
542881,Tyler Anderson,2024,1301,0.001153849791687679,0.02653999838897103,0.0011640771121623453
683232,Nick Mears,2024,436,0.0011532238497713283,0.03122145701115389,0.0011821267781859852
701542,Will Warren,2025,1133,0.0011911017678961563,0.035661528393165914,0.0012015552764901446
663485,Cole Sands,2025,520,0.0012036837005132558,0.03349252934977231,0.0012247224297065368
650556,Bryan Abreu,2025,509,0.001214391456704638,0.037248283044143515,0.0012350903113663644
674003,Cody Bradford,2024,505,0.0012177903127776855,0.029648527683584034,0.0012383976530631548
650556,Bryan Abreu,2024,512,0.001237302900075821,0.03640157505485555,0.0012562670985088275
621345,A.J. Minter,2024,240,0.0012340539597121703,0.029462765546228432,0.0012719602996108012
458677,Justin Wilson,2025,396,0.0012517712624299053,0.026948363418511572,0.0012744951147165508
572955,Pierce Johnson,2025,401,0.001253865478105827,0.04319649186892129,0.0012761454540856348
676428,Brant Hurter,2025,428,0.001255488729088935,0.03625764569075296,0.0012763450057561975
605154,John Brebbia,2024,453,0.0012778933143197595,0.031093733632003066,0.0012959135607660682
683003,Jared Jones,2024,875,0.0012944052747037016,0.03026676795935086,0.0013034008335642588
686701,Ryan Bergert,2025,577,0.0013137714572445621,0.03318548412409846,0.0013258923946971087
663568,Stephen Kolek,2025,753,0.0013203669945579023,0.03694505369372614,0.0013294695775338844
669622,Anthony Bender,2024,357,0.0013148661322864837,0.03754715673327561,0.0013336129743659493
672710,Roansy Contreras,2024,446,0.0013314619050800666,0.03165523152590738,0.0013454339237853636
663903,Brady Singer,2025,1191,0.0013440843397804548,0.036138491674893976,0.0013491933861264605
592155,Cam Booser,2024,345,0.0013366978529237986,0.032665388022218245,0.0013538128703127815
700249,Cade Povich,2025,796,0.0013493985967019332,0.03758632486211642,0.001356676221875093
656464,Kevin Ginkel,2025,208,0.0013361471268263088,0.029450625748561172,0.0013628417822062297
660853,Enyel De Los Santos,2024,521,0.0013630394035212233,0.02928405770488684,0.0013729406682618937
592662,Robbie Ray,2024,260,0.001357760099932805,0.02800110522896439,0.0013769927817754892
605488,Jeffrey Springs,2025,1249,0.0014061832755600029,0.03285023776412873,0.0014091815953398363
678495,Randy Rodríguez,2024,375,0.001437299782503615,0.03392188932102949,0.001443696022088814
608331,Max Fried,2024,1148,0.001465073337606679,0.03813464096370053,0.0014663915438910982
663465,Kolby Allard,2024,201,0.0014756158442661396,0.030738476345184864,0.0014804218939048245
519242,Chris Sale,2025,894,0.0014801947317199368,0.036504477380060706,0.0014812396078241704
542881,Tyler Anderson,2025,1073,0.0014809107670541784,0.024880762087557618,0.0014817623320337989
600986,Thyago Vieira,2024,294,0.0014997276737890993,0.027520334822332602,0.0015003671534199647
676106,Emerson Hancock,2024,450,0.001527866031611561,0.032343291141222995,0.0015260569630790686
657571,Caleb Ferguson,2024,407,0.0015341760638371298,0.033861524184456426,0.00153164071397371
681869,Shawn Dubin,2024,339,0.001535519625124963,0.03914822271700648,0.001532389544887227
669373,Tarik Skubal,2024,1318,0.001542962481999344,0.030038233037597246,0.0015418766233636885
669212,Eli Morgan,2024,307,0.0015490875397821116,0.030835459464312903,0.0015441383960423096
677161,Zack Kelly,2025,267,0.0015821184202802873,0.03261269221656012,0.001572311847535953
663992,Richard Lovelady,2024,243,0.0015952703153290142,0.03662436671262637,0.0015828099930627686
656464,Kevin Ginkel,2024,518,0.0015997721336655046,0.0327002131869528,0.001593148334106955
663399,Brandon Waddell,2025,228,0.0016105996484426259,0.03466174354689329,0.0015951998573341458
641941,Emilio Pagán,2025,533,0.0016091673696660435,0.026782590008105792,0.0016020765743016692
671106,Logan Allen,2025,1107,0.0016074149778191906,0.03224391008157432,0.001603935392241396
661527,Seth Martinez,2024,343,0.0016154947499741768,0.037988392927694216,0.0016042310894538645
683769,Hunter Gaddis,2025,491,0.0016127780958583816,0.02961165836649978,0.0016048596555914957
663158,Robert Suarez,2025,552,0.001626992156276892,0.02195082297963717,0.0016189528612892646
595014,Blake Treinen,2025,214,0.0016819314919717247,0.03407997811975897,0.0016546820251424838
656546,Jeff Hoffman,2025,512,0.0016741530551359607,0.03010626993311421,0.0016621915120697685
664199,Taylor Clarke,2025,386,0.0016781758409543724,0.033107104536236075,0.001662298900599375
642701,Dennis Santana,2025,489,0.0016869096892900394,0.031075330079247666,0.001673484688517989
663554,Casey Mize,2025,1110,0.0016844603565011836,0.03283876607866766,0.0016783742714772923
547179,Michael Lorenzen,2025,1035,0.0017020216141331662,0.03588800147891564,0.0016948727130842575
670102,Bowden Francis,2025,500,0.001718713589585609,0.02956589974297791,0.001703260960151393
669060,Bryse Wilson,2025,380,0.0017357692353942903,0.03441222798081939,0.001714303323487647
675512,Troy Melton,2025,302,0.0017522819306033334,0.03359772679912518,0.0017240171732481268
640451,Hunter Harvey,2024,403,0.0017479521173567444,0.029351600330476336,0.0017265280502755155
805673,Zebby Matthews,2025,655,0.00174495037908501,0.0296939232781005,0.0017314742904258025
622554,Seranthony Domínguez,2025,459,0.0017520440845124044,0.03064140869923002,0.0017327086047071668
677960,Ryan Weathers,2025,303,0.001770015373651158,0.032878434641097284,0.0017398106940033657
608379,Michael Wacha,2024,1149,0.0017549809070794668,0.03217760745205942,0.0017467791339317415
701581,David Festa,2025,422,0.0017704065817015688,0.02964715620621202,0.0017479655483693417
663738,Daniel Lynch IV,2025,440,0.0017847839377681627,0.03500707477692727,0.0017620153895846
665152,Dean Kremer,2025,1259,0.0018003333172517894,0.032214292722964284,0.0017914636926290176
656234,Jake Bird,2025,384,0.0018206132763717462,0.039134021144424117,0.0017915265349550712
693312,Kyle Nicolas,2025,296,0.001829454741012382,0.03141660618477562,0.001791697994812969
669387,Carmen Mlodzinski,2025,696,0.0018187476256978296,0.03448062159894466,0.001802106799102424
656641,Jacob Latz,2024,342,0.001836890378729013,0.028073372696349103,0.0018029308489157059
670059,Colin Holderman,2024,367,0.001835546727787541,0.032622578937511894,0.0018038073563749625
669724,Brenan Hanifee,2025,409,0.0018455428529141824,0.037609544024506614,0.0018159086543700668
543056,Danny Coulombe,2025,337,0.0018549835953844459,0.03416499406637003,0.001818695483675241
656641,Jacob Latz,2025,644,0.0018400486860405646,0.02941560981664998,0.0018209244040300544
694350,Zach Brzykcy,2025,221,0.0018855024824696602,0.028318267569537297,0.0018284461866202061
669211,Keegan Akin,2025,505,0.0018744491693912925,0.029037217938599667,0.001847971782389443
688297,Chris Roycroft,2024,248,0.001902746276444732,0.03786646133756276,0.0018487139034264318
700241,Michael McGreevy,2025,631,0.0018810264838861653,0.03835831978104775,0.0018591454475002636
676617,Riley O'Brien,2025,314,0.0019355188925279671,0.0365676439029646,0.0018879673169519677
677952,Braxton Ashcraft,2025,530,0.001919921165315382,0.03353732180103906,0.0018914898468242545
669062,Erik Miller,2025,214,0.0019697734692326,0.035055595316682425,0.0018981461645707306
686730,Carson Spiers,2024,697,0.0019326129978955975,0.03389139926430547,0.0019099600972173982
641927,Bailey Ober,2025,1157,0.00193537025670196,0.03299674384600845,0.001921340030895559
607259,Nick Martinez,2024,968,0.0019421514971413758,0.02922558070388002,0.0019252253338222897
663455,Konnor Pilkington,2025,217,0.0020308464024906417,0.03116817520629753,0.0019507529186024797
642585,Félix Bautista,2025,267,0.002040196209473972,0.020967861431019745,0.001971997753379067
523260,Joe Kelly,2024,210,0.002091661898952339,0.03667735585369942,0.0019997900519957276
663765,Jake Woodford,2024,262,0.002086882082361824,0.03883075887744897,0.0020115008149101526
621053,Tyler Ferguson,2025,423,0.002077062745308628,0.03061726536400968,0.002028779342775567
621053,Tyler Ferguson,2024,371,0.002089782584081548,0.03181950007012053,0.0020341654023094233
669467,Andre Pallante,2024,787,0.0020630419933637084,0.032968990301832694,0.0020366979500788915
670167,John Schreiber,2024,350,0.0021064501867514036,0.04000862786869215,0.0020461592676506036
669211,Keegan Akin,2024,526,0.0021122474309387073,0.02744498622198041,0.002070336927536383
669022,MacKenzie Gore,2024,1385,0.0021031117387548008,0.028596811490628354,0.0020867330444601334
682842,Abner Uribe,2025,492,0.002163663684749346,0.03362281884183876,0.0021152927006795517
686752,Ryan Pepiot,2024,920,0.0021853582808470827,0.028297475422606716,0.002157692600371486
687830,Sawyer Gipson-Long,2025,227,0.0022784057817316987,0.03616068288191094,0.002165021221714906
622491,Luis Castillo,2024,1283,0.002200076678678602,0.03301855657146198,0.0021795732271701553
607067,Colin Rea,2024,1139,0.002214274399327321,0.03529635315636196,0.0021907944715456097
548389,Ross Stripling,2024,564,0.0022392056105498596,0.02824178815080255,0.00219172355604725
687330,Kevin Kelly,2024,435,0.0022785131064544774,0.03867416109424968,0.0022148742073671655
677161,Zack Kelly,2024,418,0.0022877684602534646,0.034856661490118096,0.002220972309389273
657514,Brennan Bernardino,2025,340,0.002307603821922943,0.03738048846044815,0.0022250195231407013
676272,Bobby Miller,2024,413,0.0023101032058983257,0.03507032523031015,0.0022406407327271774
676083,Janson Junk,2025,804,0.0022876903284913216,0.03257267167326798,0.0022514827201322693
663474,Triston McKenzie,2024,479,0.0023197428050675418,0.03195691190917343,0.002258404754189696
668909,Gavin Williams,2025,1261,0.0022886031206293526,0.035837052520564065,0.0022650964199202803
663554,Casey Mize,2024,831,0.002302046951369611,0.034044869190694556,0.0022663193316681414
669020,Ryan Rolison,2025,292,0.002403587485585885,0.04432563857109056,0.0022977163786082866
543037,Gerrit Cole,2024,704,0.0023472568198047287,0.03417607615910564,0.0023030489074195195
656222,Jalen Beeks,2025,425,0.00238608932977088,0.02850969480066804,0.0023120354254573504
608331,Max Fried,2025,1403,0.002337104883300436,0.03739638944639771,0.0023146009743602015
660271,Shohei Ohtani,2025,356,0.00240558217819325,0.03153525292224531,0.002316667580479429
615698,Cal Quantrill,2025,875,0.002364778066939498,0.03335607091881051,0.0023280931783626435
676961,Caleb Boushley,2025,300,0.00244459267036415,0.03213769922985521,0.0023365017608203906
641927,Bailey Ober,2024,1313,0.002368647958857599,0.03276703889681381,0.0023437359568165817
669461,Matthew Liberatore,2025,1083,0.0023753704356661003,0.034053398868643954,0.0023451180173752095
676979,Garrett Crochet,2025,1519,0.0023731841596946034,0.03158850739306309,0.0023514524560724367
669438,Mason Englert,2025,338,0.002449781595908056,0.03679099249925019,0.0023520487084920856
605463,Tayler Scott,2025,211,0.002509496916265124,0.03769021779284544,0.0023528001103897563
661403,Emmanuel Clase,2024,506,0.00242292995284642,0.026286772408927343,0.002357245325407312
669022,MacKenzie Gore,2025,1322,0.002405355161767011,0.034252929511058024,0.002379555848023251
657024,Erik Swanson,2024,315,0.002498341551750336,0.029995242380535733,0.002388908210892538
666171,Ryan Zeferjahn,2025,428,0.0024943207055466918,0.03539366326918142,0.0024117023885169933
543294,Kyle Hendricks,2025,1170,0.0024448695453583033,0.031600413520719184,0.0024145517791421996
592836,Taijuan Walker,2025,874,0.0024576138972699033,0.032754248791189614,0.0024169225213908586
554430,Zack Wheeler,2024,1461,0.0024567854292827434,0.03304976605337143,0.0024320394126502204
656546,Jeff Hoffman,2024,454,0.0025133040581417515,0.032040555306124395,0.0024335408486029853
656730,Trevor Megill,2024,308,0.0025530485054286426,0.024602259752504595,0.002435257992083384
663372,Ryan Feltner,2025,231,0.0026197650955040656,0.03841806730396142,0.0024587450046462548
518617,Jake Diekman,2024,228,0.0026295035764636763,0.030187893402020133,0.0024652516206036864
670970,Adrian Morejon,2024,473,0.0025467632612278085,0.03460501057314776,0.002467410887218032
665152,Dean Kremer,2024,912,0.002513027071993016,0.032155991470343835,0.002471688759727212
695076,Rhett Lowder,2024,224,0.0026445018879074638,0.035784544887470356,0.002475527437451534
663738,Daniel Lynch IV,2024,275,0.002613488946081158,0.0321257263567235,0.0024758113098201215
670950,Trevor Richards,2024,464,0.0025808277217877584,0.030361422044083944,0.0024974139129685484
669854,Ronel Blanco,2024,1153,0.002539898079497624,0.028151255691557936,0.0025060382204497383
595345,Steven Okert,2024,247,0.002672344974515433,0.035418373948404046,0.002513161644918341
641672,Thomas Hatch,2025,274,0.002706999182543087,0.029147250636186395,0.002557228370446647
621363,Colin Poche,2024,235,0.0027434005660429304,0.02900367684003283,0.0025671305311638654
687863,Porter Hodge,2025,267,0.0027470732451746346,0.03405683170243091,0.0025887680814733987
592791,Jameson Taillon,2025,891,0.0026521939593855516,0.03363877640705112,0.0026040851438875407
640462,A.J. Puk,2024,521,0.0027001483584872593,0.03357698209052788,0.002616913514744278
579328,Yusei Kikuchi,2025,1421,0.002687519899309053,0.03471376842644488,0.0026559313486351124
669060,Bryse Wilson,2024,746,0.002736981177124809,0.03406467996967169,0.0026757730027090402
800049,Adam Mazur,2025,234,0.0029022433594428332,0.03593023571278242,0.002702632239534197
663436,Davis Martin,2025,1082,0.0027509643971462125,0.03333953452079368,0.0027076156084348425
681293,Spencer Arrighetti,2025,251,0.002896541383565278,0.038315227267621335,0.002709398254350809
605397,Joe Musgrove,2024,641,0.0028000773451467135,0.03816348623017319,0.0027257986271275506
656731,Tylor Megill,2024,603,0.0028153473403894685,0.031006197566848293,0.002735744334477101
702070,Noah Cameron,2025,959,0.0028361941682679224,0.035865923901333904,0.002784171617827448
592662,Robbie Ray,2025,1435,0.002828839844029977,0.025649181340914776,0.0027938115155245074
621051,Steven Wilson,2025,437,0.002909286318212717,0.034514276977315794,0.0027942250331445028
671737,Taj Bradley,2024,1105,0.002866410797168279,0.028849293103329097,0.0028199971501055815
571946,Shelby Miller,2024,365,0.0029626974476117075,0.028901215577640686,0.002821973670726442
660853,Enyel De Los Santos,2025,534,0.0029251580993180284,0.028911633558142753,0.002828494193028204
805123,AJ Blubaugh,2025,220,0.0030795861728919794,0.028736539884097242,0.0028424772384560864
621051,Steven Wilson,2024,254,0.003093250450048888,0.028062894678609444,0.0028818360995938323
656605,Mitch Keller,2025,1315,0.0029316867202954827,0.035224473221109186,0.002890591090780144
657571,Caleb Ferguson,2025,452,0.0030242642264238784,0.03328919489997896,0.0029035837807908933
676282,Joey Cantillo,2025,661,0.0030000612358910355,0.03492463618617572,0.0029167608398800353
686613,Hunter Brown,2024,1208,0.0029779421577658186,0.0300063019058642,0.002931873399023004
678606,Jose A. Ferrer,2024,226,0.0031847840543908768,0.032261200268047435,0.002937559084105166
684007,Shota Imanaga,2025,1112,0.002991214719462687,0.030395830199302157,0.0029408537839068034
669093,Jeremiah Estrada,2024,496,0.0030699341267532345,0.0228177490421641,0.002955848889643786
596001,Jakob Junis,2024,403,0.003101676606230059,0.037622419014891474,0.002960786121704336
671096,Andrew Abbott,2024,1007,0.003021639593600742,0.02942320326945785,0.002965088750676937
554430,Zack Wheeler,2025,1136,0.003028312560259994,0.03355149361783234,0.0029777487145566614
696149,Bubba Chandler,2025,218,0.0032684017630010805,0.030330628152195515,0.0030007902307704567
608723,Austin Voth,2024,423,0.003154466968754852,0.03682846180167431,0.0030152184603917144
669622,Anthony Bender,2025,307,0.0032505883769976397,0.03693634599632041,0.003053820099022263
671345,Jason Foley,2024,407,0.0032068236185260634,0.0364348803245412,0.0030580006841104033
605463,Tayler Scott,2024,464,0.0032167325158140993,0.03678737911158152,0.0030840055510224585
681676,Ryan Fernandez,2025,239,0.0033441695018847323,0.03194664090223011,0.003086141727953023
676702,Hunter Stratton,2024,268,0.0033173909964143936,0.027203082614006814,0.0030871389878414615
681402,Gus Varland,2024,204,0.003393413612701053,0.029358364036124806,0.0030903178448289433
664126,Pete Fairbanks,2024,276,0.0033206740128299875,0.0327025267049429,0.003095863005879063
669461,Matthew Liberatore,2024,628,0.0031966365094988694,0.030484651553676176,0.0030977189413660404
656271,Brock Burke,2024,275,0.003329084254355873,0.027195943945540542,0.003102512551918156
681190,Randy Vásquez,2024,759,0.0031951049291291853,0.03192208006700839,0.0031125004267307456
676962,Ben Brown,2024,343,0.0033005770983646574,0.029356772293106764,0.0031172476696967022
663671,Nic Enright,2025,257,0.0033863759521074225,0.02274422398285444,0.0031384767961913397
676467,Colton Gordon,2025,694,0.0032371155920609546,0.0298684073694045,0.0031449504586403927
607200,Erick Fedde,2025,977,0.0032198958592163348,0.03383590548671141,0.0031540636358498167
434378,Justin Verlander,2024,732,0.0032535743487521187,0.02980443699459949,0.0031651189923795025
506433,Yu Darvish,2025,501,0.0033206218534405454,0.03648702013824577,0.0031894846160877227
655889,Manuel Rodríguez,2025,202,0.003515378418318109,0.03510686659820597,0.003190027305809326
543339,Daniel Hudson,2024,457,0.0033429519624108644,0.0291089608461534,0.0031984256581709804
690986,Kyle Harrison,2025,277,0.003439494554903317,0.034172696062167524,0.0032007280213122253
641703,Brent Honeywell,2024,209,0.0035304244892613735,0.028055659081796126,0.003211889922510743
672282,Reid Detmers,2024,672,0.0033149372920201533,0.03087615238416318,0.0032156509362028483
661395,Jhoan Duran,2025,538,0.003340930986735598,0.03367889858323472,0.003216829840145931
592791,Jameson Taillon,2024,1130,0.0032839312590722063,0.034541804825955744,0.0032245784548923778
675540,Xzavion Curry,2024,307,0.0034523511117177403,0.033675837012727874,0.0032328370599828005
670174,Josh Winckowski,2024,523,0.003364674350490145,0.033955453565067614,0.0032356129835287256
641941,Emilio Pagán,2024,279,0.0034912108005260524,0.027022242872166258,0.0032476023217506297
641816,Tyler Mahle,2025,661,0.003360175463976258,0.028430007897946447,0.0032568080575237955
670329,Rico Garcia,2025,264,0.003517270791613839,0.029061039590773028,0.0032582479774908575
684320,Yariel Rodríguez,2025,489,0.0033996743048996664,0.03387479369102517,0.00325971661495801
695243,Mason Miller,2025,443,0.003414654207146301,0.028408429570395945,0.0032601274863164062
607192,Tyler Glasnow,2024,821,0.003371516501475243,0.034645609791894405,0.0032868656854819953
676962,Ben Brown,2025,781,0.003382636009601814,0.03269502669905885,0.003293326974028872
687922,Easton Lucas,2025,214,0.0036343902673013763,0.026691332490885306,0.003306121818699566
660825,Eduard Bazardo,2025,503,0.003474599196180311,0.036300510149556424,0.003332864401734724
642232,Ryan Yarbrough,2024,590,0.0034669307464418693,0.0357170754505539,0.0033452752956361046
668881,Hunter Greene,2025,876,0.003433795575795226,0.026390459501888848,0.0033515780322358633
690829,Ben Joyce,2024,250,0.003646078486293938,0.03456530732034122,0.003357123033502574
592836,Taijuan Walker,2024,566,0.0034907076740244617,0.034325216593448823,0.0033626932866678526
641540,Dane Dunning,2024,683,0.003487233118393914,0.03539704066405072,0.0033801509541480637
682254,Mason Montgomery,2025,411,0.0035736335417258314,0.024798949580396017,0.003394337894144998
502624,Chase Anderson,2024,424,0.0035949423143451353,0.03414334864379294,0.00341888559602751
676684,Will Vest,2024,527,0.003564133752095094,0.029269445315687245,0.0034222384326005727
669194,Ryne Nelson,2025,1175,0.0034960609018908732,0.025472569618274914,0.0034320922192374584
641793,Zack Littell,2024,1157,0.003517925731359659,0.03278373368641238,0.0034522812040243076
663436,Davis Martin,2024,407,0.0036923706930226813,0.03426437468700345,0.003501082441561957
547184,Michael Kelly,2025,255,0.003830550849937079,0.03552083077557402,0.0035220347364041745
681347,Mike Burrows,2025,676,0.0036491106174369845,0.030901396935723035,0.0035321488814171512
669160,Dustin May,2025,919,0.0036292272865945546,0.03629921779681984,0.003542742664722448
595014,Blake Treinen,2024,324,0.0038090537322720596,0.03404533465962179,0.0035614900013070027
656222,Jalen Beeks,2024,494,0.003727000210587033,0.027493590716730996,0.003564400645885138
663423,Trent Thornton,2024,511,0.003755047370231452,0.034489628549202,0.0035954844040720305
676254,Ryan Walker,2024,471,0.003773830665639458,0.03632909806853804,0.003600316519055713
676106,Emerson Hancock,2025,679,0.003721280516584968,0.03556591731662577,0.0036008866961717493
681982,Grant Anderson,2024,207,0.00400096831179928,0.0349740443394234,0.0036052340905660687
666159,Matt Manning,2024,202,0.004024348256968044,0.02959011829754626,0.0036166199648533207
663765,Jake Woodford,2025,269,0.003949052173547135,0.03632008885463546,0.0036395517302690045
657649,Jared Koenig,2025,438,0.0038565481260896565,0.032573836341278875,0.003664265826474588
547973,Aroldis Chapman,2025,490,0.00385941982228114,0.021958721630355817,0.003685826611385482
663567,Peter Lambert,2024,433,0.00392747893764827,0.034145400784443065,0.0037272979775767007
684320,Yariel Rodríguez,2024,650,0.003865221887640301,0.0358112212679406,0.0037316116999567754
608650,Dietrich Enns,2025,380,0.0039785569931889125,0.02906465198672828,0.003748300170307629
669093,Jeremiah Estrada,2025,599,0.003896431083266763,0.022278879269366076,0.0037502324747463326
664076,Garrett Cleavinger,2025,395,0.003972384214729481,0.0338558708110151,0.0037506402347667217
657514,Brennan Bernardino,2024,357,0.0040077940749291725,0.0374899917321305,0.003761284103679187
685299,Tanner Gordon,2024,311,0.004053355346013028,0.02763271839609589,0.0037693699274357045
670955,Edwin Uceta,2024,329,0.004068272985083094,0.03095903927111044,0.0037965966786032623
687792,DJ Herz,2024,739,0.00392602247273866,0.02955041143752352,0.003804648219691491
592155,Cam Booser,2025,255,0.004157500914716409,0.03093866830097774,0.0038056069180431337
621242,Edwin Díaz,2024,403,0.004073458792914562,0.030321049598328265,0.0038468083643723137
605452,Joe Ross,2024,545,0.0040286768236772845,0.033038072504863854,0.00386012701431212
686799,Jack Kochanowicz,2024,436,0.004109079298417027,0.03793768996798082,0.003895249743704344
664350,Sixto Sánchez,2024,247,0.0042875926651003895,0.03487566436154522,0.003908113110696475
669923,George Kirby,2025,926,0.004010655580315401,0.0382533144472193,0.003909380331204444
676661,Max Lazar,2025,280,0.00428152941156747,0.03427520015236145,0.003942046871124417
607200,Erick Fedde,2024,1207,0.0040302711004928694,0.034989341622418214,0.003951221403513762
624522,Keegan Thompson,2024,231,0.004376529866013968,0.03557892682094676,0.003961714717981139
657612,Tim Hill,2025,455,0.004185571457558199,0.04450334039270602,0.003973926113211183
686563,Jonathan Cannon,2024,907,0.004093026549006251,0.03580740354160345,0.003986320800524077
641329,Bryan Baker,2025,542,0.004186497308914825,0.024143649117133525,0.0040064815720823824
661395,Jhoan Duran,2024,406,0.004250496999373769,0.033902237865362964,0.0040098562008000545
686539,Declan Cronin,2024,451,0.004231147241718145,0.0382544313393477,0.004014146127931203
643338,Chad Green,2025,347,0.004305237049541478,0.02598351367334704,0.004022283404602132
672282,Reid Detmers,2025,484,0.0042278961713953156,0.03286907505924185,0.004024829572806786
800049,Adam Mazur,2024,240,0.004439344129247542,0.03295946833827558,0.004029127884023986
571670,Dylan Floro,2024,387,0.004294691194562244,0.03397162433606419,0.00403927114499032
680767,Victor Vodnik,2024,480,0.004247577058882202,0.03181520197286254,0.004041466258001221
668881,Hunter Greene,2024,1158,0.004141004004737943,0.026476104122090057,0.004055109890332592
680732,Sean Burke,2025,1037,0.004207061091478129,0.03647533644655418,0.0041091132561646895
681343,Shane Smith,2025,1078,0.0042047736876596785,0.033311129644978475,0.004110500928432995
670955,Edwin Uceta,2025,610,0.00428426395941403,0.034777780260624,0.004117233387443329
669713,Hayden Wesneski,2025,228,0.004590034155022926,0.037062206856773736,0.0041393673442836594
641656,Ian Hamilton,2025,291,0.004506403995356569,0.02970119058929915,0.004151656871501359
671212,Joe Boyle,2024,317,0.004485458785151991,0.029748524699436615,0.0041589145716221364
642152,Lou Trivino,2025,368,0.004447803318316996,0.031678587976663,0.004165785563124082
687223,Carson Palmquist,2025,281,0.0045633301986086824,0.03204022009152525,0.004190558469369327
623167,Chris Flexen,2025,312,0.0045292321954619325,0.03357526668999986,0.0041931719388176025
672578,Carlos Hernández,2024,256,0.0046045663775374935,0.02868780193329336,0.004194752158623527
670990,Yohan Ramírez,2025,279,0.004593034272402283,0.03409044400682214,0.004214274576570105
806185,Hayden Birdsong,2025,484,0.00445668590125467,0.03147468339589202,0.004236555581006042
680730,Mitchell Parker,2025,1300,0.004328580461278813,0.03046789755820342,0.004246330934892981
621383,Tanner Banks,2024,517,0.004468708240351549,0.03039026768112432,0.0042607996008511995
690916,Richard Fitts,2025,363,0.004559142206526874,0.033110341853535584,0.004262813493175673
434378,Justin Verlander,2025,1206,0.00436452711487507,0.030947127309536266,0.004274941378602919
657649,Jared Koenig,2024,460,0.004515523101430265,0.031562823073863586,0.004280206221461483
621111,Walker Buehler,2024,572,0.004478287185624853,0.03312206575641983,0.00428848197765006
683004,Jack Leiter,2025,1164,0.004387902692027314,0.032637371387156194,0.004294431345619154
608379,Michael Wacha,2025,1216,0.004394350524246731,0.030425534378854077,0.004304551665144648
681293,Spencer Arrighetti,2024,1117,0.004403105145903996,0.03545454259334138,0.004305320540399791
677053,Andrew Nardi,2024,413,0.00462270110085818,0.028770282286221888,0.004353666598918188
642100,Gabe Speier,2025,452,0.004606628713667817,0.02937072368359075,0.004360240079891309
671305,Michel Otañez,2024,266,0.004781061601782628,0.026758995935679885,0.004362111715491017
673540,Kodai Senga,2025,545,0.0045688121788482255,0.0320336877311646,0.004364185461758643
596295,Austin Gomber,2025,465,0.0046190097189912245,0.03496669340743767,0.0043780180392170905
518886,Craig Kimbrel,2024,379,0.004674203982094281,0.03410234037247267,0.00437848057012551
663485,Cole Sands,2024,542,0.004588985399859167,0.03258717461803843,0.004381947729461816
607259,Nick Martinez,2025,1141,0.004500699808124778,0.02985252274204408,0.004401677866839547
668933,Graham Ashcraft,2024,574,0.004603446497559952,0.030840159385155413,0.00440629634272651
829272,Shinnosuke Ogasawara,2025,292,0.004803357211120957,0.03326099245359491,0.004414687654444972
682243,Bryce Miller,2024,1243,0.004512910461566188,0.028714307281145084,0.00442139544721082
445926,Jesse Chavez,2024,389,0.004726719362047458,0.032953121757800304,0.004433119174959513
607067,Colin Rea,2025,1139,0.004540483410159206,0.033336774378399985,0.004439976001499364
680755,Braydon Fisher,2025,338,0.004781186711960832,0.03926501049235034,0.004442233999875432
663432,Tanner Rainey,2024,412,0.004731257783565947,0.021591744046107947,0.004452237791557212
676440,Tanner Bibee,2025,1275,0.004543392353173686,0.03440294924274596,0.004453201126721483
663531,Logan Allen,2024,214,0.005016192194056403,0.03269767659165848,0.004474885388763583
682243,Bryce Miller,2025,756,0.0046356815134027205,0.030381471297710353,0.004482083076794957
676979,Garrett Crochet,2024,1122,0.004604919551129558,0.02760905631456429,0.00450077555855047
676508,Ben Casparius,2025,590,0.0047153591091406415,0.03532392072893743,0.004516283703749251
681870,Erik Sabrowski,2025,214,0.005070218126302861,0.02622937281066581,0.004520581910259026
681190,Randy Vásquez,2025,944,0.004653310901508978,0.03194310787651422,0.004528388584933485
663878,Nate Pearson,2024,439,0.0048164129465254665,0.03225891138236459,0.004546204274065749
680573,Simeon Woods Richardson,2024,1085,0.004682097513907063,0.030153722359059228,0.004571846954745031
666142,Cole Ragans,2025,504,0.004835803056412824,0.029548196139148955,0.004596546476692187
679525,Alec Marsh,2024,924,0.004737234958555658,0.03554176841160381,0.004606318824132139
660896,Jorge Alcala,2025,477,0.004876470065990051,0.028020742245074788,0.004621620226855943
681982,Grant Anderson,2025,519,0.004908795530072214,0.03555882948716962,0.004670867993752664
601713,Nick Pivetta,2024,1092,0.004793683227904194,0.033053372157659223,0.004680266558351573
681517,Kyle Leahy,2025,629,0.004883721689244091,0.03578450857990707,0.004686437560858736
622663,Luis Severino,2024,1317,0.004792492954666454,0.02618968756526137,0.0046979295623412526
605540,Brandon Woodruff,2025,462,0.005041331616106953,0.025319377727023876,0.004766015929826181
680573,Simeon Woods Richardson,2025,833,0.004927539797959053,0.03128546162826379,0.004774448813169277
663687,Hogan Harris,2024,502,0.005039826208888514,0.031444106274211264,0.004784974850891277
519043,Matt Moore,2024,376,0.005128900416006698,0.028962443335070587,0.004788301614207507
664208,Phil Maton,2024,442,0.005102537225888682,0.0408192951783429,0.004810810613276393
663623,Jake Irvin,2025,1315,0.004916298778522996,0.036696495251986636,0.0048180290198241394
571927,Steven Matz,2024,295,0.005262799610983767,0.03413057086265574,0.00482396479495708
676534,Calvin Faucher,2025,426,0.005132477307136413,0.037736656681468916,0.004828201416260512
657376,Clarke Schmidt,2024,577,0.005067236140692837,0.03395854275830093,0.004841677730048521
668390,Cole Winn,2025,265,0.005334767814044645,0.035133040280460645,0.00484339370683014
665622,Luis Medina,2024,325,0.005244639090901596,0.03166956822505977,0.004843917354178616
647336,Michael Soroka,2025,654,0.005045367182117285,0.03303924378584259,0.004846101491674958
678906,Kai-Wei Teng,2025,230,0.005431736336774681,0.03811597298479752,0.004862369653377558
663855,Jordan Hicks,2025,484,0.005140157282261138,0.033718816076849616,0.004869051922987348
672578,Carlos Hernández,2025,354,0.005245140094850533,0.026805785449271317,0.004873937886635139
458677,Justin Wilson,2024,403,0.005204718372972726,0.024503753238498256,0.00487823409319994
671737,Taj Bradley,2025,997,0.005013069184649225,0.026939364644120993,0.00488099220278978
608344,Cole Irvin,2024,766,0.005068601742670019,0.033067509077096734,0.004895933878411311
663158,Robert Suarez,2024,503,0.0051593220668325855,0.017784619473547425,0.004896341021985884
607625,Seth Lugo,2025,938,0.005053482606142177,0.03828742250816591,0.0049118161793801395
605347,Jorge López,2024,296,0.005365065799180154,0.033659749766945336,0.004915633348420937
683004,Jack Leiter,2024,304,0.005386525220059167,0.030914176295780908,0.004945134546063062
571760,Andrew Heaney,2025,906,0.005095556298851073,0.03370813230028777,0.004947356056231988
676664,JP Sears,2024,1265,0.005062993778475312,0.033557135465231466,0.004956567890886396
693855,Ian Seymour,2025,463,0.005259833783810719,0.02959283365522444,0.004968088364070781
671922,Cade Smith,2025,580,0.005214204537398396,0.028345434256794987,0.004980477963161065
661563,Luis Gil,2024,1102,0.005107438525706605,0.02880542465392268,0.0049842896190576014
672841,Carlos Vargas,2025,496,0.005263580385641046,0.032764141541275736,0.004989557071598582
554340,Yimi García,2024,280,0.0054761341616514185,0.02820083561597804,0.004990579059307601
680570,Grayson Rodriguez,2024,838,0.005164458186493091,0.03461086572333081,0.0050017024341121805
678022,Jack Perkins,2025,287,0.005478995889073254,0.0320423606554864,0.005003524176260208
670912,Johan Oviedo,2025,262,0.005548881760741538,0.03448230416556555,0.005024863550538035
669674,Sam Long,2025,338,0.005460075019942372,0.03478158061082237,0.0050508808395279105
656629,Michael Kopech,2024,465,0.0053501545562651,0.02144478252457959,0.005052576540070265
686826,Bryce Jarvis,2024,416,0.005403327820463941,0.02982120537926256,0.005069144970008698
681517,Kyle Leahy,2024,337,0.0054929521122378975,0.03456576341686093,0.005079258981178416
677955,Jaden Hill,2025,227,0.005700204084270628,0.032910704025859,0.005085048122094652
623433,Nick Anderson,2024,235,0.005686141473705611,0.03283498067313025,0.005090947726718006
676710,Kutter Crawford,2024,1335,0.005197720364556725,0.029531292649047653,0.005092891632797477
592773,Ryne Stanek,2025,529,0.005362619610281803,0.02564891068195754,0.0050977150630864354
664126,Pete Fairbanks,2025,459,0.005408938886555347,0.029357729298177284,0.005103171268218642
686218,Emmet Sheehan,2025,535,0.005388224582806878,0.027325199134799468,0.005124349027372971
573204,Caleb Thielbar,2024,392,0.005487335130374775,0.0339384453304498,0.005126940933467617
677944,Slade Cecconi,2025,902,0.005315244919100144,0.0326203337067814,0.005157308043824625
805673,Zebby Matthews,2024,338,0.005589837514512933,0.028548181239406514,0.005167217402254428
681911,Alex Vesia,2024,470,0.00550529710271582,0.021605879696028066,0.005198753028657524
691799,Grant Taylor,2025,268,0.005740847187367049,0.03186726653370369,0.005202679710766973
683769,Hunter Gaddis,2024,510,0.00551362331242978,0.029324073711913375,0.005228822087052799
668964,Tobias Myers,2025,401,0.005594706807918858,0.026663853398584788,0.00523216555071652
670280,David Bednar,2024,473,0.005622737176045655,0.02622997866247979,0.005309042074565343
693312,Kyle Nicolas,2024,395,0.005700053174540412,0.02915766447993654,0.00532303170727736
673929,Jordan Leasure,2024,238,0.005966740775811346,0.028920758213949606,0.005338479964785159
657424,Matt Gage,2025,227,0.00602240006253312,0.0348531134942738,0.005359997385767665
657612,Tim Hill,2024,453,0.005697831846330942,0.044176772549766354,0.005365431458570476
702352,Spencer Bivens,2025,603,0.00561731559668891,0.03345491635245797,0.005367470002072017
672782,Yoendrys Gómez,2025,489,0.0056876281723265976,0.0330295455109498,0.005378644947350469
686752,Ryan Pepiot,2025,1294,0.005499880295909903,0.027059769463454605,0.005382985316982819
682847,Luis L. Ortiz,2024,955,0.005555975734334667,0.03376433042303917,0.005397013128523134
682847,Luis L. Ortiz,2025,650,0.005642317558584271,0.03455762912537904,0.005408099501578323
573204,Caleb Thielbar,2025,395,0.005800868182273459,0.03154185130874561,0.005414785777153041
670102,Bowden Francis,2024,720,0.005687644529929851,0.029636371488231898,0.005472697943576437
687134,Bradley Blalock,2025,458,0.005811302542988424,0.03384678422888992,0.005473340518469786
674370,Osvaldo Bido,2024,479,0.005804938951434475,0.02954948540397799,0.005481157093349263
641771,Chad Kuhl,2024,389,0.0058896476978203835,0.03883360830989121,0.005490061931888825
571510,Matthew Boyd,2025,1347,0.005607586559253941,0.030906052651038442,0.005492130326691288
622608,Antonio Senzatela,2025,1007,0.005648461018131198,0.03196516022750004,0.005493951978584577
608337,Lucas Giolito,2025,1060,0.005644956652443807,0.026182150649931644,0.005498023245286525
678024,Mike Vasil,2025,664,0.005736095708602803,0.03935794487200673,0.005501338579774668
650644,Aaron Civale,2025,752,0.005729754587375688,0.03539827863842679,0.005521427023891773
676254,Ryan Walker,2025,409,0.005920610518290579,0.03766491237327916,0.005536167236309388
663423,Trent Thornton,2025,303,0.006063711416829114,0.03540948238690359,0.005543794515138009
664062,Tony Gonsolin,2025,243,0.006210742208036679,0.031195858985588323,0.005559870232245183
679358,Eric Orze,2025,320,0.006060449382160944,0.0364977704559508,0.005565506436165854
666205,Kyle Muller,2024,307,0.006090197782024797,0.03218415028019325,0.005573305407883308
665871,Javier Assad,2024,952,0.005746832999333478,0.033389492976848685,0.005579876811320539
657508,Mike Baumann,2024,468,0.005946110006872583,0.030997148930639772,0.005604442230185886
453286,Max Scherzer,2025,669,0.0058486278153462795,0.031151766133052445,0.005609328673324303
622491,Luis Castillo,2025,1425,0.005726285820468424,0.03248204634590657,0.0056138182746144375
621242,Edwin Díaz,2025,459,0.005981044788530001,0.030980020983390567,0.005630466059718495
455119,Chris Martin,2024,307,0.006156028690688518,0.025343924057684847,0.005631714852137713
622554,Seranthony Domínguez,2024,442,0.005997079243788881,0.028103821888837314,0.005632809872465062
607455,Anthony Banda,2025,500,0.006009387573230295,0.03661073721266269,0.005683424757852729
672391,Kaleb Ort,2025,349,0.006177230458859476,0.023202232841661282,0.005707539727043188
607192,Tyler Glasnow,2025,573,0.006048584592265033,0.034653009838485106,0.005759004222479995
675848,Juan Mejia,2025,479,0.0061113738480623155,0.028458447928031805,0.005764516691613756
676282,Joey Cantillo,2024,292,0.006336658985736065,0.0344676359088351,0.005767299023573672
544150,Albert Suárez,2024,1052,0.005927678203791952,0.02785682379754648,0.005769559126541953
670990,Yohan Ramírez,2024,265,0.006406052620385517,0.03669417162462638,0.005777221795418701
641302,Tyler Alexander,2025,730,0.006022997934414547,0.03277934853210042,0.005793835960606914
663941,Tristan Beck,2025,376,0.006257588679395233,0.040419886464311994,0.005810902607114202
640448,Kyle Finnegan,2024,514,0.006138647808135468,0.02552434573461321,0.005811819539364412
690986,Kyle Harrison,2024,873,0.0060272355067987424,0.03665047483431701,0.005833824200246731
668964,Tobias Myers,2024,1009,0.0060058993154465615,0.02605431465632309,0.005838381154208623
650644,Aaron Civale,2024,1112,0.00604438870815119,0.03422051298344857,0.005890556826671832
657746,Joe Ryan,2024,978,0.006071871954308686,0.03228650135756898,0.005896717198545302
647336,Michael Soroka,2024,555,0.006225918488434883,0.033435250673955794,0.005915917916183245
664299,Cristian Javier,2025,261,0.006583817928823398,0.028890984961805723,0.005923489686489797
669422,Matt Sauer,2025,242,0.006659655606888686,0.031106878433961635,0.005944152791349455
605447,Jordan Romano,2025,311,0.006501738970383216,0.039237860284286226,0.0059448888342371106
641482,Nestor Cortes,2024,1273,0.006085880996638711,0.026414725148078563,0.005949692641974027
669194,Ryne Nelson,2024,1139,0.006170425075930729,0.024187761342448086,0.006015945603751202
666661,Juan Morillo,2025,282,0.006670704777244936,0.02378133339840364,0.006043016547295284
572020,James Paxton,2024,707,0.006308069603895899,0.031822106759079934,0.006056936560405174
663687,Hogan Harris,2025,486,0.006427785823821739,0.030654143787844923,0.0060620444526613484
656605,Mitch Keller,2024,1212,0.00621216352214084,0.033407527896155906,0.006065396955976302
689017,Landon Knack,2025,337,0.006601529338923748,0.026525808798290734,0.00607283174651436
678368,Valente Bellozo,2025,629,0.006514416364768905,0.03193889574802871,0.00622191043077734
455119,Chris Martin,2025,334,0.006835926147043675,0.02990141803825349,0.006278464342001441
623437,Justin Topa,2025,433,0.006717432479172916,0.03853867379827135,0.006286686590332909
676755,Isaac Mattson,2025,374,0.006808318850448285,0.02015080669237141,0.006307454981699026
657376,Clarke Schmidt,2025,545,0.006675696277817411,0.034826752230220276,0.006330345828246923
806960,Luis Morales,2025,344,0.006877854149650353,0.027655119313600204,0.0063306770688682365
670766,Darren McCaughan,2024,303,0.006963164887725866,0.03436589385615781,0.006340661926512158
663767,Chase Shugart,2025,279,0.007028496360595908,0.03421116485195932,0.006350999458925795
700249,Cade Povich,2024,617,0.006675824594241468,0.033197031604933716,0.0063683704157014315
695243,Mason Miller,2024,481,0.006774773039221354,0.025082632407490934,0.006379486480288058
671212,Joe Boyle,2025,391,0.006874130359797809,0.02800342982903112,0.006387097799238565
572143,Burch Smith,2024,400,0.006874165501566483,0.03314443406877969,0.0063971143767172604
660896,Jorge Alcala,2024,411,0.006862629134244552,0.02628385560594491,0.006398239059590233
663542,Bryan Hudson,2024,398,0.006879556957587022,0.032549571474471115,0.006399841327700694
595345,Steven Okert,2025,515,0.006823837633207956,0.028483133449443,0.00644935562290896
608638,JT Chargois,2024,237,0.007280560065818647,0.03324390500446582,0.006464345150305491
672456,Keider Montero,2024,700,0.006743212965556056,0.0349996293298953,0.006466732861372681
656876,Drew Rasmussen,2025,1040,0.006680223961393066,0.026889614360241933,0.006493141091805685
701656,Logan Henderson,2025,212,0.007415379392479982,0.02679765401268246,0.006496919211823009
601713,Nick Pivetta,2025,1260,0.006651746599563542,0.0327247437184115,0.006497203236615475
605154,John Brebbia,2025,207,0.007445301175213125,0.027657067567138247,0.006503429216589075
622253,Dillon Tate,2024,234,0.007356630920429079,0.03903663428664954,0.006520577859767509
670970,Adrian Morejon,2025,442,0.0069734598568573095,0.029821987515189212,0.006530011037495152
594902,Ben Lively,2024,1060,0.006721288098043726,0.03227580475522439,0.00653615231295708
669923,George Kirby,2024,1431,0.006741056518282858,0.03078949128090986,0.006602120687016098
656271,Brock Burke,2025,498,0.007005450354452983,0.02729816432413816,0.00660592138055485
663372,Ryan Feltner,2024,1114,0.0067884906917937485,0.0325518875857632,0.006609752044988665
687924,Julian Aguiar,2024,252,0.007436508313804959,0.03040804316253773,0.006641461661867435
657097,Jacob Webb,2024,419,0.00716814124082852,0.02827028026924883,0.006685843031341002
493603,Adam Ottavino,2024,395,0.007254981207329905,0.03800726609746551,0.006738207667487646
623465,Evan Phillips,2024,387,0.007283915050187222,0.031312147806535094,0.006754787689300461
687134,Bradley Blalock,2024,246,0.0077291396261497695,0.03284263393324478,0.006877304897055245
669358,Shane Baz,2024,573,0.00724311799024849,0.030154260846906825,0.006877402214605284
672582,Angel Zerpa,2025,431,0.007366784358704781,0.03509828573505812,0.006880314009634047
664991,Grant Wolfram,2025,226,0.007819684224667015,0.031977336423112825,0.006890234298702121
687377,Orlando Ribalta,2025,232,0.007799629711618193,0.024806341021262016,0.006893643995889556
663465,Kolby Allard,2025,458,0.007433544994740882,0.028998691043084435,0.0069682625739120475
571927,Steven Matz,2025,528,0.00738950172920924,0.03474064122325283,0.006984690804559741
689017,Landon Knack,2024,501,0.007421857554163779,0.029707574282072144,0.006994469143106975
688642,Zach Agnos,2025,242,0.00788970991882045,0.029569691505154816,0.007003460633985092
630023,Yonny Chirinos,2024,232,0.007931267701041375,0.03143220265133361,0.007006334773832554
687473,Ryan Gusto,2025,823,0.007281533300833613,0.03211588801933086,0.007020144343455624
665871,Javier Assad,2025,246,0.007896952470351179,0.027235324368691506,0.007022150213027311
676428,Brant Hurter,2024,294,0.007756518649805939,0.03536606903757762,0.00702426117364905
669084,DL Hall,2025,247,0.00790225959416949,0.03236467599621791,0.007029792194588951
643338,Chad Green,2024,399,0.007576930775988677,0.020864839001672197,0.007036204980052919
665660,Elvis Alvarado,2025,341,0.007719516343331638,0.02643491629140023,0.007081624071468975
605135,Chris Bassitt,2024,1188,0.007280009503228313,0.03404298207154415,0.0070964248224732185
542888,Shawn Armstrong,2024,510,0.007538226277140831,0.025373910639091595,0.007109576090773304
671922,Cade Smith,2024,524,0.007530742552428629,0.027200126504296335,0.007113269881573315
801403,Chase Dollander,2025,785,0.007436901237855923,0.03179595980691562,0.007156103165846224
661563,Luis Gil,2025,409,0.00773064742463989,0.02552901503689483,0.007188607364282318
681892,Kody Funderburk,2025,279,0.007983689557397311,0.03410382995280845,0.007189027314484092
693313,Carson Seymour,2025,254,0.008135795504358083,0.03547528762292586,0.007253081555089243
641793,Zack Littell,2025,1370,0.007487315229655915,0.031288667975430715,0.007321704902237473
571945,Miles Mikolas,2024,1212,0.007512934450433833,0.031227326321472265,0.007325609007508771
669387,Carmen Mlodzinski,2024,395,0.007947284149190506,0.031087846281304014,0.007368288584317203
677944,Slade Cecconi,2024,600,0.007778711075215835,0.030918853445805368,0.007395753448696193
458681,Lance Lynn,2024,900,0.0076535060587241965,0.029396919193465983,0.007398099301939186
686973,Louis Varland,2024,391,0.00799264485393897,0.02919240045380255,0.007404148571934984
668909,Gavin Williams,2024,635,0.007796918207843447,0.030777911104136246,0.007432793180175305
672582,Angel Zerpa,2024,372,0.008087339109861941,0.034051324564459945,0.007462650790738982
621237,José Alvarado,2025,206,0.008651537096542377,0.027985118549671496,0.007513777956264158
445276,Kenley Jansen,2024,357,0.008204006183658026,0.01988485251096569,0.007544164004594279
694037,Daniel Palencia,2025,401,0.008176696172038346,0.023099180633220927,0.007585258197432507
608718,Brent Suter,2024,443,0.008167808733123887,0.030016910735271785,0.007628625306834205
605135,Chris Bassitt,2025,1230,0.007833595287882326,0.036281763204616825,0.007639070337183702
676440,Tanner Bibee,2024,1310,0.007859956046858501,0.028784846946696363,0.007676204749713015
670167,John Schreiber,2025,467,0.00820338352536367,0.034834663174760375,0.0076870312534437265
693645,Cam Schlittler,2025,605,0.00816249300017798,0.026893820250386596,0.007759263124333181
608718,Brent Suter,2025,498,0.00827720708618654,0.028486977479981822,0.007785300052338894
681911,Alex Vesia,2025,563,0.00828082684333604,0.02385779084596646,0.007841797515821773
669358,Shane Baz,2025,1258,0.008061620077722136,0.033287184425939094,0.007864436766559093
608371,Lucas Sims,2024,366,0.008566532279639754,0.028668873119082457,0.007886437244774912
664192,Joey Lucchesi,2025,266,0.008838746456493676,0.030599371946156553,0.007900861387496327
663574,Tony Santillan,2025,579,0.00834301287393136,0.028324410868298625,0.007911424827802589
445276,Kenley Jansen,2025,445,0.008482065368745054,0.017769622402927468,0.007919783302450703
664747,Alexis Díaz,2024,402,0.008584454036446186,0.03133219798910994,0.007958290871270172
643511,Tyler Rogers,2025,489,0.00850621933114692,0.04333265381809209,0.007989009058656576
680736,Justin Wrobleski,2025,515,0.008545835400271352,0.028828612589197895,0.00805010888182108
657006,Justin Steele,2024,940,0.008353570460875972,0.02856408289544637,0.008080705926401711
571945,Miles Mikolas,2025,1132,0.008325748583867407,0.030577875939394875,0.008098550074269966
641778,Eric Lauer,2025,777,0.008437910038934973,0.030249727904125247,0.008106508312365254
594580,Sam Moll,2024,262,0.0091436281393652,0.034166864171062,0.008153770479393542
681892,Kody Funderburk,2024,240,0.009274041653669067,0.032977544671381524,0.00818789997320117
519141,Drew Pomeranz,2025,372,0.008915918173303197,0.023522386561124244,0.008212592403965997
690953,Mick Abel,2025,335,0.009030417249572908,0.03126668433441936,0.008245570744195276
622663,Luis Severino,2025,1211,0.008499894370154738,0.02682352705026857,0.008281620401592074
595928,John Curtiss,2025,263,0.009287463524850959,0.021880324126868175,0.008282305701411053
663568,Stephen Kolek,2024,319,0.00915727361932513,0.031090811513439887,0.008323529056014098
592779,Brock Stewart,2025,292,0.009249660011995007,0.026048111322286734,0.00833702037369112
666745,Jhony Brito,2024,265,0.009432298861269147,0.026996317073000993,0.008415169917146728
689254,Mason Fluharty,2025,372,0.009223183299547206,0.03396379057381454,0.008490696105388055
674370,Osvaldo Bido,2025,620,0.00896686690639717,0.028953056518137732,0.008525203558394716
680736,Justin Wrobleski,2024,263,0.00956996739405982,0.025385586563712034,0.00852832140784019
675921,Spencer Howard,2024,261,0.009588001708673993,0.029166772995279498,0.00853706674474241
663559,Bailey Falter,2025,849,0.008881317316547373,0.026526386359789756,0.008557308370749245
686563,Jonathan Cannon,2025,814,0.008907841144737614,0.03408254250134182,0.008569324779168736
607179,Jordan Weems,2024,324,0.009499545850978829,0.026170352878772705,0.00864050602527256
641482,Nestor Cortes,2025,239,0.009820247524003036,0.026321703745915973,0.008653560775334277
663559,Bailey Falter,2024,951,0.009062211093801927,0.026600221935880842,0.008764457260331933
608032,Carlos Estévez,2025,484,0.009555708574521074,0.024808588747959902,0.008955280136482667
693433,Bryan Woo,2024,867,0.00930641842202498,0.0275999282084925,0.008970544396382292
605452,Joe Ross,2025,408,0.009717121065517687,0.029018144004500087,0.009000522661644894
678368,Valente Bellozo,2024,467,0.009636785981914022,0.0318919613995155,0.009009935218764283
663574,Tony Santillan,2024,238,0.010242445581008699,0.02415246365846684,0.009012094584287538
686993,Justin Sterner,2025,507,0.009597729152620043,0.02430946074664696,0.009019591168279719
621381,Matt Strahm,2025,477,0.009652352700948639,0.026240592789891742,0.009036473283142235
695418,Brad Lord,2025,1015,0.009365966323110358,0.029112756157157627,0.00907505077370571
663546,Sean Hjelle,2024,503,0.009679602227599532,0.03568340029256576,0.009091305351999406
693433,Bryan Woo,2025,1378,0.009401164808716774,0.027265330574446845,0.009183805236136574
676664,JP Sears,2025,1062,0.009505083302284353,0.030978277027795625,0.009221657681406646
641302,Tyler Alexander,2024,749,0.009642341588848804,0.03015204135685004,0.009239543605656802
694819,Jacob Misiorowski,2025,554,0.009856058005001963,0.029415265790457248,0.00930674900724602
685326,McCade Brown,2025,208,0.01078434849693977,0.030919890525007744,0.009318989577370557
663623,Jake Irvin,2024,1358,0.009706984080912343,0.03275672445912787,0.00947797363889489
694477,Chad Patrick,2025,952,0.00981634711182493,0.024215765963305283,0.009489210051541625
542888,Shawn Armstrong,2025,505,0.010133387962070974,0.02418105589167036,0.009514715896173934
656457,Tyler Gilbert,2025,363,0.010393612746945018,0.03303698356250471,0.009531158794099426
613534,Austin Adams,2024,298,0.010602042887304656,0.03259958026831277,0.009549118869365025
640455,Sean Manaea,2025,537,0.010152757322149947,0.0297004290214466,0.009567143803052585
621199,Matt Bowman,2024,207,0.01110883981757034,0.035041713260939106,0.009586072578401949
608032,Carlos Estévez,2024,388,0.010519725654277506,0.02320797870356118,0.009696245366148853
683155,Joey Estes,2024,1063,0.01001162579064954,0.0259382324945351,0.00971052752263496
695445,Chase Lee,2025,247,0.01102581784098099,0.03563387205816769,0.009727342657115928
674285,Eduardo Salazar,2025,242,0.0113213750513689,0.030862340945017063,0.009958768991466378
668820,Max Kranick,2025,273,0.01127290801047351,0.025392855576104448,0.010051745322072494
681035,Christian Scott,2024,378,0.011151194555412993,0.025044277608161494,0.010248898737906447
657746,Joe Ryan,2025,1327,0.010567013689235006,0.03034202988319473,0.01030824741533987
674444,Steven Cruz,2025,296,0.011511144975938538,0.02375863993961805,0.010346081921658257
623474,Jimmy Herget,2025,554,0.011319701025257728,0.03424322996581793,0.010674115570149089
687911,Bryan King,2025,486,0.011451289000434281,0.026289891045811455,0.010712309226409155
676092,Collin Snider,2024,321,0.012071269635818121,0.029054373687151334,0.01092642194048548
640455,Sean Manaea,2024,1294,0.011267665531975975,0.0305385311812961,0.010981990354910562
621381,Matt Strahm,2024,462,0.011937690846146123,0.022997661779721085,0.011125441279587206
687330,Kevin Kelly,2025,251,0.012622302649428225,0.03871438693965485,0.011127002978955938
671131,Jackson Rutledge,2025,596,0.011821183520544147,0.027592642139930717,0.011187492662810494
669371,Cole Henry,2025,392,0.012162815725046152,0.030998512053062217,0.011198274127848573
670036,Matt Festa,2024,200,0.01308955835599304,0.02544225285504339,0.011198929085187081
621383,Tanner Banks,2025,501,0.01201124975608099,0.028241453206839306,0.01125234837536821
573124,Taylor Rogers,2024,402,0.012232768266464796,0.0339658878710788,0.011283910681166418
694335,Matt Svanson,2025,392,0.012267628808971245,0.028355839158560173,0.011293601370077068
573124,Taylor Rogers,2025,372,0.01242302028200574,0.033381167324310373,0.011386848101700897
676092,Collin Snider,2025,241,0.013035718144374845,0.03387007255733858,0.011429424252246176
670036,Matt Festa,2025,390,0.012432816302083916,0.028816590290569613,0.01143922844974276
623149,Paul Sewald,2024,301,0.012858192088537775,0.025785855229845472,0.011555722428307514
643511,Tyler Rogers,2024,463,0.012745857380804311,0.03935977832190315,0.011872429263354084
594902,Ben Lively,2025,310,0.013644422546282385,0.027515730258689215,0.012287666239421683
663362,Matt Waldron,2024,621,0.013093148693912298,0.02932356045782224,0.012408286359424672
668338,Tyson Miller,2024,454,0.0133550458465733,0.028603637421227488,0.012417473440949244
696131,Mason Black,2024,293,0.014164674605572386,0.027602921240193378,0.01267732342603475
668984,Casey Legumina,2025,403,0.014363016010155775,0.024601672573993063,0.013228310399087393
689690,Alek Jacob,2025,252,0.017807419271791067,0.032339392526316346,0.015622234143866877
