pitcher_id,pitcher_full_name,game_year,n,VAA_share,HAA_share,Tilt_share,dominant_axis
434378,Justin Verlander,2024,732,0.17789913511810793,0.40038299675033234,0.4217178681315598,Tilt_share
434378,Justin Verlander,2025,1206,0.17971152466246973,0.40068910732374313,0.4195993680137871,Tilt_share
445276,Kenley Jansen,2024,357,0.19050659036409512,0.40251238188533645,0.40698102775056844,Tilt_share
445276,Kenley Jansen,2025,445,0.18613897955836964,0.4017746972896956,0.4120863231519346,Tilt_share
445926,Jesse Chavez,2024,389,0.1780565323809961,0.40040958097255197,0.42153388664645186,Tilt_share
450203,Charlie Morton,2024,1165,0.1811918221095448,0.4009391279121715,0.41786904997828367,Tilt_share
450203,Charlie Morton,2025,1108,0.1813512699641457,0.40096605847704536,0.41768267155880906,Tilt_share
453286,Max Scherzer,2024,341,0.17912362981343855,0.4005898125391853,0.4202865576473761,Tilt_share
453286,Max Scherzer,2025,669,0.1787107433727172,0.40052007647967425,0.4207691801476085,Tilt_share
455119,Chris Martin,2024,307,0.17743779122140907,0.4003050762805318,0.42225713249805913,Tilt_share
455119,Chris Martin,2025,334,0.17741844231986922,0.40030180827263384,0.422279749407497,Tilt_share
458677,Justin Wilson,2024,403,0.18879379325400097,0.4022230923630378,0.4089831143829611,Tilt_share
458677,Justin Wilson,2025,396,0.1874974932119009,0.4020041487311712,0.41049835805692797,Tilt_share
458681,Lance Lynn,2024,900,0.17842332228365843,0.40047153137817787,0.4211051463381637,Tilt_share
471911,Carlos Carrasco,2024,743,0.18159766502056898,0.40100767432736956,0.41739466065206154,Tilt_share
471911,Carlos Carrasco,2025,335,0.17923159026905164,0.4006080469397734,0.420160362791175,Tilt_share
472610,Luis García,2024,396,0.17375777572420031,0.39968352576589994,0.42655869850989975,Tilt_share
472610,Luis García,2025,449,0.17617680016503084,0.40009209629698755,0.4237311035379816,Tilt_share
477132,Clayton Kershaw,2024,233,0.18272237050646387,0.40119763583000384,0.4160799936635323,Tilt_share
477132,Clayton Kershaw,2025,765,0.18293844465849074,0.40123413051338025,0.415827424828129,Tilt_share
489446,Kirby Yates,2024,460,0.16903553939477503,0.39888594531467797,0.432078515290547,Tilt_share
489446,Kirby Yates,2025,414,0.17089585191839463,0.39920015002585624,0.42990399805574914,Tilt_share
493603,Adam Ottavino,2024,395,0.18301828463341344,0.4012476153961312,0.4157340999704554,Tilt_share
500779,Jose Quintana,2024,1065,0.19055128041377603,0.40251992998490266,0.4069287896013213,Tilt_share
500779,Jose Quintana,2025,884,0.19234111692436806,0.4028222313760542,0.4048366516995777,Tilt_share
502043,Kyle Gibson,2024,1080,0.1822246075058236,0.40111356421415123,0.4166618282800251,Tilt_share
502085,David Robertson,2024,473,0.1854488671608508,0.4016581380751606,0.41289299476398866,Tilt_share
502624,Chase Anderson,2024,424,0.18056272870143195,0.40083287473691714,0.41860439656165105,Tilt_share
506433,Yu Darvish,2024,498,0.18273044701401317,0.40119899994312436,0.41607055304286233,Tilt_share
506433,Yu Darvish,2025,501,0.18085275896244124,0.4008818605246471,0.4182653805129118,Tilt_share
518397,Scott Alexander,2024,256,0.19286958669986232,0.40291148933194465,0.40421892396819314,Tilt_share
518585,Fernando Cruz,2024,468,0.1804752719531315,0.4008181033896346,0.4187066246572339,Tilt_share
518585,Fernando Cruz,2025,304,0.17900152601391753,0.4005691893435797,0.42042928464250284,Tilt_share
518617,Jake Diekman,2024,228,0.19702329913667269,0.40361304673155074,0.3993636541317765,HAA_share
518876,Merrill Kelly,2024,473,0.17774372325248394,0.400356747859497,0.42189952888801907,Tilt_share
518876,Merrill Kelly,2025,1301,0.17595791763050384,0.40005512728093795,0.42398695508855816,Tilt_share
518886,Craig Kimbrel,2024,379,0.17740416042704069,0.400299396076858,0.4222964434961014,Tilt_share
519008,T.J. McFarland,2024,326,0.188327422004455,0.4021443227789466,0.4095282552165985,Tilt_share
519043,Matt Moore,2024,376,0.19521621654401616,0.4033078324963662,0.40147595095961763,HAA_share
519141,Drew Pomeranz,2025,372,0.18631509859558348,0.40180444359872614,0.4118804578056904,Tilt_share
519151,Ryan Pressly,2024,429,0.18673614554468823,0.4018755579590049,0.4113882964963069,Tilt_share
519151,Ryan Pressly,2025,292,0.18607047985763495,0.4017631277666118,0.41216639237575314,Tilt_share
519242,Chris Sale,2024,1205,0.19031827861812706,0.40248057624139116,0.4072011451404817,Tilt_share
519242,Chris Sale,2025,894,0.18952676834966564,0.4023468910395022,0.40812634061083214,Tilt_share
519293,Will Smith,2024,273,0.1860696597125041,0.40176298924501364,0.4121673510424822,Tilt_share
519326,Hunter Strickland,2024,510,0.18316185218656209,0.40127186379579455,0.41556628401764334,Tilt_share
523260,Joe Kelly,2024,210,0.1768405002525005,0.4002041945018024,0.422955305245697,Tilt_share
527048,Martín Pérez,2024,925,0.1931454907351242,0.4029580892158951,0.40389642004898063,Tilt_share
527048,Martín Pérez,2025,368,0.19273573419068088,0.4028888817923759,0.4043753840169432,Tilt_share
542881,Tyler Anderson,2024,1301,0.1911272667800164,0.4026172134399939,0.4062555197799897,Tilt_share
542881,Tyler Anderson,2025,1073,0.19279911099837868,0.4028995860645373,0.404301302937084,Tilt_share
542888,Shawn Armstrong,2024,510,0.17728205933556376,0.40027877333863787,0.42243916732579834,Tilt_share
542888,Shawn Armstrong,2025,505,0.1806914789282676,0.4008546205066861,0.41845390056504633,Tilt_share
543037,Gerrit Cole,2024,704,0.1814460275542669,0.40098206292837163,0.41757190951736145,Tilt_share
543056,Danny Coulombe,2025,337,0.18207194270291782,0.4010877792991464,0.4168402779979357,Tilt_share
543101,Anthony DeSclafani,2025,273,0.180773612045982,0.4008684926986979,0.41835789525532013,Tilt_share
543135,Nathan Eovaldi,2024,1244,0.1753669379481414,0.3999553114714698,0.42467775058038887,Tilt_share
543135,Nathan Eovaldi,2025,919,0.1774269411596588,0.40030324371719894,0.4222698151231424,Tilt_share
543243,Sonny Gray,2024,1101,0.18600313835133372,0.4017517538612766,0.4122451077873897,Tilt_share
543243,Sonny Gray,2025,1193,0.1858547166090604,0.4017266855944819,0.4124185977964577,Tilt_share
543294,Kyle Hendricks,2024,901,0.1761314591606266,0.4000844382518943,0.423784102587479,Tilt_share
543294,Kyle Hendricks,2025,1170,0.1749119933061073,0.39987847182864766,0.42520953486524504,Tilt_share
543339,Daniel Hudson,2024,457,0.17623346526202227,0.40010166696869354,0.42366486776928425,Tilt_share
543518,Scott McGough,2024,237,0.17664539932199463,0.4001712421721579,0.42318335850584743,Tilt_share
543859,Michael Tonkin,2024,597,0.17597130111510312,0.4000573877365656,0.4239713111483314,Tilt_share
544150,Albert Suárez,2024,1052,0.17669269098266555,0.40017922968091973,0.4231280793364146,Tilt_share
547179,Michael Lorenzen,2024,882,0.17498497345996486,0.3998907980952687,0.42512422844476644,Tilt_share
547179,Michael Lorenzen,2025,1035,0.17744155047565188,0.40030571121438224,0.4222527383099659,Tilt_share
547184,Michael Kelly,2025,255,0.1885703290246739,0.40218534950384466,0.40924432147148143,Tilt_share
547973,Aroldis Chapman,2024,459,0.19112012515048685,0.40261600722672847,0.4062638676227846,Tilt_share
547973,Aroldis Chapman,2025,490,0.1931331740615595,0.4029560089434619,0.4039108169949787,Tilt_share
548389,Ross Stripling,2024,564,0.17884295859600507,0.40054240748348097,0.420614633920514,Tilt_share
552640,Andrew Kittredge,2024,490,0.18108370412880376,0.40092086690576506,0.41799542896543124,Tilt_share
552640,Andrew Kittredge,2025,380,0.18160169160901843,0.4010083544136694,0.4173899539773122,Tilt_share
554340,Yimi García,2024,280,0.1748883438882502,0.3998744774683383,0.4252371786434115,Tilt_share
554430,Zack Wheeler,2024,1461,0.17581011630710722,0.40003016380219986,0.4241597198906929,Tilt_share
554430,Zack Wheeler,2025,1136,0.17582847079159028,0.40003326385416565,0.4241382653542441,Tilt_share
570632,José Ureña,2024,776,0.17022879241064465,0.3990874844187014,0.43068372317065395,Tilt_share
570632,José Ureña,2025,426,0.16956886924833217,0.39897602413233474,0.4314551066193331,Tilt_share
571510,Matthew Boyd,2024,315,0.19313626378451043,0.40295653079422356,0.403907205421266,Tilt_share
571510,Matthew Boyd,2025,1347,0.19480372899080567,0.403238163808511,0.40195810720068326,HAA_share
571578,Patrick Corbin,2024,1255,0.18923263828186349,0.40229721279897585,0.4084701489191607,Tilt_share
571578,Patrick Corbin,2025,1125,0.1892844384014031,0.40230596178141415,0.40840959981718267,Tilt_share
571656,Buck Farmer,2024,467,0.17662749935709168,0.40016821888804244,0.4232042817548658,Tilt_share
571670,Dylan Floro,2024,387,0.1738187384282241,0.3996938222986423,0.4264874392731336,Tilt_share
571760,Andrew Heaney,2024,1222,0.19475076677337233,0.40322921854903415,0.40202001467759363,HAA_share
571760,Andrew Heaney,2025,906,0.19531060433142214,0.4033237744884262,0.40136562118015173,HAA_share
571882,Derek Law,2024,616,0.18261071363698353,0.4011787771092348,0.4162105092537817,Tilt_share
571927,Steven Matz,2024,295,0.19676263359765073,0.40356902061262584,0.3996683457897235,HAA_share
571927,Steven Matz,2025,528,0.1945175724475612,0.40318983228739275,0.402292595265046,HAA_share
571945,Miles Mikolas,2024,1212,0.17801898037001493,0.40040323847976395,0.42157778115022104,Tilt_share
571945,Miles Mikolas,2025,1132,0.17788229193650465,0.4003801519557379,0.42173755610775754,Tilt_share
571946,Shelby Miller,2024,365,0.17382283322776715,0.3996945139057198,0.42648265286651293,Tilt_share
571946,Shelby Miller,2025,337,0.16963098951832498,0.3989865161766787,0.4313824943049963,Tilt_share
571948,Hoby Milner,2024,392,0.19174815205651194,0.4027220802709694,0.40552976767251864,Tilt_share
571948,Hoby Milner,2025,470,0.19093713083906302,0.40258509969154926,0.40647776946938763,Tilt_share
572020,James Paxton,2024,707,0.19318653052006104,0.4029650207898157,0.40384844869012315,Tilt_share
572143,Burch Smith,2024,400,0.1838673223382535,0.40139101691788703,0.41474166074385943,Tilt_share
572955,Pierce Johnson,2024,350,0.18641482205486892,0.4018212867798178,0.4117638911653133,Tilt_share
572955,Pierce Johnson,2025,401,0.18531172414576003,0.40163497477281235,0.4130533010814276,Tilt_share
573009,Joe Mantiply,2024,391,0.19165121821875344,0.40270570825384344,0.40564307352740303,Tilt_share
573124,Taylor Rogers,2024,402,0.18616289387836613,0.4017787363916811,0.4120583697299529,Tilt_share
573124,Taylor Rogers,2025,372,0.18612150778590272,0.40177174632680535,0.41210674588729196,Tilt_share
573186,Marcus Stroman,2024,1023,0.18215140553365702,0.4011012004826651,0.41674739398367777,Tilt_share
573186,Marcus Stroman,2025,313,0.18167125483914634,0.401020103565682,0.4173086415951716,Tilt_share
573204,Caleb Thielbar,2024,392,0.18230720274823733,0.40112751445850964,0.416565282793253,Tilt_share
573204,Caleb Thielbar,2025,395,0.18316449676166505,0.40127231046158107,0.41556319277675385,Tilt_share
579328,Yusei Kikuchi,2024,1262,0.1897614296827265,0.40238652507703243,0.40785204524024105,Tilt_share
579328,Yusei Kikuchi,2025,1421,0.188612628774544,0.40219249388443773,0.40919487734101817,Tilt_share
592094,Jason Adam,2024,496,0.17797097824548447,0.40039513097444834,0.4216338907800672,Tilt_share
592094,Jason Adam,2025,487,0.17833529675599769,0.4004566639646955,0.4212080392793067,Tilt_share
592155,Cam Booser,2024,345,0.18632685268023094,0.4018064288505184,0.4118667184692506,Tilt_share
592155,Cam Booser,2025,255,0.18661607031076533,0.4018552773858671,0.41152865230336755,Tilt_share
592332,Kevin Gausman,2024,1318,0.16806155829447225,0.3987214409927277,0.4332170007128001,Tilt_share
592332,Kevin Gausman,2025,1483,0.16924761683413334,0.3989217649577406,0.431830618208126,Tilt_share
592351,Jon Gray,2024,748,0.17799676501471273,0.40039948633102135,0.4216037486542659,Tilt_share
592426,Luke Jackson,2024,388,0.1826680581334656,0.4011884625307573,0.4161434793357773,Tilt_share
592426,Luke Jackson,2025,343,0.18213399027915847,0.40109825906559665,0.41676775065524485,Tilt_share
592454,Tommy Kahnle,2024,320,0.17542121952848072,0.39996447956987063,0.4246143009016487,Tilt_share
592454,Tommy Kahnle,2025,465,0.17534691223612203,0.39995192915103633,0.4247011586128417,Tilt_share
592662,Robbie Ray,2024,260,0.1927414738159207,0.40288985120867987,0.40436867497539947,Tilt_share
592662,Robbie Ray,2025,1435,0.19348040789759707,0.4030146563512379,0.403504935751165,Tilt_share
592767,Drew Smyly,2024,431,0.18973315531294607,0.40238174956749956,0.40788509511955434,Tilt_share
592773,Ryne Stanek,2024,469,0.17177040248307898,0.3993478606411956,0.42888173687572545,Tilt_share
592773,Ryne Stanek,2025,529,0.17489245035523515,0.3998751710460338,0.4252323785987312,Tilt_share
592779,Brock Stewart,2025,292,0.17642462878056245,0.4001339542738469,0.4234414169455907,Tilt_share
592791,Jameson Taillon,2024,1130,0.184188344865453,0.4014452372648233,0.4143664178697237,Tilt_share
592791,Jameson Taillon,2025,891,0.18178325484818583,0.40103902024234006,0.4171777249094742,Tilt_share
592836,Taijuan Walker,2024,566,0.1781177293276863,0.4004199170686195,0.4214623536036942,Tilt_share
592836,Taijuan Walker,2025,874,0.17889202944834764,0.4005506954957325,0.42055727505591983,Tilt_share
592866,Trevor Williams,2024,472,0.18013627950575523,0.4007608479432152,0.4191028725510296,Tilt_share
592866,Trevor Williams,2025,626,0.18253932271519574,0.4011667192621385,0.4162939580226657,Tilt_share
593423,Frankie Montas,2024,1165,0.17766348667001594,0.4003431959901738,0.4219933173398102,Tilt_share
593423,Frankie Montas,2025,318,0.17852216742577864,0.4004882262124796,0.42098960636174176,Tilt_share
593576,Héctor Neris,2024,467,0.17386609098512507,0.39970182009270955,0.42643208892216544,Tilt_share
593576,Héctor Neris,2025,234,0.17439892239001215,0.3997918147229417,0.4258092628870463,Tilt_share
593958,Eduardo Rodriguez,2024,377,0.1920978787026063,0.4027811487115847,0.4051209725858089,Tilt_share
593958,Eduardo Rodriguez,2025,1142,0.19168772608055323,0.40271187439099887,0.4056003995284479,Tilt_share
593974,Wandy Peralta,2024,252,0.19767931541164183,0.403723847149001,0.39859683743935714,HAA_share
593974,Wandy Peralta,2025,511,0.1974010833154011,0.4036768540581467,0.39892206262645213,HAA_share
594580,Sam Moll,2024,262,0.1906718248571406,0.4025402898069921,0.40678788533586735,Tilt_share
594798,Jacob deGrom,2025,1265,0.17796199950001396,0.40039361447434874,0.42164438602563736,Tilt_share
594835,Marco Gonzales,2024,226,0.19258488438494498,0.4028634034283695,0.40455171218668556,Tilt_share
594902,Ben Lively,2024,1060,0.1783733405071695,0.40046308951185355,0.421163569980977,Tilt_share
594902,Ben Lively,2025,310,0.177317137537188,0.4002846980077836,0.4223981644550285,Tilt_share
595014,Blake Treinen,2024,324,0.18045507889618956,0.4008146928048304,0.4187302282989801,Tilt_share
595014,Blake Treinen,2025,214,0.18174197884584742,0.4010320487715637,0.41722597238258885,Tilt_share
595345,Steven Okert,2024,247,0.18491178632349428,0.40156742572052206,0.4135207879559835,Tilt_share
595345,Steven Okert,2025,515,0.18526967550107434,0.40162787280360496,0.41310245169532067,Tilt_share
595928,John Curtiss,2025,263,0.17750490245306072,0.40031641129273554,0.42217868625420374,Tilt_share
596001,Jakob Junis,2024,403,0.18156752785809582,0.4010025841942277,0.41742988794767644,Tilt_share
596001,Jakob Junis,2025,426,0.181005411473473,0.40090764336356816,0.41808694516295897,Tilt_share
596133,Luke Weaver,2024,606,0.17434250114624597,0.3997822852377735,0.4258752136159806,Tilt_share
596133,Luke Weaver,2025,517,0.17078956341013563,0.39918219801531224,0.43002823857455214,Tilt_share
596295,Austin Gomber,2024,1124,0.1871960764300607,0.40195323977276776,0.4108506837971716,Tilt_share
596295,Austin Gomber,2025,465,0.18658884546817914,0.4018506791403073,0.4115604753915136,Tilt_share
600917,José Leclerc,2024,511,0.18308781934615537,0.401259359731589,0.41565282092225564,Tilt_share
600986,Thyago Vieira,2024,294,0.17253232356673676,0.3994765482627601,0.42799112817050317,Tilt_share
601713,Nick Pivetta,2024,1092,0.18530556028538409,0.40163393370366707,0.4130605060109489,Tilt_share
601713,Nick Pivetta,2025,1260,0.18545011946378287,0.40165834958772956,0.4128915309484875,Tilt_share
605121,Justin Anderson,2024,416,0.18069663117226067,0.4008554907149523,0.418447878112787,Tilt_share
605130,Scott Barlow,2024,379,0.18758946000144297,0.40201968181939113,0.41039085817916593,Tilt_share
605130,Scott Barlow,2025,497,0.18592639773209793,0.4017387924562458,0.4123348098116564,Tilt_share
605135,Chris Bassitt,2024,1188,0.17873754595929572,0.4005246034066652,0.420737850634039,Tilt_share
605135,Chris Bassitt,2025,1230,0.17924336446797273,0.40061003558884406,0.42014659994318315,Tilt_share
605154,John Brebbia,2024,453,0.18184612474114484,0.4010496388971672,0.41710423636168786,Tilt_share
605154,John Brebbia,2025,207,0.1793908263630351,0.40063494173851494,0.41997423189844996,Tilt_share
605177,Andrew Chafin,2024,404,0.19117644584648055,0.40262551972949,0.40619803442402946,Tilt_share
605177,Andrew Chafin,2025,258,0.19136623606081854,0.40265757508509464,0.40597618885408676,Tilt_share
605280,Clay Holmes,2024,440,0.18050671337927574,0.4008234138114563,0.41866987280926793,Tilt_share
605280,Clay Holmes,2025,1100,0.17880230785989115,0.40053554161947275,0.4206621505206361,Tilt_share
605288,Adrian Houser,2024,460,0.17495022977810903,0.39988492992613894,0.425164840295752,Tilt_share
605288,Adrian Houser,2025,869,0.1731007865723006,0.39957256103062083,0.42732665239707857,Tilt_share
605347,Jorge López,2024,296,0.17486797832584336,0.39987103774755334,0.4252609839266033,Tilt_share
605397,Joe Musgrove,2024,641,0.1854174923493498,0.40165283890447784,0.4129296687461724,Tilt_share
605400,Aaron Nola,2024,1406,0.18048361901822246,0.40081951319962233,0.41869686778215526,Tilt_share
605400,Aaron Nola,2025,700,0.1792112795009079,0.40060461647367834,0.4201841040254138,Tilt_share
605447,Jordan Romano,2025,311,0.18233491314885297,0.40113219471427936,0.4165328921368678,Tilt_share
605452,Joe Ross,2024,545,0.17733502525325817,0.4002877192230848,0.422377255523657,Tilt_share
605452,Joe Ross,2025,408,0.17780435966738126,0.4003669892823696,0.4218286510502491,Tilt_share
605463,Tayler Scott,2024,464,0.17547327595240486,0.39997327184183373,0.42455345220576146,Tilt_share
605463,Tayler Scott,2025,211,0.17597206449732802,0.4000575166709723,0.4239704188316998,Tilt_share
605483,Blake Snell,2024,743,0.1882917982646351,0.40213830596900785,0.40956989576635705,Tilt_share
605483,Blake Snell,2025,432,0.18951157134408667,0.40234432428220307,0.40814410437371024,Tilt_share
605488,Jeffrey Springs,2024,252,0.1914897473534825,0.40267843600472303,0.4058318166417945,Tilt_share
605488,Jeffrey Springs,2025,1249,0.19137755513488466,0.4026594868640848,0.40596295800103055,Tilt_share
605513,Spencer Turnbull,2024,330,0.18559580366003073,0.40168295548605265,0.41272124085391665,Tilt_share
605540,Brandon Woodruff,2025,462,0.17454092630054518,0.39981579902511055,0.42564327467434426,Tilt_share
606160,Rafael Montero,2024,273,0.16784987157202627,0.39868568734131593,0.43346444108665777,Tilt_share
606160,Rafael Montero,2025,483,0.1737046362315072,0.39967455056482926,0.4266208132036636,Tilt_share
606303,Joel Payamps,2024,397,0.1787587133632579,0.4005281785575949,0.42071310807914714,Tilt_share
606930,Jacob Barnes,2024,527,0.18458684120478766,0.4015125428522537,0.41390061594295874,Tilt_share
606996,Kyle Hart,2025,282,0.1889717985683632,0.4022531572621757,0.4087750441694612,Tilt_share
607067,Colin Rea,2024,1139,0.17905333507343618,0.4005779398359705,0.42036872509059336,Tilt_share
607067,Colin Rea,2025,1139,0.17858278842736613,0.4004984650320613,0.4209187465405725,Tilt_share
607074,Carlos Rodón,2024,1391,0.1910110727319537,0.40259758839482074,0.40639133887322554,Tilt_share
607074,Carlos Rodón,2025,1372,0.19223418085448832,0.40280416999307445,0.4049616491524372,Tilt_share
607179,Jordan Weems,2024,324,0.17742876983259695,0.40030355257801936,0.4222676775893837,Tilt_share
607192,Tyler Glasnow,2024,821,0.1833328686554429,0.4013007482867224,0.4153663830578347,Tilt_share
607192,Tyler Glasnow,2025,573,0.18218136026876733,0.4011062598040288,0.41671237992720384,Tilt_share
607200,Erick Fedde,2024,1207,0.18226937460356224,0.4011211253270486,0.4166095000693891,Tilt_share
607200,Erick Fedde,2025,977,0.18166903126814588,0.40101972800701907,0.417311240724835,Tilt_share
607259,Nick Martinez,2024,968,0.17752006494687958,0.4003189722210368,0.42216096283208365,Tilt_share
607259,Nick Martinez,2025,1141,0.1783897063820466,0.4004658536898739,0.4211444399280795,Tilt_share
607455,Anthony Banda,2024,377,0.19373162877266872,0.4030570872769515,0.4032112839503798,Tilt_share
607455,Anthony Banda,2025,500,0.1894457312365271,0.40233320396144134,0.40822106480203163,Tilt_share
607481,Aaron Bummer,2024,372,0.18748663572236576,0.4020023149132937,0.4105110493643406,Tilt_share
607481,Aaron Bummer,2025,368,0.18449080383460845,0.4014963222475024,0.41401287391788927,Tilt_share
607536,Kyle Freeland,2024,776,0.1907145766333255,0.4025475105343257,0.40673791283234867,Tilt_share
607536,Kyle Freeland,2025,1182,0.18793766616516527,0.402078493452229,0.40998384038260566,Tilt_share
607625,Seth Lugo,2024,1325,0.1825257111129658,0.4011644202776974,0.4163098686093368,Tilt_share
607625,Seth Lugo,2025,938,0.1823150072685095,0.40112883263328225,0.4165561600982081,Tilt_share
608032,Carlos Estévez,2024,388,0.1761613986175625,0.40008949499279134,0.42374910638964614,Tilt_share
608032,Carlos Estévez,2025,484,0.17683515577145711,0.40020329182491277,0.4229615524036301,Tilt_share
608331,Max Fried,2024,1148,0.1856259483034239,0.4016880468827136,0.4126860048138626,Tilt_share
608331,Max Fried,2025,1403,0.18592667693681889,0.40173883961361173,0.41233448344956924,Tilt_share
608334,Carson Fulmer,2024,631,0.17529740141069183,0.3999435668278208,0.42475903176148744,Tilt_share
608337,Lucas Giolito,2025,1060,0.1766462562205419,0.40017138690136717,0.42318235687809097,Tilt_share
608344,Cole Irvin,2024,766,0.19039249504169078,0.40249311131258714,0.407114393645722,Tilt_share
608371,Lucas Sims,2024,366,0.18929486001170515,0.40230772197977516,0.4083974180085197,Tilt_share
608372,Tomoyuki Sugano,2025,1141,0.1799428273687054,0.4007281740929471,0.41932899853834754,Tilt_share
608379,Michael Wacha,2024,1149,0.1755364691657274,0.3999839451051099,0.42447958572916283,Tilt_share
608379,Michael Wacha,2025,1216,0.17773337690297314,0.4003550003725997,0.42191162272442717,Tilt_share
608566,Germán Márquez,2025,933,0.1761410407189739,0.4000860565664167,0.4237729027146093,Tilt_share
608638,JT Chargois,2024,237,0.17520545080756283,0.3999280364734679,0.42486651271896925,Tilt_share
608650,Dietrich Enns,2025,380,0.19260952499031503,0.4028675651991447,0.4045229098105403,Tilt_share
608717,Chris Stratton,2024,385,0.1818294018624832,0.40104681442160556,0.41712378371591113,Tilt_share
608718,Brent Suter,2024,443,0.18609163575404744,0.40176670097392925,0.41214166327202334,Tilt_share
608718,Brent Suter,2025,498,0.18772241915839563,0.4020421384727643,0.41023544236884,Tilt_share
608723,Austin Voth,2024,423,0.18692452175441407,0.40190737449080716,0.41116810375477886,Tilt_share
613534,Austin Adams,2024,298,0.1859835471233003,0.40174844492470396,0.4122680079519957,Tilt_share
614179,José Ruiz,2024,376,0.17802382330412142,0.40040405644593513,0.4215721202499434,Tilt_share
615698,Cal Quantrill,2024,1041,0.1768601524519764,0.4002075137363837,0.4229323338116399,Tilt_share
615698,Cal Quantrill,2025,875,0.17813053420660435,0.40042207979839267,0.4214473859950031,Tilt_share
620454,José Castillo,2025,235,0.1883776499557355,0.40215280622391875,0.4094695438203458,Tilt_share
621051,Steven Wilson,2024,254,0.18493414046253973,0.40157120130968427,0.4134946582277761,Tilt_share
621051,Steven Wilson,2025,437,0.18702422689934461,0.4019242145786247,0.4110515585220307,Tilt_share
621053,Tyler Ferguson,2024,371,0.1751468126310603,0.39991813255083236,0.42493505481810734,Tilt_share
621053,Tyler Ferguson,2025,423,0.178316339696006,0.40045346213839816,0.42123019816559587,Tilt_share
621107,Zach Eflin,2024,1072,0.18093714207703934,0.40089611273862397,0.41816674518433666,Tilt_share
621107,Zach Eflin,2025,519,0.1805053484698137,0.40082318327976996,0.41867146825041646,Tilt_share
621111,Walker Buehler,2024,572,0.18277859412789785,0.4012071319369803,0.4160142739351217,Tilt_share
621111,Walker Buehler,2025,931,0.18336544520508605,0.40130625042963763,0.4153283043652764,Tilt_share
621112,Paul Blackburn,2024,505,0.18236853736814385,0.40113787380742993,0.4164935888244263,Tilt_share
621112,Paul Blackburn,2025,289,0.18237840481145506,0.4011395404076039,0.41648205478094097,Tilt_share
621114,Ryan Burr,2024,266,0.18532613196935524,0.40163740823815436,0.4130364597924905,Tilt_share
621121,Lance McCullers Jr.,2025,429,0.18380293541999682,0.40138014203917854,0.41481692254082475,Tilt_share
621199,Matt Bowman,2024,207,0.1785635123516294,0.40049520932436034,0.42094127832401035,Tilt_share
621237,José Alvarado,2024,432,0.19500432140559912,0.40327204364372926,0.4017236349506715,HAA_share
621237,José Alvarado,2025,206,0.197327419887886,0.40366441238736667,0.3990081677247473,HAA_share
621242,Edwin Díaz,2024,403,0.17636429211046908,0.4001237634775375,0.42351194441199347,Tilt_share
621242,Edwin Díaz,2025,459,0.17598167181530144,0.40005913933626674,0.42395918884843176,Tilt_share
621244,José Berríos,2024,1193,0.17727204876123873,0.4002770825637952,0.42245086867496606,Tilt_share
621244,José Berríos,2025,1128,0.17735197363420466,0.4002905817857309,0.4223574445800643,Tilt_share
621345,A.J. Minter,2024,240,0.18882947437323816,0.4022291188642962,0.4089414067624656,Tilt_share
621363,Colin Poche,2024,235,0.18121865698762457,0.40094366029316103,0.4178376827192144,Tilt_share
621366,Ryan Borucki,2025,243,0.18872532628300126,0.4022115283679698,0.40906314534902893,Tilt_share
621381,Matt Strahm,2024,462,0.1982240524398837,0.40381585262574415,0.39796009493437223,HAA_share
621381,Matt Strahm,2025,477,0.19247135152368886,0.402844227854681,0.4046844206216301,Tilt_share
621383,Tanner Banks,2024,517,0.18563031803657395,0.4016887849257707,0.4126808970376552,Tilt_share
621383,Tanner Banks,2025,501,0.18419420749966453,0.4014462274572053,0.41435956504313004,Tilt_share
621389,Ty Blach,2024,531,0.19303207776930595,0.4029389338924125,0.40402898833828166,Tilt_share
622072,Alex Wood,2024,215,0.1935787575898947,0.40303126750461693,0.40338997490548834,Tilt_share
622253,Dillon Tate,2024,234,0.17555477837989764,0.3999870375109702,0.4244581841091322,Tilt_share
622491,Luis Castillo,2024,1283,0.17151766913894895,0.39930517426114426,0.4291771565999068,Tilt_share
622491,Luis Castillo,2025,1425,0.17083524446354817,0.3991899134943039,0.429974842042148,Tilt_share
622503,Nabil Crismatt,2025,244,0.17809677445236538,0.4004163778135404,0.42148684773409417,Tilt_share
622554,Seranthony Domínguez,2024,442,0.18080858390887317,0.4008743994073501,0.41831701668377674,Tilt_share
622554,Seranthony Domínguez,2025,459,0.17830491135858292,0.4004515319049488,0.4212435567364682,Tilt_share
622608,Antonio Senzatela,2025,1007,0.1806258372237141,0.40084353369597087,0.418530629080315,Tilt_share
622663,Luis Severino,2024,1317,0.17607829298452815,0.40007545854402626,0.42384624847144564,Tilt_share
622663,Luis Severino,2025,1211,0.1795676539573652,0.4006648077220524,0.41976753832058245,Tilt_share
622786,Jesus Tinoco,2024,297,0.1771872448839523,0.40026275928346927,0.42254999583257846,Tilt_share
623149,Paul Sewald,2024,301,0.17865761161503071,0.4005111025850375,0.4208312857999317,Tilt_share
623167,Chris Flexen,2024,1209,0.18534194982982938,0.4016400798571531,0.4130179703130175,Tilt_share
623167,Chris Flexen,2025,312,0.18598575802193976,0.40174881834301923,0.41226542363504093,Tilt_share
623211,Huascar Brazobán,2024,410,0.17317765968530413,0.39958554481370134,0.4272367955009946,Tilt_share
623211,Huascar Brazobán,2025,452,0.16871443022476507,0.3988317103338678,0.43245385944136727,Tilt_share
623352,Josh Hader,2024,550,0.19570532264836327,0.40339044197208646,0.4009042353795504,HAA_share
623352,Josh Hader,2025,425,0.19301430646429468,0.4029359323388093,0.40404976119689606,Tilt_share
623433,Nick Anderson,2024,235,0.17786435517512192,0.40037712245673807,0.42175852236814004,Tilt_share
623437,Justin Topa,2025,433,0.17845876766692184,0.400477518063893,0.42106371426918515,Tilt_share
623465,Evan Phillips,2024,387,0.18224828190796313,0.4011175627942781,0.4166341552977588,Tilt_share
623474,Jimmy Herget,2025,554,0.18314431139806392,0.4012689011761735,0.4155867874257626,Tilt_share
624133,Ranger Suarez,2024,953,0.18859530104525235,0.4021895672502791,0.4092151317044686,Tilt_share
624133,Ranger Suarez,2025,1100,0.1883102102104648,0.402141415726131,0.40954837406340416,Tilt_share
624522,Keegan Thompson,2024,231,0.18651643698364995,0.40183844942799846,0.41164511358835154,Tilt_share
625643,Reynaldo López,2024,919,0.17989599258602687,0.40072026375036873,0.4193837436636043,Tilt_share
628317,Kenta Maeda,2024,838,0.18072289906019637,0.4008599273319386,0.4184171736078651,Tilt_share
628452,Raisel Iglesias,2024,441,0.17409028559191003,0.3997396863118411,0.4261700280962489,Tilt_share
628452,Raisel Iglesias,2025,467,0.17159397654606473,0.399318062497131,0.4290879609568042,Tilt_share
630023,Yonny Chirinos,2024,232,0.1776838937042991,0.40034664271551246,0.4219694635801885,Tilt_share
640448,Kyle Finnegan,2024,514,0.16978207245003968,0.39901203391540296,0.4312058936345573,Tilt_share
640448,Kyle Finnegan,2025,400,0.17139136468921784,0.3992838415804015,0.4293247937303808,Tilt_share
640451,Hunter Harvey,2024,403,0.17367644565614518,0.3996697892080803,0.4266537651357746,Tilt_share
640455,Sean Manaea,2024,1294,0.19390689909871314,0.40308669023961163,0.4030064106616752,HAA_share
640455,Sean Manaea,2025,537,0.19280189594116792,0.40290005643826954,0.4042980476205626,Tilt_share
640462,A.J. Puk,2024,521,0.1920034201196101,0.40276519476222855,0.4052313851181615,Tilt_share
641154,Pablo López,2024,1398,0.17916799318106913,0.4005973054625175,0.4202347013564135,Tilt_share
641154,Pablo López,2025,568,0.1788040023975061,0.4005358278249867,0.42066016977750714,Tilt_share
641302,Tyler Alexander,2024,749,0.18748436018780348,0.4020019305780431,0.4105137092341533,Tilt_share
641302,Tyler Alexander,2025,730,0.19011516132518835,0.4024462699570691,0.40743856871774253,Tilt_share
641329,Bryan Baker,2025,542,0.178080551256646,0.4004136377338706,0.42150581100948337,Tilt_share
641401,Connor Brogdon,2025,390,0.17084629359389192,0.3991917796801003,0.4299619267260078,Tilt_share
641482,Nestor Cortes,2024,1273,0.18604892848470864,0.4017594877637522,0.41219158375153914,Tilt_share
641482,Nestor Cortes,2025,239,0.18492513622513027,0.4015696805040246,0.41350518327084507,Tilt_share
641540,Dane Dunning,2024,683,0.17749140729600163,0.40031413197575405,0.42219446072824435,Tilt_share
641656,Ian Hamilton,2024,271,0.17902278931784338,0.40057278069190627,0.42040442999025024,Tilt_share
641656,Ian Hamilton,2025,291,0.1731748974640524,0.3995850782776115,0.42724002425833607,Tilt_share
641672,Thomas Hatch,2025,274,0.1799949762840268,0.4007369819866042,0.41926804172936905,Tilt_share
641703,Brent Honeywell,2024,209,0.18141317495940498,0.4009765141617268,0.41761031087886824,Tilt_share
641712,Dakota Hudson,2024,528,0.18005238790278896,0.40074667874500486,0.41920093335220604,Tilt_share
641729,Joe Jiménez,2024,515,0.17994000401302343,0.4007276972313202,0.4193322987556564,Tilt_share
641745,Brad Keller,2024,323,0.18560492150589564,0.40168449548005375,0.41271058301405067,Tilt_share
641745,Brad Keller,2025,476,0.1816673174059182,0.40101943853759964,0.4173132440564821,Tilt_share
641755,Tyler Kinley,2024,523,0.18184881260348992,0.40105009287412063,0.4171010945223895,Tilt_share
641755,Tyler Kinley,2025,538,0.18467012688428283,0.4015266097106652,0.413803263405052,Tilt_share
641771,Chad Kuhl,2024,389,0.1798138808167432,0.40070639516408313,0.41947972401917366,Tilt_share
641778,Eric Lauer,2025,777,0.18855654363181634,0.40218302116636034,0.40926043520182337,Tilt_share
641793,Zack Littell,2024,1157,0.17987721661819742,0.40071709251033566,0.41940569087146684,Tilt_share
641793,Zack Littell,2025,1370,0.1779930582892192,0.40039886026921806,0.42160808144156275,Tilt_share
641816,Tyler Mahle,2025,661,0.17377030857146686,0.39968564254983036,0.4265440488787027,Tilt_share
641835,Tim Mayza,2024,281,0.19547573350671923,0.4033516646220315,0.4011726018712492,HAA_share
641927,Bailey Ober,2024,1313,0.17736661764893907,0.400293055143493,0.4223403272075679,Tilt_share
641927,Bailey Ober,2025,1157,0.17705456486966067,0.4002403497769803,0.422705085353359,Tilt_share
641941,Emilio Pagán,2024,279,0.17596741386315431,0.4000567311840453,0.4239758549528005,Tilt_share
641941,Emilio Pagán,2025,533,0.17634334331369877,0.4001202252491188,0.4235364314371825,Tilt_share
642048,Tayler Saucedo,2024,247,0.1942689642789324,0.40314784264488446,0.40258319307618323,HAA_share
642100,Gabe Speier,2025,452,0.19517689508486705,0.40330119114575536,0.4015219137693775,HAA_share
642152,Lou Trivino,2025,368,0.17860282829512175,0.4005018497433829,0.42089532196149537,Tilt_share
642207,Devin Williams,2025,537,0.17047082092463983,0.3991283627648778,0.4304008163104824,Tilt_share
642232,Ryan Yarbrough,2024,590,0.19050227803167935,0.4025116535371993,0.40698606843112145,Tilt_share
642232,Ryan Yarbrough,2025,432,0.19022132352157775,0.40246420063367905,0.40731447584474306,Tilt_share
642397,Gregory Soto,2024,391,0.19290384279317352,0.40291727514791276,0.40417888205891367,Tilt_share
642397,Gregory Soto,2025,449,0.19354468108923104,0.40302551202164677,0.40342980688912233,Tilt_share
642520,Gerson Garabito,2024,205,0.18080437731118099,0.4008736889176898,0.41832193377112925,Tilt_share
642528,Jonathan Loáisiga,2025,238,0.16973761612167687,0.39900452529110686,0.43125785858721627,Tilt_share
642546,Jonathan Hernández,2024,339,0.1771443464093667,0.40025551377893925,0.42260013981169414,Tilt_share
642547,Freddy Peralta,2024,1308,0.1769288763029829,0.4002191211181986,0.4228520025788186,Tilt_share
642547,Freddy Peralta,2025,1328,0.17646989125229454,0.4001415990548593,0.4233885096928461,Tilt_share
642585,Félix Bautista,2025,267,0.17498598766438556,0.39989096939326463,0.4251230429423498,Tilt_share
642701,Dennis Santana,2024,540,0.17679828135605014,0.4001970637772617,0.42300465486668803,Tilt_share
642701,Dennis Santana,2025,489,0.17909022547387346,0.40058417058347523,0.42032560394265134,Tilt_share
643338,Chad Green,2024,399,0.17564384450659792,0.40000208068047016,0.42435407481293197,Tilt_share
643338,Chad Green,2025,347,0.17918440210683337,0.40060007691178473,0.42021552098138193,Tilt_share
643377,Griffin Jax,2024,503,0.18171921286560397,0.40102820362288233,0.4172525835115137,Tilt_share
643377,Griffin Jax,2025,514,0.18224216618737907,0.4011165298558898,0.4166413039567311,Tilt_share
643410,Mark Leiter Jr.,2024,425,0.17993923252333086,0.4007275669275712,0.4193332005490979,Tilt_share
643410,Mark Leiter Jr.,2025,349,0.17779979247808372,0.4003662178891892,0.421833989632727,Tilt_share
643511,Tyler Rogers,2024,463,0.18391769242183237,0.4013995243688461,0.41468278320932167,Tilt_share
643511,Tyler Rogers,2025,489,0.1836821051342419,0.401359733938628,0.41495816092713,Tilt_share
645261,Sandy Alcantara,2025,1355,0.17210799980069513,0.399404880451754,0.42848711974755094,Tilt_share
647315,Zach Pop,2024,333,0.1725898291568954,0.39948626089282496,0.42792390995027957,Tilt_share
647336,Michael Soroka,2024,555,0.1767181990354875,0.4001835379626025,0.42309826300191,Tilt_share
647336,Michael Soroka,2025,654,0.1771419332512743,0.4002551061992279,0.4226029605494977,Tilt_share
650556,Bryan Abreu,2024,512,0.18333339031551055,0.40130083639452624,0.41536577328996316,Tilt_share
650556,Bryan Abreu,2025,509,0.18248244719886994,0.4011571130508416,0.41636043975028847,Tilt_share
650633,Michael King,2024,1170,0.17477872978391762,0.3998559637683252,0.4253653064477572,Tilt_share
650633,Michael King,2025,503,0.17404665033715072,0.3997323163659611,0.42622103329688804,Tilt_share
650644,Aaron Civale,2024,1112,0.18461584656635435,0.4015174418254842,0.4138667116081615,Tilt_share
650644,Aaron Civale,2025,752,0.18358324961130112,0.4013430373510174,0.41507371303768154,Tilt_share
650893,Génesis Cabrera,2024,453,0.19221781754908654,0.4028014062490356,0.4049807762018779,Tilt_share
650893,Génesis Cabrera,2025,324,0.19019688529366702,0.40246007304423115,0.40734304166210183,Tilt_share
650911,Cristopher Sánchez,2024,1330,0.19653751574018713,0.40353099845748397,0.39993148580232885,HAA_share
650911,Cristopher Sánchez,2025,1348,0.1958746434957008,0.40341904007442597,0.4007063164298732,HAA_share
655889,Manuel Rodríguez,2024,272,0.1804974650058783,0.4008218517715005,0.41868068322262125,Tilt_share
655889,Manuel Rodríguez,2025,202,0.18014009932598313,0.4007614931065929,0.4190984075674239,Tilt_share
656222,Jalen Beeks,2024,494,0.19231065636283404,0.4028170866211716,0.40487225701599444,Tilt_share
656222,Jalen Beeks,2025,425,0.19654029177144652,0.4035314673260687,0.39992824090248486,HAA_share
656234,Jake Bird,2024,246,0.18226688679465108,0.40112070513889714,0.41661240806645183,Tilt_share
656234,Jake Bird,2025,384,0.18514277968602802,0.40160644024191977,0.41325078007205235,Tilt_share
656240,Scott Blewett,2025,317,0.18169067976223544,0.4010233844135349,0.41728593582422957,Tilt_share
656271,Brock Burke,2024,275,0.19561152658551217,0.403374599921644,0.4010138734928438,HAA_share
656271,Brock Burke,2025,498,0.19540822438861555,0.40334026240724963,0.40125151320413477,HAA_share
656288,Griffin Canning,2024,1260,0.17672538302811644,0.40018475133094805,0.4230898656409354,Tilt_share
656288,Griffin Canning,2025,573,0.1789670415704949,0.4005633649595322,0.42046959346997276,Tilt_share
656302,Dylan Cease,2024,1386,0.18333945356731388,0.4013018604709959,0.4153586859616901,Tilt_share
656302,Dylan Cease,2025,1390,0.1815325929960407,0.40099668373497543,0.4174707232689839,Tilt_share
656412,Alex Faedo,2024,414,0.1771592964959262,0.4002580388318913,0.42258266467218253,Tilt_share
656427,Jack Flaherty,2024,1078,0.184626416748349,0.4015192271174384,0.4138543561342125,Tilt_share
656427,Jack Flaherty,2025,1442,0.1835177577495972,0.40133197584859237,0.4151502664018105,Tilt_share
656457,Tyler Gilbert,2025,363,0.1901769510073537,0.40245670616549756,0.4073663428271488,Tilt_share
656464,Kevin Ginkel,2024,518,0.1762582211718709,0.4001058482142666,0.42363593061386245,Tilt_share
656464,Kevin Ginkel,2025,208,0.17873154314396095,0.4005235895378477,0.4207448673181914,Tilt_share
656546,Jeff Hoffman,2024,454,0.1750417448648418,0.399900386722258,0.4250578684129003,Tilt_share
656546,Jeff Hoffman,2025,512,0.17197601330238907,0.39938258807934174,0.4286413986182692,Tilt_share
656550,Grant Holmes,2024,510,0.181775492399361,0.4010377091733879,0.4171867984272511,Tilt_share
656550,Grant Holmes,2025,884,0.1831318844168328,0.40126680227289835,0.4156013133102688,Tilt_share
656557,Tanner Houck,2024,1153,0.181250142575483,0.40094897817384706,0.41780087925067005,Tilt_share
656557,Tanner Houck,2025,305,0.1781724386350901,0.4004291574096447,0.4213984039552653,Tilt_share
656605,Mitch Keller,2024,1212,0.18066915087766386,0.40085084932383264,0.41847999979850353,Tilt_share
656605,Mitch Keller,2025,1315,0.1808584547715242,0.4008828225404508,0.4182587226880249,Tilt_share
656629,Michael Kopech,2024,465,0.1690299155135898,0.39888499544741585,0.43208508903899423,Tilt_share
656641,Jacob Latz,2024,342,0.1919298421966523,0.402752767533073,0.40531739027027475,Tilt_share
656641,Jacob Latz,2025,644,0.19425103498433216,0.40314481440701583,0.40260415060865207,HAA_share
656730,Trevor Megill,2024,308,0.1776589601923817,0.4003424314731479,0.4219986083344704,Tilt_share
656730,Trevor Megill,2025,335,0.18179012742852088,0.4010401810134964,0.41716969155798267,Tilt_share
656731,Tylor Megill,2024,603,0.17855715585066256,0.4004941357184339,0.42094870843090354,Tilt_share
656731,Tylor Megill,2025,509,0.1771041479913859,0.4002487243109595,0.42264712769765456,Tilt_share
656756,Jordan Montgomery,2024,883,0.19099616924224508,0.40259507121202487,0.40640875954573,Tilt_share
656794,Sean Newcomb,2025,670,0.1895647781095416,0.40235331084556825,0.4080819110448902,Tilt_share
656849,David Peterson,2024,839,0.19215347860813475,0.4027905394736402,0.40505598191822506,Tilt_share
656849,David Peterson,2025,1176,0.1900557625646666,0.4024362375726406,0.4075079998626928,Tilt_share
656876,Drew Rasmussen,2024,208,0.17811772572995638,0.400419916460967,0.4214623578090767,Tilt_share
656876,Drew Rasmussen,2025,1040,0.17942014731868314,0.4006398940152339,0.41993995866608286,Tilt_share
656945,Tanner Scott,2024,532,0.18732628749263144,0.40197523227606374,0.4106984802313049,Tilt_share
656945,Tanner Scott,2025,516,0.18785600719874251,0.40206470134384176,0.4100792914574158,Tilt_share
656986,Bennett Sousa,2025,355,0.18444533567898508,0.40148864272671,0.4140660215943049,Tilt_share
657006,Justin Steele,2024,940,0.18320428215853446,0.40127903017075556,0.4155166876707099,Tilt_share
657024,Erik Swanson,2024,315,0.1748078118903956,0.3998608757036858,0.4253313124059187,Tilt_share
657044,Ryan Thompson,2024,440,0.17796759265158713,0.40039455915141364,0.4216378481969992,Tilt_share
657044,Ryan Thompson,2025,289,0.18093268033113688,0.4008953591547154,0.41817196051414757,Tilt_share
657097,Jacob Webb,2024,419,0.17578574496484406,0.40002604750966325,0.42418820752549274,Tilt_share
657097,Jacob Webb,2025,470,0.1732447808086711,0.3995968814966047,0.4271583376947242,Tilt_share
657277,Logan Webb,2024,1314,0.17893668062575965,0.40055823702981586,0.4205050823444245,Tilt_share
657277,Logan Webb,2025,1412,0.17982084955872207,0.40070757217683395,0.41947157826444403,Tilt_share
657376,Clarke Schmidt,2024,577,0.18667691158742278,0.4018655534096627,0.41145753500291443,Tilt_share
657376,Clarke Schmidt,2025,545,0.18584928844204363,0.40172576878312466,0.41242494277483166,Tilt_share
657424,Matt Gage,2025,227,0.18469094960586907,0.40153012664512594,0.413778923749005,Tilt_share
657508,Mike Baumann,2024,468,0.1799725857774805,0.4007332002550116,0.41929421396750793,Tilt_share
657514,Brennan Bernardino,2024,357,0.18741115891905444,0.4019895669653635,0.41059927411558217,Tilt_share
657514,Brennan Bernardino,2025,340,0.18891991625847368,0.40224439439787885,0.4088356893436475,Tilt_share
657571,Caleb Ferguson,2024,407,0.18913763680202336,0.40228116715494794,0.40858119604302867,Tilt_share
657571,Caleb Ferguson,2025,452,0.1884260999432895,0.4021609893727997,0.4094129106839109,Tilt_share
657585,Reed Garrett,2024,398,0.17895224967038226,0.4005608666240947,0.42048688370552306,Tilt_share
657585,Reed Garrett,2025,393,0.17921311594525885,0.40060492664708175,0.42018195740765946,Tilt_share
657612,Tim Hill,2024,453,0.19479998252241681,0.4032375310341771,0.40196248644340604,HAA_share
657612,Tim Hill,2025,455,0.1941555494473066,0.40312868700626897,0.40271576354642435,HAA_share
657649,Jared Koenig,2024,460,0.19416503113543185,0.40313028845282217,0.40270468041174595,HAA_share
657649,Jared Koenig,2025,438,0.1939270610267898,0.40309009556678527,0.40298284340642493,HAA_share
657746,Joe Ryan,2024,978,0.17472145414709137,0.39984628997712185,0.42543225587578676,Tilt_share
657746,Joe Ryan,2025,1327,0.1735717953570196,0.3996521138892325,0.4267760907537479,Tilt_share
658648,Pedro Avila,2024,593,0.18248060137395575,0.40115680129307146,0.41636259733297276,Tilt_share
660271,Shohei Ohtani,2025,356,0.18309976124855026,0.40126137670558953,0.4156388620458602,Tilt_share
660761,José Suarez,2024,381,0.1907106923071709,0.4025468544759689,0.40674245321686026,Tilt_share
660787,Yerry De los Santos,2025,262,0.1699021488709837,0.39903231468902733,0.43106553643998896,Tilt_share
660825,Eduard Bazardo,2025,503,0.18192077533055695,0.40106224729849105,0.41701697737095206,Tilt_share
660853,Enyel De Los Santos,2024,521,0.17527218157985644,0.3999393072265102,0.42478851119363337,Tilt_share
660853,Enyel De Los Santos,2025,534,0.17433866775873444,0.3997816377828966,0.4258796944583689,Tilt_share
660896,Jorge Alcala,2024,411,0.17407661044346254,0.3997373765945148,0.42618601296202274,Tilt_share
660896,Jorge Alcala,2025,477,0.17518568997026712,0.39992469889008003,0.42488961113965285,Tilt_share
661395,Jhoan Duran,2024,406,0.17417110227636048,0.3997533361597423,0.4260755615638972,Tilt_share
661395,Jhoan Duran,2025,538,0.17214022944914292,0.39941032400344395,0.4284494465474131,Tilt_share
661403,Emmanuel Clase,2024,506,0.18871167415883758,0.40220922253941926,0.40907910330174313,Tilt_share
661403,Emmanuel Clase,2025,378,0.18990223914636398,0.4024103076384524,0.4076874532151835,Tilt_share
661527,Seth Martinez,2024,343,0.17891360856902236,0.40055434018515595,0.4205320512458216,Tilt_share
661563,Luis Gil,2024,1102,0.17616856956047539,0.40009070615705444,0.42374072428247017,Tilt_share
661563,Luis Gil,2025,409,0.1787699779787151,0.40053008113858674,0.4206999408826982,Tilt_share
662253,Andrés Muñoz,2024,384,0.1798752318936501,0.40071675729257245,0.41940801081377754,Tilt_share
662253,Andrés Muñoz,2025,442,0.17965701832287048,0.4006799012637539,0.41966308041337563,Tilt_share
663158,Robert Suarez,2024,503,0.16211123811333913,0.3977164385481421,0.44017232333851875,Tilt_share
663158,Robert Suarez,2025,552,0.16400762908106253,0.3980367368683056,0.43795563405063176,Tilt_share
663362,Matt Waldron,2024,621,0.17990063475365312,0.4007210478073053,0.41937831743904147,Tilt_share
663372,Ryan Feltner,2024,1114,0.18115864071956783,0.4009335236123983,0.41790783566803386,Tilt_share
663372,Ryan Feltner,2025,231,0.18330247946806333,0.4012956155868549,0.41540190494508183,Tilt_share
663399,Brandon Waddell,2025,228,0.18850912083416307,0.4021750115087084,0.40931586765712863,Tilt_share
663423,Trent Thornton,2024,511,0.18601791258697278,0.4017542492132043,0.41222783819982306,Tilt_share
663423,Trent Thornton,2025,303,0.18570745978868622,0.40170181408169725,0.4125907261296166,Tilt_share
663432,Tanner Rainey,2024,412,0.1705116997772484,0.3991352671575076,0.4303530330652441,Tilt_share
663436,Davis Martin,2024,407,0.1815147753457635,0.4009936743537086,0.4174915503005279,Tilt_share
663436,Davis Martin,2025,1082,0.17660076077445688,0.4001637027712463,0.4232355364542968,Tilt_share
663455,Konnor Pilkington,2025,217,0.19694631206524577,0.4036000437010196,0.39945364423373464,HAA_share
663460,Kris Bubic,2024,220,0.18616084888696405,0.4017783909949132,0.41206076011812276,Tilt_share
663460,Kris Bubic,2025,813,0.18787284707206295,0.4020675455796708,0.41005960734826624,Tilt_share
663465,Kolby Allard,2024,201,0.1899742879744621,0.40242247660519104,0.4076032354203469,Tilt_share
663465,Kolby Allard,2025,458,0.18968217168131496,0.4023731384889587,0.40794468982972626,Tilt_share
663474,Triston McKenzie,2024,479,0.18493963876870279,0.4015721299674652,0.41348823126383205,Tilt_share
663485,Cole Sands,2024,542,0.17702048961355138,0.40023459450421395,0.42274491588223473,Tilt_share
663485,Cole Sands,2025,520,0.17680735371570208,0.40019859608869224,0.4229940501956058,Tilt_share
663531,Logan Allen,2024,214,0.1871839745490937,0.4019511957785648,0.4108648296723416,Tilt_share
663542,Bryan Hudson,2024,398,0.1873661077823849,0.4019819578786075,0.4106519343390077,Tilt_share
663546,Sean Hjelle,2024,503,0.17741579597325685,0.40030136130764143,0.4222828427191019,Tilt_share
663554,Casey Mize,2024,831,0.1765649449722246,0.40015765352218025,0.4232774015055952,Tilt_share
663554,Casey Mize,2025,1110,0.17519853585264936,0.3999268685452925,0.4248745956020581,Tilt_share
663559,Bailey Falter,2024,951,0.18727561257727687,0.40196667333935776,0.41075771408336526,Tilt_share
663559,Bailey Falter,2025,849,0.18764706802625927,0.40202941175055545,0.41032352022318525,Tilt_share
663567,Peter Lambert,2024,433,0.17932612991942173,0.40062401458131863,0.42004985549925955,Tilt_share
663568,Stephen Kolek,2024,319,0.1776081714744082,0.40033385331530646,0.42205797521028526,Tilt_share
663568,Stephen Kolek,2025,753,0.17757444679587361,0.4003281572547017,0.42209739594942475,Tilt_share
663574,Tony Santillan,2024,238,0.17669108729675786,0.4001789588201579,0.4231299538830843,Tilt_share
663574,Tony Santillan,2025,579,0.17593426109004545,0.40005113171762924,0.4240146071923254,Tilt_share
663623,Jake Irvin,2024,1358,0.17783897384097558,0.4003728355776984,0.421788190581326,Tilt_share
663623,Jake Irvin,2025,1315,0.1793454370512325,0.400627275534356,0.42002728741441153,Tilt_share
663671,Nic Enright,2025,257,0.17934914147134406,0.40062790120678277,0.4200229573218731,Tilt_share
663687,Hogan Harris,2024,502,0.19143296628906417,0.4026688457462479,0.40589818796468796,Tilt_share
663687,Hogan Harris,2025,486,0.1907545665561676,0.402554264787709,0.4066911686561234,Tilt_share
663704,James McArthur,2024,381,0.18034373326181202,0.4007958866513231,0.4188603800868648,Tilt_share
663738,Daniel Lynch IV,2024,275,0.19199088801309563,0.4027630781034103,0.4052460338834942,Tilt_share
663738,Daniel Lynch IV,2025,440,0.19188767952680372,0.40274564630514265,0.4053666741680536,Tilt_share
663765,Jake Woodford,2024,262,0.18103455849617128,0.40091256626320587,0.4180528752406229,Tilt_share
663765,Jake Woodford,2025,269,0.1781027230642402,0.4004173825274539,0.4214798944083059,Tilt_share
663767,Chase Shugart,2025,279,0.1832133709443455,0.401280565256546,0.4155060637991085,Tilt_share
663773,Bryan Hoeing,2024,281,0.17368341220871705,0.3996709658510427,0.4266456219402403,Tilt_share
663776,Patrick Sandoval,2024,576,0.1885149975425608,0.40217600407820475,0.40930899837923446,Tilt_share
663855,Jordan Hicks,2024,788,0.17708719121927652,0.40024586033105536,0.4226669484496682,Tilt_share
663855,Jordan Hicks,2025,484,0.17474112243344173,0.3998496119287583,0.4254092656378,Tilt_share
663878,Nate Pearson,2024,439,0.1810145971492731,0.40090919481396964,0.4180762080367573,Tilt_share
663893,Brendon Little,2024,294,0.19081870253145555,0.40256509728243,0.40661620018611444,Tilt_share
663893,Brendon Little,2025,443,0.18837708977423637,0.4021527116098881,0.4094701986158756,Tilt_share
663903,Brady Singer,2024,1194,0.18025366686853586,0.4007806745379138,0.41896565859355045,Tilt_share
663903,Brady Singer,2025,1191,0.18014751699645584,0.4007627459428659,0.41908973706067837,Tilt_share
663941,Tristan Beck,2025,376,0.18619994348258145,0.40178499402852647,0.41201506248889214,Tilt_share
663947,Tyler Holton,2024,578,0.18914029699070614,0.40228161645785065,0.4085780865514433,Tilt_share
663947,Tyler Holton,2025,551,0.1875299260321598,0.4020096265983536,0.4104604473694866,Tilt_share
663969,Tyler Phillips,2024,286,0.18216310815557538,0.40110317704246,0.41673371480196475,Tilt_share
663969,Tyler Phillips,2025,492,0.17947487219724068,0.4006491369862096,0.4198759908165497,Tilt_share
663978,Chris Paddack,2024,663,0.1757053240632306,0.4000124645090419,0.42428221142772754,Tilt_share
663978,Chris Paddack,2025,1226,0.17430730271040054,0.3997763402612019,0.4259163570283975,Tilt_share
663992,Richard Lovelady,2024,243,0.1897976007131918,0.402392634323751,0.40780976496305726,Tilt_share
664062,Tony Gonsolin,2025,243,0.17739126849565745,0.4002972186440205,0.422311512860322,Tilt_share
664076,Garrett Cleavinger,2024,446,0.18396629793602173,0.40140773378600236,0.414625968277976,Tilt_share
664076,Garrett Cleavinger,2025,395,0.18798499868898857,0.4020864878627317,0.4099285134482797,Tilt_share
664126,Pete Fairbanks,2024,276,0.1835543480082693,0.4013381559024876,0.41510749608924297,Tilt_share
664126,Pete Fairbanks,2025,459,0.18529870570948984,0.40163277597344066,0.4130685183170696,Tilt_share
664141,JT Brubaker,2025,203,0.1750569790957837,0.39990295976687945,0.4250400611373369,Tilt_share
664192,Joey Lucchesi,2025,266,0.1931495479789232,0.4029587744798493,0.4038916775412274,Tilt_share
664199,Taylor Clarke,2025,386,0.17899502469158027,0.4005680912774852,0.4204368840309345,Tilt_share
664208,Phil Maton,2024,442,0.18946133938600487,0.4023358401604866,0.4082028204535086,Tilt_share
664208,Phil Maton,2025,435,0.18881231529120504,0.4022262207144715,0.40896146399432354,Tilt_share
664285,Framber Valdez,2024,987,0.18955382923214628,0.402351461592383,0.40809470917547064,Tilt_share
664285,Framber Valdez,2025,1270,0.18935764226886506,0.4023183258330135,0.40832403189812133,Tilt_share
664299,Cristian Javier,2025,261,0.1793759968365904,0.4006324370480318,0.41999156611537775,Tilt_share
664350,Sixto Sánchez,2024,247,0.17791819037564174,0.400386215162085,0.42169559446227317,Tilt_share
664747,Alexis Díaz,2024,402,0.17900759019695672,0.400570213577334,0.42042219622570925,Tilt_share
664776,Jake Cousins,2024,235,0.18411600177478094,0.40143301859746405,0.414450979627755,Tilt_share
664849,Danny Young,2024,237,0.18791040748364565,0.40207388949131107,0.41001570302504325,Tilt_share
664854,Ryan Helsley,2024,420,0.1844154561523727,0.40148359610797785,0.4141009477396494,Tilt_share
664854,Ryan Helsley,2025,454,0.1846013067010435,0.40151498605844366,0.4138837072405128,Tilt_share
664875,Justin Lawrence,2024,430,0.18023328601549898,0.4007772322345584,0.41898948174994255,Tilt_share
664991,Grant Wolfram,2025,226,0.1912894969118498,0.40264461392839035,0.40606588915975994,Tilt_share
665152,Dean Kremer,2024,912,0.17774875990163808,0.4003575985439237,0.42189364155443815,Tilt_share
665152,Dean Kremer,2025,1259,0.1773991220016564,0.40029854509242785,0.4223023329059157,Tilt_share
665622,Luis Medina,2024,325,0.17767334814111296,0.40034486158164756,0.4219817902772394,Tilt_share
665625,Elvis Peguero,2024,347,0.17770838308576553,0.4003507789447389,0.4219408379694955,Tilt_share
665660,Elvis Alvarado,2025,341,0.16765543486347176,0.39865284719801847,0.4336917179385098,Tilt_share
665795,Edward Cabrera,2024,741,0.17426755475947284,0.3997696268766052,0.4259628183639221,Tilt_share
665795,Edward Cabrera,2025,944,0.17641856578440346,0.4001329302405553,0.4234485039750413,Tilt_share
665871,Javier Assad,2024,952,0.18000507918401148,0.40073868835514775,0.41925623246084065,Tilt_share
665871,Javier Assad,2025,246,0.17869009856783707,0.40051658959514697,0.420793311837016,Tilt_share
666129,Braxton Garrett,2024,257,0.18901594823719234,0.4022606140920185,0.4087234376707892,Tilt_share
666142,Cole Ragans,2024,1382,0.19592721540442165,0.4034279194111966,0.40064486518438175,HAA_share
666142,Cole Ragans,2025,504,0.19683664016482902,0.4035815202393124,0.3995818395958587,HAA_share
666157,Nick Lodolo,2024,803,0.19560747298940445,0.40337391527378075,0.40101861173681475,HAA_share
666157,Nick Lodolo,2025,1168,0.19466119788637432,0.40321409046388046,0.40212471164974534,HAA_share
666159,Matt Manning,2024,202,0.18478877025178367,0.40154664844316074,0.4136645813050556,Tilt_share
666171,Ryan Zeferjahn,2025,428,0.18655255451932715,0.401844549639507,0.4116028958411659,Tilt_share
666200,Jesús Luzardo,2024,412,0.1965869049364927,0.403539340237676,0.3998737548258313,HAA_share
666200,Jesús Luzardo,2025,1356,0.1928510912024942,0.4029083654630598,0.40424054333444615,Tilt_share
666205,Kyle Muller,2024,307,0.18567939101900996,0.40169707329779275,0.41262353568319726,Tilt_share
666214,Joey Wentz,2024,536,0.18894047419523902,0.40224786661047846,0.4088116591942825,Tilt_share
666214,Joey Wentz,2025,840,0.18550046509537968,0.40166685290877596,0.41283268199584433,Tilt_share
666277,George Soriano,2025,307,0.1783096428488753,0.4004523310483841,0.42123802610274064,Tilt_share
666374,Matt Brash,2025,321,0.184778913331232,0.401544983620269,0.41367610304849906,Tilt_share
666661,Juan Morillo,2025,282,0.17345873732269168,0.39963301851328287,0.4269082441640254,Tilt_share
666745,Jhony Brito,2024,265,0.16819155650524284,0.39874339754559196,0.43306504594916523,Tilt_share
666808,Camilo Doval,2024,440,0.18262482349403916,0.4011811602483604,0.4161940162576005,Tilt_share
666808,Camilo Doval,2025,493,0.18459181678503947,0.4015133832222109,0.41389479999274964,Tilt_share
666974,Yennier Cano,2024,438,0.17161579761549722,0.39932174805142984,0.4290624543330729,Tilt_share
666974,Yennier Cano,2025,423,0.17436461557767632,0.39978602034058675,0.42584936408173707,Tilt_share
667463,John King,2024,396,0.19531492758915817,0.40332450468183784,0.401360567729004,HAA_share
667463,John King,2025,361,0.1935986387062123,0.4030346254029976,0.4033667358907902,Tilt_share
667725,Kyle Tyler,2024,231,0.18642399145743752,0.4018228354816887,0.4117531730608739,Tilt_share
667755,José Soriano,2024,718,0.1750520564987118,0.3999021283457222,0.425045815155566,Tilt_share
667755,José Soriano,2025,1158,0.1779882103615919,0.4003980414596468,0.42161374817876135,Tilt_share
668338,Tyson Miller,2024,454,0.18583755735341903,0.4017237874153349,0.412438655231246,Tilt_share
668390,Cole Winn,2025,265,0.1779500479650103,0.40039159587341133,0.4216583561615784,Tilt_share
668674,Lucas Erceg,2024,399,0.17136509687437007,0.3992794049757596,0.4293554981498703,Tilt_share
668674,Lucas Erceg,2025,447,0.1725090029573587,0.3994726094378363,0.4280183876048051,Tilt_share
668678,Zac Gallen,2024,951,0.18135308239810757,0.40096636459512075,0.41768055300677154,Tilt_share
668678,Zac Gallen,2025,1316,0.18074403441887463,0.4008634970704555,0.4183924685106698,Tilt_share
668820,Max Kranick,2025,273,0.18459580939777656,0.4015140575700508,0.4138901330321727,Tilt_share
668881,Hunter Greene,2024,1158,0.17620457212108961,0.4000967869494029,0.4236986409295074,Tilt_share
668881,Hunter Greene,2025,876,0.17523178888298546,0.3999324849450425,0.424835726171972,Tilt_share
668909,Gavin Williams,2024,635,0.17605770997677964,0.40007198209696554,0.42387030792625485,Tilt_share
668909,Gavin Williams,2025,1261,0.1798431977024765,0.4007113467533981,0.4194454555441254,Tilt_share
668933,Graham Ashcraft,2024,574,0.18536471691376755,0.4016439251922473,0.4129913578939852,Tilt_share
668933,Graham Ashcraft,2025,471,0.18926617743658503,0.4023028775248155,0.40843094503859945,Tilt_share
668941,JoJo Romero,2024,352,0.19075861199582994,0.4025549480579578,0.4066864399462123,Tilt_share
668941,JoJo Romero,2025,380,0.18883501013444384,0.4022300538481921,0.40893493601736425,Tilt_share
668964,Tobias Myers,2024,1009,0.18182320586449854,0.40104576792445396,0.4171310262110476,Tilt_share
668964,Tobias Myers,2025,401,0.18021120085305528,0.4007735020752444,0.4190152970717004,Tilt_share
668984,Casey Legumina,2025,403,0.17010342766665001,0.3990663104532098,0.43083026188014023,Tilt_share
669020,Ryan Rolison,2025,292,0.18316699794562927,0.40127273290876403,0.4155602691456066,Tilt_share
669022,MacKenzie Gore,2024,1385,0.19095579888019712,0.40258825270288384,0.40645594841691907,Tilt_share
669022,MacKenzie Gore,2025,1322,0.1895145325426903,0.40234482442534575,0.4081406430319639,Tilt_share
669060,Bryse Wilson,2024,746,0.17918137572191276,0.4005995657587458,0.4202190585193415,Tilt_share
669060,Bryse Wilson,2025,380,0.1778390483245668,0.4003728481578939,0.42178810351753926,Tilt_share
669062,Erik Miller,2024,482,0.19451684027650026,0.4031897086245169,0.4022934510989828,HAA_share
669062,Erik Miller,2025,214,0.19589563739324145,0.4034225859203145,0.400681776686444,HAA_share
669084,DL Hall,2024,289,0.18950407556220916,0.402343058253001,0.40815286618478985,Tilt_share
669084,DL Hall,2025,247,0.18974813236856425,0.40238427917549563,0.4078675884559401,Tilt_share
669093,Jeremiah Estrada,2024,496,0.1810440907329003,0.4009141762473619,0.4180417330197379,Tilt_share
669093,Jeremiah Estrada,2025,599,0.17921021709983995,0.40060443703532245,0.4201853458648376,Tilt_share
669160,Dustin May,2025,919,0.1802368862943838,0.4007778403176481,0.4189852733879681,Tilt_share
669194,Ryne Nelson,2024,1139,0.17814196521896483,0.4004240104836359,0.42143402429739935,Tilt_share
669194,Ryne Nelson,2025,1175,0.1815579069695787,0.4010009592368835,0.41744113379353776,Tilt_share
669199,Lake Bachar,2025,495,0.18073467343994581,0.400861916011551,0.4184034105485033,Tilt_share
669203,Corbin Burnes,2024,1306,0.18520398680208017,0.4016167780555812,0.4131792351423387,Tilt_share
669203,Corbin Burnes,2025,436,0.1848701239322606,0.4015603889890921,0.41356948707864727,Tilt_share
669211,Keegan Akin,2024,526,0.19413776955339615,0.40312568400201026,0.40273654644459356,HAA_share
669211,Keegan Akin,2025,505,0.19574567119130268,0.4033972567960043,0.400857072012693,HAA_share
669212,Eli Morgan,2024,307,0.17771508920620205,0.400351911601004,0.4219329991927939,Tilt_share
669276,Dylan Lee,2024,431,0.18766653032612873,0.4020326989113049,0.4103007707625664,Tilt_share
669276,Dylan Lee,2025,540,0.18931671790025262,0.4023114137527815,0.4083718683469659,Tilt_share
669302,Logan Gilbert,2024,1370,0.18231098839897883,0.4011281538506992,0.4165608577503219,Tilt_share
669302,Logan Gilbert,2025,998,0.18007075833306718,0.4007497814901977,0.41917946017673513,Tilt_share
669358,Shane Baz,2024,573,0.1784985728221682,0.4004842411102354,0.42101718606759636,Tilt_share
669358,Shane Baz,2025,1258,0.17885962597467142,0.40054522258515524,0.42059515144017334,Tilt_share
669371,Cole Henry,2025,392,0.17494905853886417,0.3998847321051363,0.4251662093559996,Tilt_share
669372,J.T. Ginn,2024,232,0.17532285475177561,0.3999478658687519,0.4247292793794725,Tilt_share
669372,J.T. Ginn,2025,644,0.17753094179406334,0.40032080930839964,0.42214824889753705,Tilt_share
669373,Tarik Skubal,2024,1318,0.1955094193775468,0.4033573541280579,0.4011332264943953,HAA_share
669373,Tarik Skubal,2025,1481,0.19596769281935636,0.4034347560014508,0.4005975511791928,HAA_share
669387,Carmen Mlodzinski,2024,395,0.18061983637365425,0.4008425201590861,0.4185376434672597,Tilt_share
669387,Carmen Mlodzinski,2025,696,0.17741364765285156,0.4003009984587201,0.42228535388842836,Tilt_share
669422,Matt Sauer,2025,242,0.1812094684035477,0.4009421083515548,0.41784842324489757,Tilt_share
669432,Trevor Rogers,2024,944,0.19589007540217646,0.4034216465062247,0.4006882780915988,HAA_share
669432,Trevor Rogers,2025,830,0.1952287975731159,0.40330995741815456,0.4014612450087295,HAA_share
669438,Mason Englert,2025,338,0.17746842364199727,0.4003102500622171,0.42222132629578557,Tilt_share
669456,Shane Bieber,2025,280,0.1809454521810853,0.4008975163059324,0.4181570315129824,Tilt_share
669461,Matthew Liberatore,2024,628,0.18869012192622367,0.4022055823913593,0.40910429568241696,Tilt_share
669461,Matthew Liberatore,2025,1083,0.1879329194327427,0.402077691734415,0.4099893888328423,Tilt_share
669467,Andre Pallante,2024,787,0.18252002289931976,0.4011634595447544,0.41631651755592586,Tilt_share
669467,Andre Pallante,2025,1158,0.18312262601450494,0.40126523853906737,0.4156121354464277,Tilt_share
669622,Anthony Bender,2024,357,0.18106994109760433,0.40091854234513985,0.4180115165572558,Tilt_share
669622,Anthony Bender,2025,307,0.18477200871053925,0.40154381743753204,0.4136841738519288,Tilt_share
669674,Sam Long,2024,312,0.18732917488818215,0.40197571995395304,0.4106951051578648,Tilt_share
669674,Sam Long,2025,338,0.18891871295667073,0.4022441911615459,0.40883709588178335,Tilt_share
669684,Chris Murphy,2025,230,0.18431758689777453,0.40146706609999055,0.4142153470022349,Tilt_share
669711,Greg Weissert,2024,450,0.17773208269774168,0.40035478178277906,0.42191313551947923,Tilt_share
669711,Greg Weissert,2025,477,0.17679940465366678,0.4001972535009769,0.4230033418453564,Tilt_share
669713,Hayden Wesneski,2024,438,0.18478262551649058,0.40154561060422045,0.41367176387928895,Tilt_share
669713,Hayden Wesneski,2025,228,0.1826189911376728,0.40118017516987264,0.4162008336924546,Tilt_share
669721,Davis Daniel,2024,228,0.18045846351721406,0.40081526446354787,0.41872627201923807,Tilt_share
669724,Brenan Hanifee,2024,208,0.1719457467025472,0.3993774760843726,0.4286767772130802,Tilt_share
669724,Brenan Hanifee,2025,409,0.17163353769415646,0.39932474433093706,0.4290417179749065,Tilt_share
669854,Ronel Blanco,2024,1153,0.17910986176194024,0.40058748713063724,0.4203026511074225,Tilt_share
669854,Ronel Blanco,2025,355,0.18190630137140815,0.4010598026629278,0.417033895965664,Tilt_share
669920,Jason Alexander,2025,498,0.17485010761246572,0.3998680194039879,0.4252818729835463,Tilt_share
669923,George Kirby,2024,1431,0.1755217747168894,0.3999814632290839,0.4244967620540267,Tilt_share
669923,George Kirby,2025,926,0.17817533470514577,0.40042964655264823,0.421395018742206,Tilt_share
670036,Matt Festa,2024,200,0.18727161510144702,0.4019659981701469,0.41076238672840604,Tilt_share
670036,Matt Festa,2025,390,0.18789372725635853,0.40207107221951904,0.41003520052412246,Tilt_share
670059,Colin Holderman,2024,367,0.1830257410238312,0.40124887477215954,0.4157253842040092,Tilt_share
670059,Colin Holderman,2025,216,0.17881117280224548,0.40053703889835296,0.4206517882994016,Tilt_share
670102,Bowden Francis,2024,720,0.1784240847947877,0.40047166016545743,0.42110425503975485,Tilt_share
670102,Bowden Francis,2025,500,0.17617489112007645,0.40009177386142314,0.4237333350185004,Tilt_share
670124,Adam Oller,2024,290,0.17767303806260348,0.400344809209733,0.4219821527276635,Tilt_share
670167,John Schreiber,2024,350,0.17949630356909388,0.4006527567210218,0.41985093970988435,Tilt_share
670167,John Schreiber,2025,467,0.17950831453803387,0.4006547853602847,0.4198369001016814,Tilt_share
670174,Josh Winckowski,2024,523,0.17777096543212936,0.40036134903326676,0.42186768553460385,Tilt_share
670280,David Bednar,2024,473,0.1740166367789919,0.3997272471094502,0.4262561161115579,Tilt_share
670280,David Bednar,2025,452,0.1773975178586326,0.40029827415445957,0.4223042079869078,Tilt_share
670329,Rico Garcia,2025,264,0.17475592992466543,0.3998521128975171,0.4253919571778174,Tilt_share
670766,Darren McCaughan,2024,303,0.17922639484819683,0.40060716943898333,0.42016643571281986,Tilt_share
670912,Johan Oviedo,2025,262,0.18131363497581587,0.40095970196947567,0.4177266630547085,Tilt_share
670950,Trevor Richards,2024,464,0.17408208468315428,0.3997383011874954,0.42617961412935035,Tilt_share
670955,Edwin Uceta,2024,329,0.1733781798134513,0.39961941243978566,0.42700240774676307,Tilt_share
670955,Edwin Uceta,2025,610,0.17352821737193352,0.3996447536161365,0.4268270290119299,Tilt_share
670970,Adrian Morejon,2024,473,0.19274241857365365,0.40289001077720754,0.4043675706491388,Tilt_share
670970,Adrian Morejon,2025,442,0.1965613372723235,0.40353502188770324,0.3999036408399734,HAA_share
670990,Yohan Ramírez,2024,265,0.18020322478982054,0.4007721549270566,0.4190246202831229,Tilt_share
670990,Yohan Ramírez,2025,279,0.1816725939471064,0.4010203297395235,0.41730707631337005,Tilt_share
671096,Andrew Abbott,2024,1007,0.18932889070402054,0.40231346972576637,0.4083576395702131,Tilt_share
671096,Andrew Abbott,2025,1261,0.1904215116392248,0.4024980121835601,0.40708047617721516,Tilt_share
671106,Logan Allen,2024,660,0.18683926228039244,0.40189297426070064,0.41126776345890703,Tilt_share
671106,Logan Allen,2025,1107,0.18796555213543562,0.40208320336151765,0.40995124450304676,Tilt_share
671131,Jackson Rutledge,2025,596,0.17425658171979094,0.39976777354243676,0.4259756447377723,Tilt_share
671212,Joe Boyle,2024,317,0.1818828963906201,0.40105584958776697,0.417061254021613,Tilt_share
671212,Joe Boyle,2025,391,0.17737904596031384,0.40029515427142787,0.4223257997682583,Tilt_share
671305,Michel Otañez,2024,266,0.1741217709988168,0.39974500416196457,0.42613322483921856,Tilt_share
671345,Jason Foley,2024,407,0.1734258930622809,0.39962747115431746,0.4269466357834016,Tilt_share
671737,Taj Bradley,2024,1105,0.17752015892137393,0.40031898809322425,0.42216085298540185,Tilt_share
671737,Taj Bradley,2025,997,0.17737424703686952,0.40029434373860845,0.42233140922452206,Tilt_share
671922,Cade Smith,2024,524,0.17280272720188583,0.399522219135264,0.42767505366285025,Tilt_share
671922,Cade Smith,2025,580,0.17313370625979912,0.3995781211291372,0.4272881726110637,Tilt_share
672282,Reid Detmers,2024,672,0.19008254422367213,0.40244076096498776,0.40747669481134,Tilt_share
672282,Reid Detmers,2025,484,0.18820156921533482,0.4021230663831773,0.4096753644014878,Tilt_share
672335,Cionel Pérez,2024,360,0.18832260729714526,0.40214350958024986,0.40953388312260486,Tilt_share
672391,Kaleb Ort,2025,349,0.17863502027950828,0.40050728693365495,0.42085769278683677,Tilt_share
672456,Keider Montero,2024,700,0.18183844977878788,0.40104834260458194,0.4171132076166301,Tilt_share
672456,Keider Montero,2025,660,0.1803999914234959,0.40080538859210935,0.4187946199843947,Tilt_share
672578,Carlos Hernández,2024,256,0.17611577076998192,0.4000817885002054,0.42380244072981266,Tilt_share
672578,Carlos Hernández,2025,354,0.17407039352853196,0.3997363265645142,0.4261932799069538,Tilt_share
672582,Angel Zerpa,2024,372,0.19460829141761,0.4032051546202915,0.4021865539620985,HAA_share
672582,Angel Zerpa,2025,431,0.19240784248091064,0.4028335012481619,0.4047586562709274,Tilt_share
672710,Roansy Contreras,2024,446,0.1803945166562499,0.40080446391002533,0.41880101943372483,Tilt_share
672782,Yoendrys Gómez,2025,489,0.17887012984024322,0.4005469966763396,0.4205828734834172,Tilt_share
672841,Carlos Vargas,2025,496,0.17371867020478823,0.39967692088726997,0.4266044089079418,Tilt_share
673380,Dedniel Núñez,2024,260,0.18120007267556332,0.40094052142357356,0.4178594059008631,Tilt_share
673513,Yuki Matsui,2024,473,0.18742511197298056,0.40199192362061537,0.4105829644064041,Tilt_share
673513,Yuki Matsui,2025,474,0.18934276171715264,0.40231581252441956,0.40834142575842763,Tilt_share
673540,Kodai Senga,2025,545,0.1778708573785359,0.4003782206716454,0.4217509219498188,Tilt_share
673929,Jordan Leasure,2024,238,0.18178439746435704,0.40103921322893743,0.4171763893067054,Tilt_share
673929,Jordan Leasure,2025,518,0.18273690365196527,0.40120009046207594,0.41606300588595874,Tilt_share
674003,Cody Bradford,2024,505,0.19044611891014196,0.4025021683241834,0.4070517127656747,Tilt_share
674072,Tommy Henry,2024,270,0.1905752697018825,0.40252398174891824,0.4069007485491994,Tilt_share
674285,Eduardo Salazar,2024,211,0.17690496011349444,0.40021508170045805,0.42287995818604757,Tilt_share
674285,Eduardo Salazar,2025,242,0.17533469711508592,0.3999498660307119,0.4247154368542021,Tilt_share
674370,Osvaldo Bido,2024,479,0.17567646975442872,0.4000075910484549,0.4243159391971164,Tilt_share
674370,Osvaldo Bido,2025,620,0.17576124205872426,0.4000219089961378,0.4242168489451379,Tilt_share
674444,Steven Cruz,2025,296,0.1780201993317643,0.4004034443610444,0.42157635630719137,Tilt_share
675512,Troy Melton,2025,302,0.18046564476067783,0.4008164773675625,0.4187178778717597,Tilt_share
675540,Xzavion Curry,2024,307,0.1848534339437208,0.40155757006863535,0.4135889959876437,Tilt_share
675627,Michael Grove,2024,302,0.1841165280184157,0.40143310747942723,0.41445036450215694,Tilt_share
675848,Juan Mejia,2025,479,0.186223549594457,0.4017889810745038,0.4119874693310393,Tilt_share
675911,Spencer Strider,2025,934,0.17922361121802627,0.400606699286951,0.4201696894950228,Tilt_share
675921,Spencer Howard,2024,261,0.17757863602991053,0.4003288648116599,0.4220924991584295,Tilt_share
676083,Janson Junk,2025,804,0.185587149972955,0.4016814938879536,0.41273135613909145,Tilt_share
676092,Collin Snider,2024,321,0.18610388986991663,0.4017687706804374,0.412127339449646,Tilt_share
676092,Collin Snider,2025,241,0.1867033845265036,0.4018700246595588,0.41142659081393756,Tilt_share
676106,Emerson Hancock,2024,450,0.17004021895707888,0.39905563457263454,0.4309041464702865,Tilt_share
676106,Emerson Hancock,2025,679,0.1709312932456702,0.39920613602651955,0.4298625707278103,Tilt_share
676130,José Buttó,2024,501,0.17693195746682738,0.40021964152333667,0.42284840100983595,Tilt_share
676130,José Buttó,2025,474,0.18022403867714737,0.4007756703694207,0.4190002909534319,Tilt_share
676254,Ryan Walker,2024,471,0.18166583388523433,0.40101918797261016,0.4173149781421556,Tilt_share
676254,Ryan Walker,2025,409,0.1785530325701528,0.40049343930095277,0.4209535281288943,Tilt_share
676263,Jack Dreyer,2025,541,0.1865932658722592,0.4018514257416281,0.4115553083861127,Tilt_share
676272,Bobby Miller,2024,413,0.1754158804663664,0.399963577808232,0.42462054172540165,Tilt_share
676282,Joey Cantillo,2024,292,0.1869896239072332,0.4019183701718359,0.4110920059209309,Tilt_share
676282,Joey Cantillo,2025,661,0.1886146612523759,0.40219283716767756,0.4091925015799466,Tilt_share
676395,Robert Garcia,2024,444,0.19582256926067826,0.4034102447941882,0.4007671859451335,HAA_share
676395,Robert Garcia,2025,469,0.19416979763586445,0.40313109350943105,0.40269910885470445,HAA_share
676428,Brant Hurter,2024,294,0.1929995400091227,0.4029334383009939,0.40406702168988345,Tilt_share
676428,Brant Hurter,2025,428,0.1925672353978458,0.4028604225341253,0.40457234206802906,Tilt_share
676440,Tanner Bibee,2024,1310,0.18242796169512732,0.4011479105100052,0.41642412779486737,Tilt_share
676440,Tanner Bibee,2025,1275,0.18196854920195477,0.4010703162521071,0.4169611345459382,Tilt_share
676467,Colton Gordon,2025,694,0.18926348822847977,0.4023024233205647,0.40843408845095547,Tilt_share
676477,Garrett Whitlock,2025,587,0.17509472859780809,0.3999093356156845,0.42499593578650746,Tilt_share
676508,Ben Casparius,2025,590,0.1886939565258739,0.4022062300509651,0.40909981342316093,Tilt_share
676534,Calvin Faucher,2024,400,0.18503536937255083,0.4015882987597251,0.4133763318677241,Tilt_share
676534,Calvin Faucher,2025,426,0.18536904714269736,0.4016446565630858,0.412986296294217,Tilt_share
676596,Josh Fleming,2024,208,0.1921692641166995,0.40279320562843757,0.40503753025486305,Tilt_share
676617,Riley O'Brien,2025,314,0.17936156991051802,0.40063000035630286,0.4200084297331792,Tilt_share
676661,Max Lazar,2025,280,0.1845865783609459,0.4015124984582218,0.4139009231808323,Tilt_share
676664,JP Sears,2024,1265,0.19055568213810012,0.40252067343123354,0.40692364443066636,Tilt_share
676664,JP Sears,2025,1062,0.19032174446780725,0.40248116161953806,0.4071970939126548,Tilt_share
676684,Will Vest,2024,527,0.17475542603870511,0.39985202779174017,0.42539254616955474,Tilt_share
676684,Will Vest,2025,552,0.17529065982293252,0.3999424281811644,0.424766911995903,Tilt_share
676702,Hunter Stratton,2024,268,0.18592877698325228,0.40173919430911303,0.4123320287076347,Tilt_share
676710,Kutter Crawford,2024,1335,0.18391775624520437,0.4013995351485424,0.4146827086062533,Tilt_share
676755,Isaac Mattson,2025,374,0.17049742226901593,0.3991328557022851,0.43036972202869905,Tilt_share
676775,Keaton Winn,2024,360,0.1729750988637845,0.3995513325167816,0.4274735686194339,Tilt_share
676879,Aaron Ashby,2025,393,0.19265806976774758,0.40287576435793054,0.404466165874322,Tilt_share
676917,Cade Cavalli,2025,370,0.1785136755336654,0.4004867919413692,0.42099953252496536,Tilt_share
676961,Caleb Boushley,2025,300,0.17659612683078632,0.40016292010332666,0.4232409530658871,Tilt_share
676962,Ben Brown,2024,343,0.17755254154726957,0.40032445748263457,0.4221230009700958,Tilt_share
676962,Ben Brown,2025,781,0.17971354563833072,0.4006894486643129,0.41959700569735636,Tilt_share
676974,Max Meyer,2024,405,0.18104484956659306,0.4009143044135266,0.41804084601988034,Tilt_share
676974,Max Meyer,2025,455,0.1793312987365555,0.40062488758876985,0.4200438136746747,Tilt_share
676979,Garrett Crochet,2024,1122,0.19056792822828134,0.402522741782212,0.4069093299895067,Tilt_share
676979,Garrett Crochet,2025,1519,0.1885450944656288,0.4021810874149559,0.40927381811941527,Tilt_share
677053,Andrew Nardi,2024,413,0.18766962805904897,0.40203322211494147,0.4102971498260096,Tilt_share
677161,Zack Kelly,2024,418,0.18122761867383813,0.40094517391197115,0.4178272074141907,Tilt_share
677161,Zack Kelly,2025,267,0.1795004457733482,0.4006534563347022,0.41984609789194965,Tilt_share
677944,Slade Cecconi,2024,600,0.17424487263048066,0.39976579589030675,0.4259893314792127,Tilt_share
677944,Slade Cecconi,2025,902,0.1776773135985291,0.400345531342984,0.4219771550584868,Tilt_share
677952,Braxton Ashcraft,2025,530,0.17996387627530183,0.4007317292298039,0.4193043944948943,Tilt_share
677955,Jaden Hill,2025,227,0.17400945843900073,0.39972603469582885,0.4262645068651704,Tilt_share
677958,Kumar Rocker,2025,521,0.1764544709406781,0.40013899458141944,0.42340653447790244,Tilt_share
677960,Ryan Weathers,2024,562,0.1961695554510184,0.40346885037488206,0.4003615941740996,HAA_share
677960,Ryan Weathers,2025,303,0.194209720173832,0.40313783638158424,0.4026524434445838,HAA_share
678020,Seth Halvorsen,2025,281,0.17367153477172323,0.3996689597651766,0.4266595054631002,Tilt_share
678022,Jack Perkins,2025,287,0.18022672410092247,0.40077612393450235,0.41899715196457515,Tilt_share
678024,Mike Vasil,2025,664,0.1784733043342219,0.40047997329079316,0.421046722374985,Tilt_share
678226,Daysbel Hernández,2025,291,0.18058142585543144,0.40083603266538215,0.41858254147918644,Tilt_share
678368,Valente Bellozo,2024,467,0.18334331898943068,0.4013025133364819,0.41535416767408745,Tilt_share
678368,Valente Bellozo,2025,629,0.18480415941651862,0.4015492476559271,0.41364659292755424,Tilt_share
678394,Brayan Bello,2024,1113,0.1751824968464817,0.3999241595750327,0.4248933435784856,Tilt_share
678394,Brayan Bello,2025,1149,0.1763698814887161,0.4001247075172918,0.4235054109939921,Tilt_share
678495,Randy Rodríguez,2024,375,0.1810699721904865,0.400918547596693,0.41801148021282053,Tilt_share
678495,Randy Rodríguez,2025,386,0.18460846095985697,0.40151619440478103,0.41387534463536213,Tilt_share
678606,Jose A. Ferrer,2024,226,0.20352728847371152,0.4047115632792834,0.3917611482470049,HAA_share
678606,José A. Ferrer,2025,568,0.2024470661000996,0.40452911492471966,0.39302381897518085,HAA_share
678692,Ronny Henriquez,2025,523,0.18308536706373618,0.4012589455438225,0.4156556873924413,Tilt_share
678906,Kai-Wei Teng,2025,230,0.18386800974894177,0.40139113302078594,0.41474085723027226,Tilt_share
679358,Eric Orze,2025,320,0.1765995850398702,0.4001635041909854,0.4232369107691445,Tilt_share
679525,Alec Marsh,2024,924,0.1782336290105103,0.400439492395832,0.4213268785936577,Tilt_share
679885,Justin Martinez,2024,515,0.17226474070217151,0.399431353815263,0.42830390548256553,Tilt_share
680570,Grayson Rodriguez,2024,838,0.17528545409931337,0.399941548940249,0.42477299696043763,Tilt_share
680573,Simeon Woods Richardson,2024,1085,0.18063746075335882,0.4008454968971688,0.41851704234947235,Tilt_share
680573,Simeon Woods Richardson,2025,833,0.18072242544007522,0.40085984733802815,0.4184177272218967,Tilt_share
680684,Gunnar Hoglund,2025,234,0.17398143243882805,0.39972130113564586,0.4262972664255261,Tilt_share
680689,Lyon Richardson,2025,257,0.17223790088231,0.39942682059961204,0.4283352785180779,Tilt_share
680694,Kyle Bradish,2024,266,0.18394104282135476,0.40140346822529194,0.4146554889533532,Tilt_share
680694,Kyle Bradish,2025,206,0.1849466900673178,0.4015733209239397,0.4134799890087425,Tilt_share
680704,Nick Sandlin,2024,422,0.1779689619144359,0.4003947904183822,0.4216362476671819,Tilt_share
680730,Mitchell Parker,2024,1160,0.18835323300183263,0.40214868222762695,0.4094980847705404,Tilt_share
680730,Mitchell Parker,2025,1300,0.188780808994657,0.4022208993361108,0.40899829166923213,Tilt_share
680732,Sean Burke,2025,1037,0.18096226711808128,0.4009003563300441,0.41813737655187466,Tilt_share
680736,Justin Wrobleski,2024,263,0.19151500910434976,0.4026827026862801,0.40580228820937003,Tilt_share
680736,Justin Wrobleski,2025,515,0.18887326795665768,0.40223651555171025,0.40889021649163193,Tilt_share
680742,Jonathan Bowlan,2025,318,0.1769926117224565,0.40022988595948905,0.4227775023180545,Tilt_share
680755,Braydon Fisher,2025,338,0.1848618797834823,0.4015589965615549,0.4135791236549629,Tilt_share
680767,Victor Vodnik,2024,480,0.17584399540300605,0.4000358859437254,0.4241201186532686,Tilt_share
680767,Victor Vodnik,2025,376,0.1752465812926598,0.3999349833665445,0.4248184353407958,Tilt_share
680885,Spencer Schwellenbach,2024,940,0.18157945190307545,0.40100459815213063,0.41741594994479386,Tilt_share
680885,Spencer Schwellenbach,2025,767,0.17946309602935248,0.40064714800458257,0.419889755966065,Tilt_share
680897,Nick Nastrini,2024,277,0.18113739666383144,0.40092993551506945,0.41793266782109917,Tilt_share
681006,Josh Simpson,2025,259,0.1859491299924451,0.4017426319096742,0.41230823809788075,Tilt_share
681035,Christian Scott,2024,378,0.1775104409325084,0.4003173467357394,0.42217221233175223,Tilt_share
681190,Randy Vásquez,2024,759,0.1790831499051809,0.4005829755278116,0.42033387456700744,Tilt_share
681190,Randy Vásquez,2025,944,0.18038137301600393,0.4008022439638416,0.4188163830201544,Tilt_share
681293,Spencer Arrighetti,2024,1117,0.1805830908126149,0.4008363138747941,0.4185805953125909,Tilt_share
681293,Spencer Arrighetti,2025,251,0.18053470762677304,0.4008281420086478,0.418637150364579,Tilt_share
681343,Shane Smith,2025,1078,0.17534238371761263,0.39995116428930894,0.42470645199307844,Tilt_share
681347,Mike Burrows,2025,676,0.1766440579503057,0.4001710156159751,0.4231849264337192,Tilt_share
681402,Gus Varland,2024,204,0.17549828334710266,0.39997749556291745,0.4245242210899799,Tilt_share
681517,Kyle Leahy,2024,337,0.18404699105287836,0.40142136276347473,0.4145316461836469,Tilt_share
681517,Kyle Leahy,2025,629,0.1847188505447687,0.4015348390825993,0.41374631037263204,Tilt_share
681676,Ryan Fernandez,2024,529,0.18196831933463165,0.40107027742777246,0.4169614032375959,Tilt_share
681676,Ryan Fernandez,2025,239,0.18015149671774788,0.40076341811335514,0.4190850851688971,Tilt_share
681799,Ethan Roberts,2024,209,0.19055098183131355,0.4025198795546576,0.40692913861402874,Tilt_share
681857,Reese Olson,2024,776,0.1773219743566335,0.40028551494119535,0.42239251070217115,Tilt_share
681857,Reese Olson,2025,477,0.1752815856552461,0.3999408955643589,0.4247775187803949,Tilt_share
681867,Cooper Criswell,2024,745,0.1801556031101892,0.4007641116784602,0.41908028521135066,Tilt_share
681869,Shawn Dubin,2024,339,0.181161272774622,0.40093396816356247,0.41790475906181557,Tilt_share
681869,Shawn Dubin,2025,227,0.17984365908270897,0.40071142468000504,0.419444916237286,Tilt_share
681870,Erik Sabrowski,2025,214,0.1931371201232776,0.4029566754288865,0.40390620444783576,Tilt_share
681892,Kody Funderburk,2024,240,0.18306389160220105,0.40125531836231215,0.41568079003548664,Tilt_share
681892,Kody Funderburk,2025,279,0.18918295745143715,0.40228882176210595,0.40852822078645695,Tilt_share
681911,Alex Vesia,2024,470,0.1896870774409996,0.4023739670663,0.4079389554927003,Tilt_share
681911,Alex Vesia,2025,563,0.18677928771020713,0.40188284462266194,0.41133786766713093,Tilt_share
681982,Grant Anderson,2024,207,0.1769995793419129,0.400231062782647,0.42276935787544,Tilt_share
681982,Grant Anderson,2025,519,0.1781958612167297,0.4004331134575697,0.4213710253257005,Tilt_share
682052,Jacob Lopez,2025,722,0.1899921455943636,0.40242549273728295,0.4075823616683534,Tilt_share
682120,Tim Herrin,2024,422,0.1855750042325862,0.40167944248594656,0.41274555328146734,Tilt_share
682120,Tim Herrin,2025,285,0.1853161110091898,0.40163571570915474,0.41304817328165544,Tilt_share
682243,Bryce Miller,2024,1243,0.17606235810094087,0.4000727671599541,0.423864874739105,Tilt_share
682243,Bryce Miller,2025,756,0.17632564874918036,0.40011723665689924,0.4235571145939205,Tilt_share
682254,Mason Montgomery,2025,411,0.19110355840621543,0.4026132091220913,0.40628323247169323,Tilt_share
682610,Roddery Muñoz,2024,636,0.17606022733797655,0.40007240727646515,0.42386736538555836,Tilt_share
682842,Abner Uribe,2025,492,0.1792055010608235,0.4006036405015905,0.42019085843758613,Tilt_share
682847,Luis L. Ortiz,2024,955,0.17792477646628405,0.4003873275454517,0.42168789598826434,Tilt_share
682847,Luis L. Ortiz,2025,650,0.1762416379574201,0.4001030473278346,0.4236553147147454,Tilt_share
682990,Quinn Priester,2024,377,0.1790186129269353,0.4005720753041382,0.42040931176892643,Tilt_share
682990,Quinn Priester,2025,1064,0.17966477031970107,0.4006812105673759,0.41965401911292305,Tilt_share
683003,Jared Jones,2024,875,0.17867129279661198,0.4005134133213535,0.4208152938820345,Tilt_share
683004,Jack Leiter,2024,304,0.17813168846259203,0.4004222747509421,0.42144603678646586,Tilt_share
683004,Jack Leiter,2025,1164,0.17590990097804254,0.400047017321871,0.4240430817000865,Tilt_share
683155,Joey Estes,2024,1063,0.17899648443725838,0.40056833782690277,0.4204351777358388,Tilt_share
683232,Nick Mears,2024,436,0.18157430454162313,0.40100372876852014,0.4174219666898567,Tilt_share
683232,Nick Mears,2025,425,0.1807152937501262,0.4008586428035468,0.4184260634463269,Tilt_share
683409,Angel Chivilli,2024,261,0.17485227670201553,0.3998683857607946,0.42527933753718994,Tilt_share
683409,Angel Chivilli,2025,480,0.17245042321397133,0.3994627153844887,0.42808686140153995,Tilt_share
683627,Anthony Molina,2024,439,0.17721805437639476,0.4002679629723933,0.4225139826512119,Tilt_share
683627,Anthony Molina,2025,261,0.17789286692677284,0.40038193805980415,0.4217251950134231,Tilt_share
683769,Hunter Gaddis,2024,510,0.179678883848427,0.4006835943266425,0.41963752182493047,Tilt_share
683769,Hunter Gaddis,2025,491,0.180980769434208,0.40090348135060966,0.4181157492151824,Tilt_share
684007,Shota Imanaga,2024,1324,0.1953554991568453,0.403331357174387,0.40131314366876764,HAA_share
684007,Shota Imanaga,2025,1112,0.19491772061645707,0.4032574168669944,0.40182486251654853,HAA_share
684320,Yariel Rodríguez,2024,650,0.18361673067122225,0.4013486922647099,0.4150345770640677,Tilt_share
684320,Yariel Rodríguez,2025,489,0.18196967272988884,0.40107050601472255,0.41695982125538866,Tilt_share
685107,Anthony Veneziano,2025,220,0.1874272702741594,0.40199228815527815,0.4105804415705625,Tilt_share
685126,Brandon Eisert,2025,535,0.1906862857359447,0.4025427322332996,0.4067709820307557,Tilt_share
685299,Tanner Gordon,2024,311,0.17428698660077352,0.3997729088929363,0.42594010450629016,Tilt_share
685299,Tanner Gordon,2025,637,0.17422007131237677,0.3997616069753299,0.4260183217122933,Tilt_share
685326,McCade Brown,2025,208,0.17617175118595638,0.400091243530051,0.4237370052839926,Tilt_share
686218,Emmet Sheehan,2025,535,0.17749619739074565,0.40031494101741577,0.4221888615918386,Tilt_share
686539,Declan Cronin,2024,451,0.18155777395544276,0.4010009367709443,0.417441289273613,Tilt_share
686563,Jonathan Cannon,2024,907,0.177806525183084,0.4003673550355575,0.4218261197813585,Tilt_share
686563,Jonathan Cannon,2025,814,0.17647235299571568,0.4001420148405786,0.42338563216370567,Tilt_share
686580,Justin Slaten,2024,384,0.1870285544242026,0.40192494549274854,0.41104650008304894,Tilt_share
686580,Justin Slaten,2025,256,0.1866418042109526,0.40185962381291807,0.41149857197612927,Tilt_share
686613,Hunter Brown,2024,1208,0.1769411395294306,0.4002211923634733,0.4228376681070961,Tilt_share
686613,Hunter Brown,2025,1251,0.1754489699356944,0.39996916658271003,0.42458186348159555,Tilt_share
686701,Ryan Bergert,2025,577,0.18004383713435554,0.40074523452974975,0.41921092833589474,Tilt_share
686730,Carson Spiers,2024,697,0.18010631701973298,0.4007557873127311,0.4191378956675358,Tilt_share
686752,Ryan Pepiot,2024,920,0.1753448275095097,0.3999515770430358,0.4247035954474545,Tilt_share
686752,Ryan Pepiot,2025,1294,0.17644805669538974,0.40013791122254144,0.42341403208206874,Tilt_share
686799,Jack Kochanowicz,2024,436,0.17324653698444523,0.39959717811273504,0.4271562849028197,Tilt_share
686799,Jack Kochanowicz,2025,834,0.1749711432351264,0.39988846218571283,0.4251403945791608,Tilt_share
686826,Bryce Jarvis,2024,416,0.1772302289768567,0.4002700192488379,0.4224997517743054,Tilt_share
686973,Louis Varland,2024,391,0.17893138295989217,0.4005573422599572,0.42051127478015055,Tilt_share
686973,Louis Varland,2025,519,0.17905304896599808,0.4005778915127432,0.4203690595212588,Tilt_share
686993,Justin Sterner,2025,507,0.17979750027291813,0.4007036285084937,0.41949887121858814,Tilt_share
687064,Brandon Young,2025,423,0.18160843446557967,0.401009493274625,0.4173820722597954,Tilt_share
687134,Bradley Blalock,2024,246,0.18057382842767356,0.4008347494683042,0.4185914221040222,Tilt_share
687134,Bradley Blalock,2025,458,0.18146089279475824,0.4009845736509174,0.41755453355432437,Tilt_share
687223,Carson Palmquist,2025,281,0.18953307242323444,0.4023479557904996,0.408118971786266,Tilt_share
687330,Kevin Kelly,2024,435,0.17885395195898984,0.40054426425023254,0.4206017837907775,Tilt_share
687330,Kevin Kelly,2025,251,0.17731242500096134,0.4002839020656689,0.4224036729333698,Tilt_share
687377,Orlando Ribalta,2025,232,0.1737975018237978,0.3996902354598314,0.4265122627163708,Tilt_share
687473,Ryan Gusto,2025,823,0.17949831109673034,0.40065309579020136,0.41984859311306827,Tilt_share
687765,Mitch Spence,2024,1156,0.18762773566213076,0.40202614653580776,0.4103461178020615,Tilt_share
687765,Mitch Spence,2025,598,0.18792644504398537,0.4020765982173722,0.4099969567386424,Tilt_share
687792,DJ Herz,2024,739,0.19677275127233848,0.40357072947660033,0.3996565192510611,HAA_share
687830,Sawyer Gipson-Long,2025,227,0.177124471022138,0.4002521568481954,0.4226233721296666,Tilt_share
687863,Porter Hodge,2024,268,0.18848868684726175,0.40217156023110257,0.4093397529216357,Tilt_share
687863,Porter Hodge,2025,267,0.18964653796518155,0.40236711999403185,0.4079863420407866,Tilt_share
687888,Brandon Walter,2025,389,0.18803822380521748,0.40209547752552216,0.40986629866926033,Tilt_share
687911,Bryan King,2025,486,0.18542391469291158,0.4016539236311451,0.41292216167594326,Tilt_share
687922,Easton Lucas,2025,214,0.1906774397136243,0.40254123814999215,0.40678132213638357,Tilt_share
687924,Julian Aguiar,2024,252,0.17387765956617446,0.399703774013151,0.42641856642067466,Tilt_share
688138,Logan Evans,2025,575,0.18187760189147278,0.4010549553527637,0.41706744275576346,Tilt_share
688158,David Morgan,2025,359,0.1788996856164535,0.40055198861398983,0.4205483257695567,Tilt_share
688297,Chris Roycroft,2024,248,0.17402612324512964,0.3997288493630045,0.4262450273918659,Tilt_share
688642,Zach Agnos,2025,242,0.17997222082045952,0.4007331386141777,0.4192946405653629,Tilt_share
689017,Landon Knack,2024,501,0.17991606337860433,0.40072365368485824,0.4193602829365375,Tilt_share
689017,Landon Knack,2025,337,0.17711361715109306,0.4002503236414769,0.4226360592074301,Tilt_share
689147,Orion Kerkering,2024,447,0.18455156427432737,0.4015065846180292,0.4139418511076435,Tilt_share
689147,Orion Kerkering,2025,424,0.1811683549144062,0.4009351643290761,0.4178964807565176,Tilt_share
689225,Beau Brieske,2024,529,0.17254355093302473,0.39947844455240883,0.4279780045145665,Tilt_share
689225,Beau Brieske,2025,262,0.1727718297490975,0.3995170005899356,0.4277111696609669,Tilt_share
689254,Mason Fluharty,2025,372,0.1789759653551652,0.4005648721768139,0.42045916246802084,Tilt_share
689266,Dylan Dodd,2025,277,0.1908157335081597,0.40256459581770554,0.4066196706741348,Tilt_share
689672,Drew Thorpe,2024,320,0.17883871603615628,0.40054169091985253,0.42061959304399116,Tilt_share
689690,Alek Jacob,2025,252,0.1735483388915704,0.3996481521183698,0.4268035089900599,Tilt_share
690829,Ben Joyce,2024,250,0.169385277352789,0.39894501566586393,0.4316697069813471,Tilt_share
690916,Richard Fitts,2025,363,0.18356585494163802,0.40134009941070453,0.41509404564765745,Tilt_share
690928,Hunter Dobbins,2025,411,0.18450838677889042,0.40149929198718837,0.4139923212339212,Tilt_share
690953,Mick Abel,2025,335,0.17800587687568,0.4004010253141799,0.42159309781014015,Tilt_share
690986,Kyle Harrison,2024,873,0.1951387695462207,0.4032947517847842,0.40156647866899514,HAA_share
690986,Kyle Harrison,2025,277,0.19394779526556458,0.4030935975565978,0.4029586071778377,HAA_share
690990,Cade Horton,2025,822,0.18360048994057843,0.4013459492234111,0.4150535608360106,Tilt_share
690997,Nolan McLean,2025,301,0.18159525288452982,0.40100726692028177,0.41739748019518835,Tilt_share
691587,Eury Pérez,2025,800,0.17482931226503995,0.3998645070929924,0.4253061806419676,Tilt_share
691799,Grant Taylor,2025,268,0.18487619648103984,0.4015614146358106,0.4135623888831496,Tilt_share
693312,Kyle Nicolas,2024,395,0.17851280399948682,0.4004866447402181,0.421000551260295,Tilt_share
693312,Kyle Nicolas,2025,296,0.1813071685150907,0.40095860979146863,0.4177342216934407,Tilt_share
693313,Carson Seymour,2025,254,0.1753083518651925,0.3999454163473773,0.4247462317874303,Tilt_share
693433,Bryan Woo,2024,867,0.17218762902193172,0.3994183297384423,0.4283940412396261,Tilt_share
693433,Bryan Woo,2025,1378,0.172383787012047,0.3994514606042763,0.4281647523836767,Tilt_share
693645,Cam Schlittler,2025,605,0.1802773595555654,0.40078467620633806,0.41893796423809654,Tilt_share
693821,Bryce Elder,2024,353,0.17735131805868934,0.4002904710597573,0.4223582108815533,Tilt_share
693821,Bryce Elder,2025,1084,0.1781693201855657,0.40042863070699675,0.4214020491074375,Tilt_share
693855,Ian Seymour,2025,463,0.1917363738722448,0.40272009094877825,0.40554353517897707,Tilt_share
694037,Daniel Palencia,2025,401,0.1697958775426994,0.399014365580162,0.4311897568771387,Tilt_share
694297,Brandon Pfaadt,2024,1220,0.17946738602691892,0.4006478725803886,0.41988474139269244,Tilt_share
694297,Brandon Pfaadt,2025,1358,0.17835113968663346,0.4004593398180166,0.4211895204953499,Tilt_share
694335,Matt Svanson,2025,392,0.17794714324887304,0.40039110527009425,0.42166175148103274,Tilt_share
694350,Zach Brzykcy,2025,221,0.17462073721448026,0.39982927899949305,0.42554998378602654,Tilt_share
694363,Jared Shuster,2024,580,0.1929162422387172,0.402919369400441,0.4041643883608418,Tilt_share
694462,Hurston Waldrep,2025,361,0.18083921041276363,0.40087957218971176,0.41828121739752466,Tilt_share
694477,Chad Patrick,2025,952,0.17910681611057108,0.4005869727235167,0.4203062111659124,Tilt_share
694738,Landen Roupp,2024,323,0.1826040085243266,0.4011776446231825,0.4162183468524908,Tilt_share
694738,Landen Roupp,2025,757,0.1801967220822312,0.40077105662699464,0.4190322212907742,Tilt_share
694813,Gavin Stone,2024,965,0.17379261701168605,0.39968941042051176,0.4265179725678022,Tilt_share
694819,Jacob Misiorowski,2025,554,0.17683169409956317,0.4002027071523893,0.42296559874804746,Tilt_share
694973,Paul Skenes,2024,1007,0.17310058774111722,0.3995725274482556,0.4273268848106271,Tilt_share
694973,Paul Skenes,2025,1408,0.17238689331336382,0.39945198525510556,0.42816112143153073,Tilt_share
695076,Rhett Lowder,2024,224,0.17584843618131074,0.40003663598623007,0.4241149278324592,Tilt_share
695243,Mason Miller,2024,481,0.17373643170835726,0.3996799207854205,0.4265836475062223,Tilt_share
695243,Mason Miller,2025,443,0.17949788374850986,0.40065302361156346,0.4198490926399267,Tilt_share
695418,Brad Lord,2025,1015,0.16931649456665407,0.39893339832997166,0.4317501071033743,Tilt_share
695445,Chase Lee,2025,247,0.18268419322087454,0.40119118772903156,0.41612461905009385,Tilt_share
695505,Chase Burns,2025,384,0.18104465853113078,0.40091427214784997,0.41804106932101914,Tilt_share
695549,Jackson Jobe,2025,356,0.1778806312528882,0.4003798714681266,0.4217394972789852,Tilt_share
696131,Mason Black,2024,293,0.17679551742181468,0.4001965969518509,0.42300788562633435,Tilt_share
696136,Jordan Wicks,2024,358,0.19246907100901245,0.40284384267829476,0.40468708631269285,Tilt_share
696149,Bubba Chandler,2025,218,0.17164499207475245,0.39932667896304924,0.42902832896219834,Tilt_share
700241,Michael McGreevy,2025,631,0.17939526457343336,0.40063569134730304,0.4199690440792635,Tilt_share
700249,Cade Povich,2024,617,0.18872420997893724,0.4022113398254579,0.4090644501956048,Tilt_share
700249,Cade Povich,2025,796,0.18949882681965924,0.40234217174623615,0.40815900143410466,Tilt_share
700363,AJ Smith-Shawver,2025,310,0.17508047920858624,0.39990692890973156,0.4250125918816822,Tilt_share
700669,Gordon Graceffo,2025,337,0.18117469975145684,0.4009362359649801,0.417889064283563,Tilt_share
701487,Pierson Ohl,2025,255,0.17477315165877474,0.39985502162920766,0.4253718267120176,Tilt_share
701519,Travis Adams,2025,293,0.17912154392389526,0.400589460234767,0.4202889958413377,Tilt_share
701542,Will Warren,2025,1133,0.17829012039391692,0.40044903372750723,0.421260845878576,Tilt_share
701581,David Festa,2024,497,0.17935480253321612,0.4006288573538215,0.42001634011296246,Tilt_share
701581,David Festa,2025,422,0.17647332665821136,0.4001421792910886,0.4233844940507001,Tilt_share
701656,Logan Henderson,2025,212,0.1704767015912001,0.39912935600290345,0.4303939424058964,Tilt_share
702070,Noah Cameron,2025,959,0.1857028147898238,0.401701029546568,0.4125961556636081,Tilt_share
702352,Spencer Bivens,2024,337,0.17796502150726543,0.40039412488800424,0.4216408536047303,Tilt_share
702352,Spencer Bivens,2025,603,0.17746914144176645,0.40031037129779784,0.4222204872604357,Tilt_share
702674,Caden Dana,2025,223,0.17811425963154362,0.4004193310408094,0.42146640932764695,Tilt_share
800048,Parker Messick,2025,274,0.18932073996667062,0.40231209307531524,0.40836716695801417,Tilt_share
800049,Adam Mazur,2024,240,0.18053547377908097,0.40082827141091854,0.41863625481000055,Tilt_share
800049,Adam Mazur,2025,234,0.18099221836248613,0.4009054150618314,0.41810236657568245,Tilt_share
801403,Chase Dollander,2025,785,0.17619941559742489,0.400095916018305,0.4237046683842702,Tilt_share
805123,AJ Blubaugh,2025,220,0.17468654503661937,0.39984039386728326,0.42547306109609734,Tilt_share
805673,Zebby Matthews,2024,338,0.17929773250791559,0.4006192182901755,0.42008304920190886,Tilt_share
805673,Zebby Matthews,2025,655,0.17720476992841835,0.400265719243941,0.4225295108276406,Tilt_share
806185,Hayden Birdsong,2024,551,0.17844913168500393,0.4004758905572902,0.4210749777577059,Tilt_share
806185,Hayden Birdsong,2025,484,0.1788494169617721,0.40054349829425856,0.4206070847439693,Tilt_share
806188,Cade Gibson,2025,359,0.18583297177275637,0.4017230129158735,0.4124440153113702,Tilt_share
806960,Luis Morales,2025,344,0.17956846145400068,0.4006649441073337,0.4197665944386655,Tilt_share
808967,Yoshinobu Yamamoto,2024,621,0.1803228485254529,0.40079235924263645,0.41888479223191066,Tilt_share
808967,Yoshinobu Yamamoto,2025,1455,0.17889698502825666,0.4005515324876542,0.42055148248408913,Tilt_share
820862,José Fermin,2025,270,0.17668077506712607,0.4001772170960702,0.4231420078368037,Tilt_share
829272,Shinnosuke Ogasawara,2025,292,0.18922479041497117,0.4022958873030073,0.40847932228202155,Tilt_share
