pitcher_id,pitcher_full_name,game_year,n,VAA_share,HAA_share,Tilt_share,dominant_axis
434378,Justin Verlander,2024,732,0.37650632868292516,0.46674193783423557,0.15675173348283925,HAA_share
434378,Justin Verlander,2025,1206,0.38899643097222225,0.45771529998957994,0.15328826903819784,HAA_share
445276,Kenley Jansen,2024,357,0.35996057776265183,0.47865600146804854,0.16138342076929957,HAA_share
445276,Kenley Jansen,2025,445,0.3699448004824541,0.4714248460869438,0.15863035343060214,HAA_share
445926,Jesse Chavez,2024,389,0.37377723751298775,0.4684127857684449,0.15780997671856728,HAA_share
450203,Charlie Morton,2024,1165,0.3645064851640005,0.47533833223070615,0.16015518260529335,HAA_share
450203,Charlie Morton,2025,1108,0.37133984333269404,0.4703052407665412,0.15835491590076467,HAA_share
453286,Max Scherzer,2024,341,0.39088309076237754,0.45616675795555234,0.15295015128207007,HAA_share
453286,Max Scherzer,2025,669,0.3844676059100162,0.4610265683760693,0.1545058257139144,HAA_share
455119,Chris Martin,2024,307,0.37143856676108344,0.47026874054107004,0.15829269269784652,HAA_share
455119,Chris Martin,2025,334,0.37823448617423516,0.4653894484361343,0.15637606538963064,HAA_share
458677,Justin Wilson,2024,403,0.3558938349330719,0.4814783651413751,0.16262779992555304,HAA_share
458677,Justin Wilson,2025,396,0.377459829113557,0.4660023632716937,0.15653780761474928,HAA_share
458681,Lance Lynn,2024,900,0.38020265303729034,0.46404653646859234,0.15575081049411735,HAA_share
471911,Carlos Carrasco,2024,743,0.35234992591739955,0.48371092050263853,0.16393915357996192,HAA_share
471911,Carlos Carrasco,2025,335,0.3629345665882756,0.47640681175059424,0.16065862166113004,HAA_share
472610,Luis García,2024,396,0.3722623053314875,0.4692729702821078,0.15846472438640472,HAA_share
472610,Luis García,2025,449,0.3590202181320204,0.47874047705405637,0.1622393048139233,HAA_share
477132,Clayton Kershaw,2024,233,0.36023531436465267,0.47805239785575654,0.16171228777959076,HAA_share
477132,Clayton Kershaw,2025,765,0.3563686382721879,0.48090136715950976,0.16272999456830237,HAA_share
489446,Kirby Yates,2024,460,0.35987395987054394,0.47851918119392334,0.16160685893553275,HAA_share
489446,Kirby Yates,2025,414,0.37572679318833996,0.46722969673288767,0.15704351007877232,HAA_share
493603,Adam Ottavino,2024,395,0.3685058841281248,0.47232101879827165,0.15917309707360353,HAA_share
500779,Jose Quintana,2024,1065,0.3637870175638976,0.47574886043878667,0.16046412199731586,HAA_share
500779,Jose Quintana,2025,884,0.3573734956966391,0.4803412993899705,0.16228520491339024,HAA_share
502043,Kyle Gibson,2024,1080,0.3879792765735198,0.4585766774564316,0.15344404597004857,HAA_share
502085,David Robertson,2024,473,0.3587403978193271,0.47930520443768154,0.1619543977429913,HAA_share
502624,Chase Anderson,2024,424,0.37703406228944186,0.46623382104663136,0.15673211666392678,HAA_share
506433,Yu Darvish,2024,498,0.366178704319116,0.4742454799478572,0.1595758157330268,HAA_share
506433,Yu Darvish,2025,501,0.3554241691970639,0.4819248913367861,0.16265093946615003,HAA_share
518397,Scott Alexander,2024,256,0.3627498858032179,0.4764254455803119,0.16082466861647032,HAA_share
518585,Fernando Cruz,2024,468,0.35921932799752954,0.4788828358617158,0.16189783614075468,HAA_share
518585,Fernando Cruz,2025,304,0.3547296791012686,0.4821717440914147,0.1630985768073166,HAA_share
518617,Jake Diekman,2024,228,0.368348177780543,0.47249974677003354,0.15915207544942334,HAA_share
518876,Merrill Kelly,2024,473,0.3371709875387758,0.4943988157283514,0.16843019673287285,HAA_share
518876,Merrill Kelly,2025,1301,0.35550976740319806,0.4816578426076959,0.16283238998910615,HAA_share
518886,Craig Kimbrel,2024,379,0.3537186651908724,0.4827783879715563,0.1635029468375713,HAA_share
519008,T.J. McFarland,2024,326,0.37722502748856385,0.46617960365671396,0.15659536885472225,HAA_share
519043,Matt Moore,2024,376,0.34638054119265743,0.48772366493952407,0.1658957938678185,HAA_share
519141,Drew Pomeranz,2025,372,0.3739110508581171,0.4686544799079936,0.15743446923388935,HAA_share
519151,Ryan Pressly,2024,429,0.35685533816181236,0.4807739878680577,0.16237067397012983,HAA_share
519151,Ryan Pressly,2025,292,0.3462061978811682,0.4884703886693038,0.16532341344952795,HAA_share
519242,Chris Sale,2024,1205,0.3665186494504709,0.4738081392557597,0.1596732112937694,HAA_share
519242,Chris Sale,2025,894,0.3593038197566636,0.4792136518564655,0.16148252838687094,HAA_share
519293,Will Smith,2024,273,0.3490563831967899,0.4858318510089737,0.16511176579423648,HAA_share
519326,Hunter Strickland,2024,510,0.3620051907964032,0.4770679757958543,0.1609268334077426,HAA_share
523260,Joe Kelly,2024,210,0.364897834336195,0.4750532434106474,0.16004892225315762,HAA_share
527048,Martín Pérez,2024,925,0.3713966530646013,0.4703380024668511,0.1582653444685476,HAA_share
527048,Martín Pérez,2025,368,0.3561183431941711,0.4812092019274397,0.16267245487838916,HAA_share
542881,Tyler Anderson,2024,1301,0.3661914172093642,0.47413568036794895,0.15967290242268684,HAA_share
542881,Tyler Anderson,2025,1073,0.3585828209083507,0.4794404768890548,0.16197670220259444,HAA_share
542888,Shawn Armstrong,2024,510,0.35924797326232033,0.4791740105328742,0.16157801620480544,HAA_share
542888,Shawn Armstrong,2025,505,0.3564137183724572,0.481049125916642,0.1625371557109006,HAA_share
543037,Gerrit Cole,2024,704,0.36379117333106403,0.4758107455058573,0.16039808116307866,HAA_share
543056,Danny Coulombe,2025,337,0.36206616579210593,0.4768856912463704,0.16104814296152373,HAA_share
543101,Anthony DeSclafani,2025,273,0.36865803772475975,0.4722466287666744,0.15909533350856586,HAA_share
543135,Nathan Eovaldi,2024,1244,0.3497375970376719,0.48564603097777215,0.16461637198455606,HAA_share
543135,Nathan Eovaldi,2025,919,0.36127804482030984,0.47730184802336045,0.16142010715632985,HAA_share
543243,Sonny Gray,2024,1101,0.35020597395248204,0.48546982545845724,0.16432420058906072,HAA_share
543243,Sonny Gray,2025,1193,0.3442079813006735,0.4898145983037334,0.1659774203955932,HAA_share
543294,Kyle Hendricks,2024,901,0.37307696240913374,0.468880895075973,0.15804214251489315,HAA_share
543294,Kyle Hendricks,2025,1170,0.36740853823690345,0.473142586766119,0.1594488749969775,HAA_share
543339,Daniel Hudson,2024,457,0.35998316229411814,0.4786223540748618,0.16139448363102002,HAA_share
543518,Scott McGough,2024,237,0.3550415938390754,0.4818452050224511,0.16311320113847347,HAA_share
543859,Michael Tonkin,2024,597,0.3460347201265173,0.4882395991276914,0.1657256807457913,HAA_share
544150,Albert Suárez,2024,1052,0.4003570789691919,0.44962125102449185,0.15002167000631625,HAA_share
547179,Michael Lorenzen,2024,882,0.36068080808562697,0.47790454744383554,0.16141464447053758,HAA_share
547179,Michael Lorenzen,2025,1035,0.36727185285682357,0.4732695211530207,0.1594586259901558,HAA_share
547184,Michael Kelly,2025,255,0.378154454697374,0.46539165130559984,0.1564538939970261,HAA_share
547973,Aroldis Chapman,2024,459,0.37231710366353926,0.4696555973842287,0.15802729895223203,HAA_share
547973,Aroldis Chapman,2025,490,0.36257220813524677,0.47668503437256854,0.1607427574921847,HAA_share
548389,Ross Stripling,2024,564,0.3795793076298747,0.4646751556647412,0.15574553670538413,HAA_share
552640,Andrew Kittredge,2024,490,0.36115697155421783,0.4777876650214353,0.16105536342434684,HAA_share
552640,Andrew Kittredge,2025,380,0.3686165494481639,0.47240664665735554,0.15897680389448057,HAA_share
554340,Yimi García,2024,280,0.34969898457795984,0.4856963187883463,0.16460469663369387,HAA_share
554430,Zack Wheeler,2024,1461,0.3726174970804409,0.46932852552758014,0.15805397739197904,HAA_share
554430,Zack Wheeler,2025,1136,0.38089622928472844,0.4633295166176234,0.15577425409764817,HAA_share
570632,José Ureña,2024,776,0.3596535422007464,0.47838937050915936,0.1619570872900943,HAA_share
570632,José Ureña,2025,426,0.3574684232144655,0.4798711077329956,0.16266046905253892,HAA_share
571510,Matthew Boyd,2024,315,0.3764757483324245,0.4667609554819116,0.15676329618566387,HAA_share
571510,Matthew Boyd,2025,1347,0.3654053814685507,0.4746831102770539,0.15991150825439535,HAA_share
571578,Patrick Corbin,2024,1255,0.369840011578501,0.47152106543317374,0.15863892298832535,HAA_share
571578,Patrick Corbin,2025,1125,0.36148737838107736,0.4772900913449446,0.16122253027397807,HAA_share
571656,Buck Farmer,2024,467,0.36259826382691224,0.47651922115998496,0.16088251501310277,HAA_share
571670,Dylan Floro,2024,387,0.35845817381539086,0.47916890710591525,0.16237291907869394,HAA_share
571760,Andrew Heaney,2024,1222,0.376530338849881,0.4665181511691825,0.15695150998093652,HAA_share
571760,Andrew Heaney,2025,906,0.38225918111510726,0.4625224409908138,0.155218377894079,HAA_share
571882,Derek Law,2024,616,0.36075407017113625,0.47784706658565956,0.1613988632432042,HAA_share
571927,Steven Matz,2024,295,0.3659363768070286,0.4743180152703083,0.15974560792266315,HAA_share
571927,Steven Matz,2025,528,0.36805859088397713,0.47278650964715385,0.15915489946886907,HAA_share
571945,Miles Mikolas,2024,1212,0.3671635571419002,0.47337884387370727,0.1594575989843924,HAA_share
571945,Miles Mikolas,2025,1132,0.3644895195202991,0.47524808857697753,0.16026239190272326,HAA_share
571946,Shelby Miller,2024,365,0.3485143853239086,0.4864060844670462,0.16507953020904514,HAA_share
571946,Shelby Miller,2025,337,0.36099507415479004,0.4777946991480064,0.16121022669720356,HAA_share
571948,Hoby Milner,2024,392,0.35079742039235434,0.48496137282671403,0.16424120678093151,HAA_share
571948,Hoby Milner,2025,470,0.35995574691630866,0.4785037255338095,0.16154052754988185,HAA_share
572020,James Paxton,2024,707,0.3672942335927007,0.473146613268665,0.15955915313863434,HAA_share
572143,Burch Smith,2024,400,0.3861310007808069,0.45988497689713104,0.15398402232206213,HAA_share
572955,Pierce Johnson,2024,350,0.36308852308009615,0.47634877689219957,0.16056270002770429,HAA_share
572955,Pierce Johnson,2025,401,0.3478637449303005,0.48701882989367223,0.1651174251760273,HAA_share
573009,Joe Mantiply,2024,391,0.3663535501261674,0.47394698466088514,0.15969946521294748,HAA_share
573124,Taylor Rogers,2024,402,0.3502289615539232,0.48520251656857794,0.16456852187749882,HAA_share
573124,Taylor Rogers,2025,372,0.36160776562577407,0.47710744404473215,0.1612847903294937,HAA_share
573186,Marcus Stroman,2024,1023,0.36096258716482593,0.47779161386887237,0.16124579896630162,HAA_share
573186,Marcus Stroman,2025,313,0.3648188429146371,0.4750562806490405,0.1601248764363224,HAA_share
573204,Caleb Thielbar,2024,392,0.3600797016521963,0.4782107831348333,0.16170951521297033,HAA_share
573204,Caleb Thielbar,2025,395,0.3499950425781328,0.48560816685260316,0.164396790569264,HAA_share
579328,Yusei Kikuchi,2024,1262,0.3678944121617025,0.4726683350340895,0.15943725280420792,HAA_share
579328,Yusei Kikuchi,2025,1421,0.36357627054833724,0.4758649414829649,0.16055878796869794,HAA_share
592094,Jason Adam,2024,496,0.3653844249870591,0.47462697680188787,0.15998859821105305,HAA_share
592094,Jason Adam,2025,487,0.3678929248188586,0.4729556953915173,0.15915137978962413,HAA_share
592155,Cam Booser,2024,345,0.37129155667273955,0.4705096031733669,0.15819884015389352,HAA_share
592155,Cam Booser,2025,255,0.3771979006461079,0.46645292016434176,0.15634917918955038,HAA_share
592332,Kevin Gausman,2024,1318,0.3911916753374524,0.45626947783914923,0.1525388468233983,HAA_share
592332,Kevin Gausman,2025,1483,0.4027278964676834,0.44804074051233406,0.14923136301998244,HAA_share
592351,Jon Gray,2024,748,0.3584178421848421,0.4796508520296503,0.16193130578550766,HAA_share
592426,Luke Jackson,2024,388,0.37631514805180216,0.46685475795238096,0.156830093995817,HAA_share
592426,Luke Jackson,2025,343,0.3506593850768836,0.48495651801539447,0.16438409690772182,HAA_share
592454,Tommy Kahnle,2024,320,0.3706863580118708,0.47098976936590126,0.15832387262222802,HAA_share
592454,Tommy Kahnle,2025,465,0.37694742313031987,0.46669075133221805,0.15636182553746208,HAA_share
592662,Robbie Ray,2024,260,0.38437429117443533,0.4612888195511992,0.15433688927436534,HAA_share
592662,Robbie Ray,2025,1435,0.3764530756331281,0.4667778083243328,0.15676911604253918,HAA_share
592767,Drew Smyly,2024,431,0.37061192961434203,0.4707675021696062,0.15862056821605158,HAA_share
592773,Ryne Stanek,2024,469,0.3937119940156995,0.45441259648376203,0.15187540950053846,HAA_share
592773,Ryne Stanek,2025,529,0.3883800961020718,0.4577598978980893,0.15386000599983898,HAA_share
592779,Brock Stewart,2025,292,0.367733890550685,0.4728500156505885,0.15941609379872654,HAA_share
592791,Jameson Taillon,2024,1130,0.36341291941844833,0.4759396983638491,0.16064738221770258,HAA_share
592791,Jameson Taillon,2025,891,0.37509058272668894,0.4678178428882819,0.1570915743850292,HAA_share
592836,Taijuan Walker,2024,566,0.37155010946743217,0.47002262127052996,0.1584272692620378,HAA_share
592836,Taijuan Walker,2025,874,0.3602829358886005,0.4782552959500841,0.16146176816131547,HAA_share
592866,Trevor Williams,2024,472,0.3596204996751708,0.4786154975541072,0.161764002770722,HAA_share
592866,Trevor Williams,2025,626,0.35204517791920087,0.4839296838180204,0.16402513826277873,HAA_share
593423,Frankie Montas,2024,1165,0.3669686747813117,0.47323225270157215,0.15979907251711614,HAA_share
593423,Frankie Montas,2025,318,0.35091138583205694,0.48480843220299746,0.16428018196494554,HAA_share
593576,Héctor Neris,2024,467,0.35290307932460663,0.48343373534528467,0.16366318533010865,HAA_share
593576,Héctor Neris,2025,234,0.34212682671854683,0.49095981728591753,0.16691335599553556,HAA_share
593958,Eduardo Rodriguez,2024,377,0.3661323397175429,0.47402148398023536,0.15984617630222153,HAA_share
593958,Eduardo Rodriguez,2025,1142,0.37138567700105063,0.470520872161074,0.15809345083787535,HAA_share
593974,Wandy Peralta,2024,252,0.35673741224079936,0.480790466053505,0.16247212170569564,HAA_share
593974,Wandy Peralta,2025,511,0.36225374361117896,0.4770095025562435,0.16073675383257746,HAA_share
594580,Sam Moll,2024,262,0.3710401934265816,0.4705805901821513,0.158379216391267,HAA_share
594798,Jacob deGrom,2025,1265,0.3558994283577474,0.48141061058102685,0.16268996106122566,HAA_share
594835,Marco Gonzales,2024,226,0.375088738190211,0.4680580834038814,0.1568531784059077,HAA_share
594902,Ben Lively,2024,1060,0.36743861068111505,0.47319879114303737,0.15936259817584758,HAA_share
594902,Ben Lively,2025,310,0.36123029356404746,0.4773153394212948,0.16145436701465768,HAA_share
595014,Blake Treinen,2024,324,0.35758910998595095,0.4803008268271259,0.16211006318692323,HAA_share
595014,Blake Treinen,2025,214,0.37429373644726055,0.46831841019647125,0.15738785335626818,HAA_share
595345,Steven Okert,2024,247,0.3446203778769857,0.48945386639175353,0.16592575573126075,HAA_share
595345,Steven Okert,2025,515,0.36457592137587885,0.47536855240596754,0.16005552621815355,HAA_share
595928,John Curtiss,2025,263,0.38008879738551743,0.464201790468971,0.15570941214551157,HAA_share
596001,Jakob Junis,2024,403,0.36833792026148515,0.4726832813804035,0.1589787983581113,HAA_share
596001,Jakob Junis,2025,426,0.35976980658532604,0.4787134595765212,0.16151673383815263,HAA_share
596133,Luke Weaver,2024,606,0.3798669479709667,0.46406423072847225,0.15606882130056107,HAA_share
596133,Luke Weaver,2025,517,0.3654287558311803,0.4744852247291486,0.16008601943967102,HAA_share
596295,Austin Gomber,2024,1124,0.3784270697600554,0.46538662055126007,0.15618630968868455,HAA_share
596295,Austin Gomber,2025,465,0.37410010848765024,0.46838243669826374,0.15751745481408605,HAA_share
600917,José Leclerc,2024,511,0.3867646543366607,0.45917472300536544,0.15406062265797377,HAA_share
600986,Thyago Vieira,2024,294,0.36886897519622075,0.4721571998924716,0.15897382491130768,HAA_share
601713,Nick Pivetta,2024,1092,0.36699064479480664,0.47334517064534926,0.15966418455984416,HAA_share
601713,Nick Pivetta,2025,1260,0.37157768552810144,0.4700895771871873,0.1583327372847114,HAA_share
605121,Justin Anderson,2024,416,0.3572764464672722,0.48038894891834005,0.16233460461438776,HAA_share
605130,Scott Barlow,2024,379,0.3547696544026329,0.48225801113069455,0.16297233446667259,HAA_share
605130,Scott Barlow,2025,497,0.35308225377197094,0.48330413656031973,0.16361360966770938,HAA_share
605135,Chris Bassitt,2024,1188,0.3529802523727334,0.48294146077815725,0.16407828684910933,HAA_share
605135,Chris Bassitt,2025,1230,0.3553572796758951,0.4815647883989577,0.16307793192514722,HAA_share
605154,John Brebbia,2024,453,0.36854647829548964,0.4723798045072496,0.15907371719726068,HAA_share
605154,John Brebbia,2025,207,0.3551751900376723,0.4819204115372227,0.16290439842510504,HAA_share
605177,Andrew Chafin,2024,404,0.3813350827087783,0.463433429088364,0.15523148820285768,HAA_share
605177,Andrew Chafin,2025,258,0.3697953445763643,0.4717433061054973,0.15846134931813832,HAA_share
605280,Clay Holmes,2024,440,0.37063513641762685,0.4699912980136965,0.15937356556867674,HAA_share
605280,Clay Holmes,2025,1100,0.3639666943341848,0.47556024743502134,0.16047305823079377,HAA_share
605288,Adrian Houser,2024,460,0.3770694183607632,0.4660676186936978,0.1568629629455389,HAA_share
605288,Adrian Houser,2025,869,0.36728977860773987,0.47319103592927103,0.15951918546298915,HAA_share
605347,Jorge López,2024,296,0.36239857638190687,0.47694141212670077,0.1606600114913925,HAA_share
605397,Joe Musgrove,2024,641,0.3616423986664465,0.47704431112233453,0.16131329021121893,HAA_share
605400,Aaron Nola,2024,1406,0.3649169076614419,0.47484594688782195,0.16023714545073614,HAA_share
605400,Aaron Nola,2025,700,0.36817115027874997,0.4726947798254526,0.15913406989579731,HAA_share
605447,Jordan Romano,2025,311,0.37109607342111955,0.47053969798286505,0.15836422859601526,HAA_share
605452,Joe Ross,2024,545,0.37376241457951764,0.4684286574330242,0.15780892798745821,HAA_share
605452,Joe Ross,2025,408,0.3729317992519585,0.46925967367441884,0.15780852707362256,HAA_share
605463,Tayler Scott,2024,464,0.3311918052745189,0.4990433977288013,0.16976479699667973,HAA_share
605463,Tayler Scott,2025,211,0.3421388637020951,0.4911046627003961,0.16675647359750884,HAA_share
605483,Blake Snell,2024,743,0.37456792022462765,0.46811707718774553,0.15731500258762673,HAA_share
605483,Blake Snell,2025,432,0.3759542781479845,0.4670245236481606,0.15702119820385488,HAA_share
605488,Jeffrey Springs,2024,252,0.3730186761294871,0.4691148285448185,0.15786649532569455,HAA_share
605488,Jeffrey Springs,2025,1249,0.35346322621394116,0.4831959047728121,0.16334086901324685,HAA_share
605513,Spencer Turnbull,2024,330,0.37691628006217365,0.46634636633393634,0.15673735360388996,HAA_share
605540,Brandon Woodruff,2025,462,0.3664591455832591,0.4736425474297159,0.15989830698702487,HAA_share
606160,Rafael Montero,2024,273,0.35486993020914415,0.4817999026220578,0.16333016716879817,HAA_share
606160,Rafael Montero,2025,483,0.38245785540755844,0.4625028135808736,0.1550393310115679,HAA_share
606303,Joel Payamps,2024,397,0.3620903102767807,0.4768729244904129,0.1610367652328065,HAA_share
606930,Jacob Barnes,2024,527,0.3732623364420259,0.46865803525229316,0.1580796283056809,HAA_share
606996,Kyle Hart,2025,282,0.3721139262093477,0.46980879486380117,0.15807727892685114,HAA_share
607067,Colin Rea,2024,1139,0.36403885299207467,0.4754448033321963,0.16051634367572898,HAA_share
607067,Colin Rea,2025,1139,0.35314327553701186,0.48331798099514356,0.16353874346784453,HAA_share
607074,Carlos Rodón,2024,1391,0.38361822405146,0.46189060584674324,0.15449117010179658,HAA_share
607074,Carlos Rodón,2025,1372,0.3871287636685408,0.45921144677949005,0.15365978955196924,HAA_share
607179,Jordan Weems,2024,324,0.35685175830367244,0.48091809127559276,0.16223015042073488,HAA_share
607192,Tyler Glasnow,2024,821,0.3580209527592004,0.4800096308544811,0.16196941638631848,HAA_share
607192,Tyler Glasnow,2025,573,0.3649471326879473,0.47502013062981213,0.16003273668224066,HAA_share
607200,Erick Fedde,2024,1207,0.3668555780745002,0.47345934039200466,0.1596850815334952,HAA_share
607200,Erick Fedde,2025,977,0.36784144089362597,0.4726314185241376,0.1595271405822365,HAA_share
607259,Nick Martinez,2024,968,0.37134591084696944,0.47032522131029103,0.15832886784273945,HAA_share
607259,Nick Martinez,2025,1141,0.37310240953865786,0.4689647427259159,0.15793284773542624,HAA_share
607455,Anthony Banda,2024,377,0.3724396969983818,0.4692874617240898,0.15827284127752836,HAA_share
607455,Anthony Banda,2025,500,0.3646720763524495,0.4752368740980431,0.16009104954950734,HAA_share
607481,Aaron Bummer,2024,372,0.33041863242770936,0.4994120484742284,0.17016931909806227,HAA_share
607481,Aaron Bummer,2025,368,0.36736777666738596,0.47289008190591486,0.15974214142669926,HAA_share
607536,Kyle Freeland,2024,776,0.37750217077787673,0.46607700445332856,0.15642082476879476,HAA_share
607536,Kyle Freeland,2025,1182,0.37822402021121443,0.4657971449939284,0.15597883479485725,HAA_share
607625,Seth Lugo,2024,1325,0.3693972720102661,0.47185977184914973,0.15874295614058412,HAA_share
607625,Seth Lugo,2025,938,0.3606571868530003,0.4780960926499098,0.16124672049708985,HAA_share
608032,Carlos Estévez,2024,388,0.3800388051853849,0.46416769632847094,0.15579349848614418,HAA_share
608032,Carlos Estévez,2025,484,0.36597859755343864,0.47410805803319944,0.15991334441336186,HAA_share
608331,Max Fried,2024,1148,0.38099997842182987,0.46350652963708533,0.1554934919410848,HAA_share
608331,Max Fried,2025,1403,0.37955161704825663,0.46442656650513986,0.15602181644660357,HAA_share
608334,Carson Fulmer,2024,631,0.36353365990636666,0.47595721793818835,0.16050912215544505,HAA_share
608337,Lucas Giolito,2025,1060,0.3746578270037077,0.4681238599530668,0.15721831304322548,HAA_share
608344,Cole Irvin,2024,766,0.3720628805698028,0.4699091132926706,0.15802800613752668,HAA_share
608371,Lucas Sims,2024,366,0.3690679112625746,0.47179163508884253,0.15914045364858292,HAA_share
608372,Tomoyuki Sugano,2025,1141,0.37449232534338583,0.4679360840491179,0.15757159060749623,HAA_share
608379,Michael Wacha,2024,1149,0.39512373342190643,0.45329653175937257,0.15157973481872103,HAA_share
608379,Michael Wacha,2025,1216,0.3917891902439221,0.45545107295152615,0.15275973680455193,HAA_share
608566,Germán Márquez,2025,933,0.3672911091169789,0.4731915826772874,0.1595173082057336,HAA_share
608638,JT Chargois,2024,237,0.3706147488485215,0.4710436478632744,0.1583416032882041,HAA_share
608650,Dietrich Enns,2025,380,0.37277840260980133,0.4691294845272516,0.15809211286294708,HAA_share
608717,Chris Stratton,2024,385,0.36034360780985036,0.4783559520325761,0.16130044015757364,HAA_share
608718,Brent Suter,2024,443,0.362299276054985,0.476884335603481,0.16081638834153397,HAA_share
608718,Brent Suter,2025,498,0.3540996716991583,0.4826601817811427,0.16324014651969906,HAA_share
608723,Austin Voth,2024,423,0.362345117180544,0.47678737520513936,0.16086750761431665,HAA_share
613534,Austin Adams,2024,298,0.3650326467565726,0.4749477463308679,0.16001960691255954,HAA_share
614179,José Ruiz,2024,376,0.36303093601235453,0.4762753581926017,0.16069370579504383,HAA_share
615698,Cal Quantrill,2024,1041,0.3798931018702578,0.4642186955784555,0.15588820255128671,HAA_share
615698,Cal Quantrill,2025,875,0.35904416186554144,0.47915984994718275,0.16179598818727595,HAA_share
620454,José Castillo,2025,235,0.35808346671157504,0.4797980243468576,0.1621185089415673,HAA_share
621051,Steven Wilson,2024,254,0.3664291999618209,0.4735009831946957,0.16006981684348345,HAA_share
621051,Steven Wilson,2025,437,0.36249153791609573,0.4765798215937433,0.160928640490161,HAA_share
621053,Tyler Ferguson,2024,371,0.3800994635180366,0.46391136273414113,0.1559891737478223,HAA_share
621053,Tyler Ferguson,2025,423,0.37495287297752683,0.46741975439884437,0.15762737262362883,HAA_share
621107,Zach Eflin,2024,1072,0.35625167576726996,0.4808780164848713,0.16287030774785882,HAA_share
621107,Zach Eflin,2025,519,0.3809921497647869,0.4632158248644998,0.15579202537071338,HAA_share
621111,Walker Buehler,2024,572,0.3678264708620036,0.4730603789680821,0.15911315016991415,HAA_share
621111,Walker Buehler,2025,931,0.369954831549522,0.4713183072811277,0.15872686116935023,HAA_share
621112,Paul Blackburn,2024,505,0.38764712492285813,0.45852156469856375,0.1538313103785781,HAA_share
621112,Paul Blackburn,2025,289,0.3864674716322062,0.45950962216006497,0.15402290620772896,HAA_share
621114,Ryan Burr,2024,266,0.3721474868713809,0.4697072298397737,0.1581452832888455,HAA_share
621121,Lance McCullers Jr.,2025,429,0.35150666642592376,0.48467703538279566,0.1638162981912806,HAA_share
621199,Matt Bowman,2024,207,0.3677045389650914,0.4729572646200523,0.15933819641485625,HAA_share
621237,José Alvarado,2024,432,0.3619072040236921,0.477286855894574,0.16080594008173385,HAA_share
621237,José Alvarado,2025,206,0.3703488458800708,0.47119773997989206,0.15845341414003722,HAA_share
621242,Edwin Díaz,2024,403,0.3457853879445506,0.48859950147257875,0.16561511058287065,HAA_share
621242,Edwin Díaz,2025,459,0.3629393671640034,0.47647294030537535,0.16058769253062122,HAA_share
621244,José Berríos,2024,1193,0.37815178495654217,0.46558475568181396,0.1562634593616439,HAA_share
621244,José Berríos,2025,1128,0.3678220306990706,0.4728618217413552,0.15931614755957432,HAA_share
621345,A.J. Minter,2024,240,0.3680355875261117,0.472458119548503,0.15950629292538543,HAA_share
621363,Colin Poche,2024,235,0.3397109462964029,0.49265355407698974,0.16763549962660737,HAA_share
621366,Ryan Borucki,2025,243,0.36776727261454367,0.4730068940018014,0.15922583338365495,HAA_share
621381,Matt Strahm,2024,462,0.3520803930001788,0.48409158959977994,0.1638280174000414,HAA_share
621381,Matt Strahm,2025,477,0.3679919475832455,0.47269934683791615,0.15930870557883842,HAA_share
621383,Tanner Banks,2024,517,0.3699722171639772,0.47150385226760716,0.15852393056841566,HAA_share
621383,Tanner Banks,2025,501,0.36597046622815477,0.4743669450198776,0.15966258875196768,HAA_share
621389,Ty Blach,2024,531,0.3558875573392964,0.4815281979691285,0.1625842446915751,HAA_share
622072,Alex Wood,2024,215,0.3663163956264141,0.4741533934031447,0.15953021097044118,HAA_share
622253,Dillon Tate,2024,234,0.36423192520900355,0.4754731900097997,0.1602948847811967,HAA_share
622491,Luis Castillo,2024,1283,0.3756686885518436,0.46706858408557045,0.15726272736258587,HAA_share
622491,Luis Castillo,2025,1425,0.3773230338141233,0.46610018620580884,0.15657677998006775,HAA_share
622503,Nabil Crismatt,2025,244,0.3721873326240675,0.46996733119742934,0.15784533617850321,HAA_share
622554,Seranthony Domínguez,2024,442,0.378572156437306,0.46492862942541713,0.15649921413727683,HAA_share
622554,Seranthony Domínguez,2025,459,0.37130488827474273,0.4703747878084575,0.15832032391679973,HAA_share
622608,Antonio Senzatela,2025,1007,0.368181983090907,0.47236909196722554,0.15944892494186755,HAA_share
622663,Luis Severino,2024,1317,0.38174848461336774,0.463145797019848,0.15510571836678436,HAA_share
622663,Luis Severino,2025,1211,0.37195264079808205,0.46987052089413217,0.1581768383077859,HAA_share
622786,Jesus Tinoco,2024,297,0.36836625443800447,0.4726969520244828,0.15893679353751272,HAA_share
623149,Paul Sewald,2024,301,0.34906627180130945,0.4861999378289965,0.164733790369694,HAA_share
623167,Chris Flexen,2024,1209,0.3728419690963917,0.4694559475067687,0.15770208339683953,HAA_share
623167,Chris Flexen,2025,312,0.3705003566855032,0.4710524424110156,0.15844720090348127,HAA_share
623211,Huascar Brazobán,2024,410,0.36623295676883183,0.47405186893321405,0.1597151742979542,HAA_share
623211,Huascar Brazobán,2025,452,0.3651982696998261,0.4747482920161055,0.1600534382840684,HAA_share
623352,Josh Hader,2024,550,0.3775507584798515,0.46580113424999553,0.15664810727015302,HAA_share
623352,Josh Hader,2025,425,0.37420253872981823,0.46841142883526804,0.15738603243491378,HAA_share
623433,Nick Anderson,2024,235,0.37427424567560497,0.46806266095485605,0.157663093369539,HAA_share
623437,Justin Topa,2025,433,0.37043694249582865,0.47060570413795877,0.15895735336621253,HAA_share
623465,Evan Phillips,2024,387,0.36779047282256716,0.47275244051502346,0.15945708666240938,HAA_share
623474,Jimmy Herget,2025,554,0.3581906367522884,0.4796971205398388,0.1621122427078727,HAA_share
624133,Ranger Suarez,2024,953,0.367867751498663,0.47286690715103147,0.15926534135030554,HAA_share
624133,Ranger Suarez,2025,1100,0.35443184295612795,0.4825598624502421,0.16300829459362998,HAA_share
624522,Keegan Thompson,2024,231,0.37353990859146646,0.4689374423756805,0.15752264903285298,HAA_share
625643,Reynaldo López,2024,919,0.36589831118008803,0.4743067470673231,0.1597949417525888,HAA_share
628317,Kenta Maeda,2024,838,0.3575828645228435,0.47983356077514616,0.16258357470201046,HAA_share
628452,Raisel Iglesias,2024,441,0.37150230172577114,0.47017619281599815,0.15832150545823073,HAA_share
628452,Raisel Iglesias,2025,467,0.37046799959211285,0.47106412740627135,0.1584678730016159,HAA_share
630023,Yonny Chirinos,2024,232,0.3656541361453376,0.4745915133700118,0.1597543504846506,HAA_share
640448,Kyle Finnegan,2024,514,0.36776561098271915,0.4727120572630248,0.15952233175425606,HAA_share
640448,Kyle Finnegan,2025,400,0.3912794271359595,0.4560696770142871,0.15265089584975344,HAA_share
640451,Hunter Harvey,2024,403,0.39517923813812306,0.45329231524876334,0.15152844661311363,HAA_share
640455,Sean Manaea,2024,1294,0.34781584277640765,0.4870156870778718,0.1651684701457206,HAA_share
640455,Sean Manaea,2025,537,0.3506374576775884,0.4850929885753695,0.1642695537470421,HAA_share
640462,A.J. Puk,2024,521,0.3540806805566603,0.4826720266498185,0.16324729279352118,HAA_share
641154,Pablo López,2024,1398,0.3708038405934941,0.47070127906714815,0.15849488033935785,HAA_share
641154,Pablo López,2025,568,0.37081339682277503,0.4708062760878059,0.158380327089419,HAA_share
641302,Tyler Alexander,2024,749,0.3574148814220752,0.48039219397386146,0.16219292460406334,HAA_share
641302,Tyler Alexander,2025,730,0.3703457743496515,0.47101077151045934,0.15864345413988903,HAA_share
641329,Bryan Baker,2025,542,0.3876149720431257,0.4587765422567232,0.153608485700151,HAA_share
641401,Connor Brogdon,2025,390,0.36435864779083904,0.47518417163299814,0.1604571805761628,HAA_share
641482,Nestor Cortes,2024,1273,0.37495599948064023,0.467988090352045,0.15705591016731485,HAA_share
641482,Nestor Cortes,2025,239,0.3796059376050928,0.46469508979092233,0.15569897260398488,HAA_share
641540,Dane Dunning,2024,683,0.35275038982153656,0.48360409553949013,0.16364551463897326,HAA_share
641656,Ian Hamilton,2024,271,0.3551082089324502,0.48199749472911857,0.1628942963384312,HAA_share
641656,Ian Hamilton,2025,291,0.3436360831642026,0.4899695717278337,0.16639434510796375,HAA_share
641672,Thomas Hatch,2025,274,0.3523771474472071,0.4835033690231594,0.1641194835296335,HAA_share
641703,Brent Honeywell,2024,209,0.3776387453895129,0.4656407526486795,0.1567205019618075,HAA_share
641712,Dakota Hudson,2024,528,0.35563561573896296,0.4812779442179679,0.16308644004306924,HAA_share
641729,Joe Jiménez,2024,515,0.35978904458535155,0.47835474601691347,0.16185620939773504,HAA_share
641745,Brad Keller,2024,323,0.3737171511853803,0.4687047198526303,0.15757812896198944,HAA_share
641745,Brad Keller,2025,476,0.3595283292797,0.4786438162412122,0.16182785447908782,HAA_share
641755,Tyler Kinley,2024,523,0.37639852987413486,0.4667036528387131,0.15689781728715196,HAA_share
641755,Tyler Kinley,2025,538,0.3816353280634727,0.46317879516163024,0.15518587677489704,HAA_share
641771,Chad Kuhl,2024,389,0.3522935621966173,0.48394238320296334,0.16376405460041946,HAA_share
641778,Eric Lauer,2025,777,0.36119107911656784,0.47766583487236125,0.161143086011071,HAA_share
641793,Zack Littell,2024,1157,0.36038103855152465,0.47814266734323035,0.16147629410524492,HAA_share
641793,Zack Littell,2025,1370,0.36640021022694147,0.474088487152423,0.15951130262063554,HAA_share
641816,Tyler Mahle,2025,661,0.3708591458606523,0.4704914175040841,0.15864943663526376,HAA_share
641835,Tim Mayza,2024,281,0.35499694848399443,0.4821874425434959,0.16281560897250977,HAA_share
641927,Bailey Ober,2024,1313,0.37660846701256284,0.46663637222127896,0.15675516076615814,HAA_share
641927,Bailey Ober,2025,1157,0.37227329752263016,0.4692691298701866,0.15845757260718318,HAA_share
641941,Emilio Pagán,2024,279,0.34999633488376486,0.48517666501435436,0.16482700010188092,HAA_share
641941,Emilio Pagán,2025,533,0.369395003737203,0.47167996854750405,0.15892502771529285,HAA_share
642048,Tayler Saucedo,2024,247,0.3611137203736079,0.4776789987711099,0.1612072808552821,HAA_share
642100,Gabe Speier,2025,452,0.36010106781527007,0.4783751291376135,0.1615238030471165,HAA_share
642152,Lou Trivino,2025,368,0.3662183450831458,0.4740438828143591,0.15973777210249498,HAA_share
642207,Devin Williams,2025,537,0.35192708707313436,0.4842820263533194,0.16379088657354623,HAA_share
642232,Ryan Yarbrough,2024,590,0.35920436984681675,0.4793407954413377,0.16145483471184557,HAA_share
642232,Ryan Yarbrough,2025,432,0.3764848445226614,0.4669343738604986,0.15658078161683994,HAA_share
642397,Gregory Soto,2024,391,0.3559930846298454,0.48152872872178104,0.16247818664837343,HAA_share
642397,Gregory Soto,2025,449,0.3471886216813265,0.48775699883417356,0.1650543794844999,HAA_share
642520,Gerson Garabito,2024,205,0.3722956134523939,0.4696506787692039,0.15805370777840216,HAA_share
642528,Jonathan Loáisiga,2025,238,0.3589891625064694,0.4791037750153116,0.16190706247821898,HAA_share
642546,Jonathan Hernández,2024,339,0.3730000405956631,0.4689789330621631,0.15802102634217385,HAA_share
642547,Freddy Peralta,2024,1308,0.3823403567767625,0.46223532041331394,0.1554243228099235,HAA_share
642547,Freddy Peralta,2025,1328,0.37803948507062696,0.46573085148954796,0.15622966343982506,HAA_share
642585,Félix Bautista,2025,267,0.37871578068418393,0.46509705297163356,0.15618716634418253,HAA_share
642701,Dennis Santana,2024,540,0.3569166387096149,0.4807346805357553,0.16234868075462988,HAA_share
642701,Dennis Santana,2025,489,0.37539939177461684,0.4674621478476659,0.15713846037771742,HAA_share
643338,Chad Green,2024,399,0.35341307309479986,0.48302329684437273,0.16356363006082747,HAA_share
643338,Chad Green,2025,347,0.3618125949402768,0.47708296359185715,0.16110444146786604,HAA_share
643377,Griffin Jax,2024,503,0.36719153310125263,0.4734685881084304,0.1593398787903169,HAA_share
643377,Griffin Jax,2025,514,0.3641402859876391,0.475499927835159,0.16035978617720187,HAA_share
643410,Mark Leiter Jr.,2024,425,0.34539434009310394,0.48880066396261457,0.16580499594428166,HAA_share
643410,Mark Leiter Jr.,2025,349,0.3526896070880839,0.4835141143130111,0.163796278598905,HAA_share
643511,Tyler Rogers,2024,463,0.38516804289042017,0.4607543310258332,0.15407762608374664,HAA_share
643511,Tyler Rogers,2025,489,0.3796845756255915,0.4645046116462682,0.15581081272814035,HAA_share
645261,Sandy Alcantara,2025,1355,0.37759036556607334,0.4655994922975602,0.15681014213636646,HAA_share
647315,Zach Pop,2024,333,0.37635639016170797,0.4667548749190625,0.15688873491922964,HAA_share
647336,Michael Soroka,2024,555,0.36459621979959633,0.4752056100193245,0.16019817018107924,HAA_share
647336,Michael Soroka,2025,654,0.3626758447440925,0.4765913219272178,0.16073283332868968,HAA_share
650556,Bryan Abreu,2024,512,0.35636175651584906,0.48126096910242805,0.1623772743817229,HAA_share
650556,Bryan Abreu,2025,509,0.3613450376374835,0.47741625255070425,0.16123870981181232,HAA_share
650633,Michael King,2024,1170,0.3774111328740444,0.4661638094139941,0.15642505771196138,HAA_share
650633,Michael King,2025,503,0.37107893218519494,0.4709320731712576,0.15798899464354746,HAA_share
650644,Aaron Civale,2024,1112,0.35647606777794266,0.4809679291268716,0.1625560030951858,HAA_share
650644,Aaron Civale,2025,752,0.3547271298464696,0.48237069960135925,0.16290217055217107,HAA_share
650893,Génesis Cabrera,2024,453,0.35052296634720576,0.48503082834962064,0.16444620530317364,HAA_share
650893,Génesis Cabrera,2025,324,0.3752031320766251,0.46754445561831204,0.1572524123050629,HAA_share
650911,Cristopher Sánchez,2024,1330,0.38309388050555104,0.46228318861994644,0.15462293087450246,HAA_share
650911,Cristopher Sánchez,2025,1348,0.36594647135700165,0.47445814566642713,0.15959538297657117,HAA_share
655889,Manuel Rodríguez,2024,272,0.37243662695174284,0.46957516259117804,0.15798821045707911,HAA_share
655889,Manuel Rodríguez,2025,202,0.35859308256700423,0.47964217052742253,0.1617647469055731,HAA_share
656222,Jalen Beeks,2024,494,0.3631801523098615,0.4763058758223567,0.16051397186778193,HAA_share
656222,Jalen Beeks,2025,425,0.37173449663338204,0.4699115152249519,0.158353988141666,HAA_share
656234,Jake Bird,2024,246,0.34439514596501586,0.4895104702831077,0.16609438375187646,HAA_share
656234,Jake Bird,2025,384,0.35765659492702234,0.48011793375899475,0.16222547131398285,HAA_share
656240,Scott Blewett,2025,317,0.3684255863771772,0.4725072398688798,0.15906717375394297,HAA_share
656271,Brock Burke,2024,275,0.37229992004786233,0.4696971568627289,0.15800292308940875,HAA_share
656271,Brock Burke,2025,498,0.38378104932828166,0.4613053951564911,0.1549135555152272,HAA_share
656288,Griffin Canning,2024,1260,0.36394442232461444,0.4758296915701468,0.1602258861052387,HAA_share
656288,Griffin Canning,2025,573,0.36790483296797954,0.4726028471044831,0.15949231992753735,HAA_share
656302,Dylan Cease,2024,1386,0.3946931749894273,0.4539098594072884,0.15139696560328428,HAA_share
656302,Dylan Cease,2025,1390,0.3874706290893354,0.45887007147507913,0.15365929943558548,HAA_share
656412,Alex Faedo,2024,414,0.3612759276830575,0.4776432658539791,0.1610808064629633,HAA_share
656427,Jack Flaherty,2024,1078,0.38512721599572003,0.46051285301474265,0.1543599309895373,HAA_share
656427,Jack Flaherty,2025,1442,0.3838005914245102,0.46131643343356155,0.1548829751419283,HAA_share
656457,Tyler Gilbert,2025,363,0.3661650232350582,0.4737981001986037,0.1600368765663381,HAA_share
656464,Kevin Ginkel,2024,518,0.3453525476892727,0.4890178786906025,0.1656295736201247,HAA_share
656464,Kevin Ginkel,2025,208,0.3504280192714511,0.48550600388144505,0.164065976847104,HAA_share
656546,Jeff Hoffman,2024,454,0.38133151238587626,0.4634075197090432,0.15526096790508043,HAA_share
656546,Jeff Hoffman,2025,512,0.38026040192359883,0.4640866545797044,0.15565294349669664,HAA_share
656550,Grant Holmes,2024,510,0.36786001802550705,0.4725247368517067,0.15961524512278627,HAA_share
656550,Grant Holmes,2025,884,0.35919095077122976,0.47902232284518753,0.16178672638358266,HAA_share
656557,Tanner Houck,2024,1153,0.36256216368029504,0.4767188976012049,0.1607189387185001,HAA_share
656557,Tanner Houck,2025,305,0.38148984590754464,0.46308321623693316,0.15542693785552225,HAA_share
656605,Mitch Keller,2024,1212,0.3601948984883074,0.4783475623633872,0.16145753914830535,HAA_share
656605,Mitch Keller,2025,1315,0.3616219724121412,0.4773501897609295,0.1610278378269292,HAA_share
656629,Michael Kopech,2024,465,0.36674428872922415,0.47358611015286023,0.1596696011179157,HAA_share
656641,Jacob Latz,2024,342,0.36704040270271243,0.4736345287471008,0.1593250685501868,HAA_share
656641,Jacob Latz,2025,644,0.3784980083982263,0.4652884334250419,0.15621355817673183,HAA_share
656730,Trevor Megill,2024,308,0.3462800457868784,0.488186457001928,0.16553349721119354,HAA_share
656730,Trevor Megill,2025,335,0.37196842560636145,0.46994438928293636,0.15808718511070222,HAA_share
656731,Tylor Megill,2024,603,0.37196490440980334,0.46958065719440034,0.15845443839579637,HAA_share
656731,Tylor Megill,2025,509,0.35049681351371315,0.48537987675292155,0.1641233097333653,HAA_share
656756,Jordan Montgomery,2024,883,0.36103326715570766,0.47774755633973215,0.16121917650456033,HAA_share
656794,Sean Newcomb,2025,670,0.3887085956990953,0.45772194605308003,0.15356945824782453,HAA_share
656849,David Peterson,2024,839,0.374621047788857,0.4681135271242512,0.1572654250868917,HAA_share
656849,David Peterson,2025,1176,0.36825734634253393,0.4727491646658807,0.15899348899158539,HAA_share
656876,Drew Rasmussen,2024,208,0.3803630319124793,0.4640980101503327,0.15553895793718803,HAA_share
656876,Drew Rasmussen,2025,1040,0.35658919821301716,0.48111599396168014,0.16229480782530267,HAA_share
656945,Tanner Scott,2024,532,0.3623726975595321,0.4765930661003792,0.16103423634008868,HAA_share
656945,Tanner Scott,2025,516,0.35597046705868945,0.4813514006620592,0.16267813227925124,HAA_share
656986,Bennett Sousa,2025,355,0.3687156518428757,0.47218638295919513,0.15909796519792932,HAA_share
657006,Justin Steele,2024,940,0.3497062585604785,0.4857344136544095,0.16455932778511204,HAA_share
657024,Erik Swanson,2024,315,0.3568349757286127,0.4806775078813075,0.16248751639007977,HAA_share
657044,Ryan Thompson,2024,440,0.36500899511870677,0.4749134001840745,0.16007760469721868,HAA_share
657044,Ryan Thompson,2025,289,0.3598895021335644,0.47866194502227627,0.16144855284415932,HAA_share
657097,Jacob Webb,2024,419,0.34849051113932034,0.4864329998780116,0.16507648898266805,HAA_share
657097,Jacob Webb,2025,470,0.3565708814940007,0.4807856816537089,0.1626434368522904,HAA_share
657277,Logan Webb,2024,1314,0.3492390789061775,0.48585226166365036,0.16490865943017202,HAA_share
657277,Logan Webb,2025,1412,0.36377287024982635,0.4755474551619642,0.16067967458820942,HAA_share
657376,Clarke Schmidt,2024,577,0.3501679859475699,0.4855785672722028,0.16425344678022719,HAA_share
657376,Clarke Schmidt,2025,545,0.38405183665789183,0.46112891636920567,0.15481924697290242,HAA_share
657424,Matt Gage,2025,227,0.3823981904944984,0.46255937917790296,0.1550424303275986,HAA_share
657508,Mike Baumann,2024,468,0.359683130707279,0.47845598737958445,0.16186088191313647,HAA_share
657514,Brennan Bernardino,2024,357,0.35619046294377954,0.48094937672439947,0.162860160331821,HAA_share
657514,Brennan Bernardino,2025,340,0.35829948469597456,0.4796040860605159,0.16209642924350953,HAA_share
657571,Caleb Ferguson,2024,407,0.3697840470052728,0.47129979798792915,0.15891615500679807,HAA_share
657571,Caleb Ferguson,2025,452,0.3629959654619899,0.47617580202420734,0.16082823251380277,HAA_share
657585,Reed Garrett,2024,398,0.37663368874679054,0.4661980910052737,0.15716822024793572,HAA_share
657585,Reed Garrett,2025,393,0.3567659227572606,0.4800982740832643,0.16313580315947512,HAA_share
657612,Tim Hill,2024,453,0.381671904844532,0.4631782883859113,0.15514980676955661,HAA_share
657612,Tim Hill,2025,455,0.3708961685304333,0.4705070175744033,0.15859681389516342,HAA_share
657649,Jared Koenig,2024,460,0.3624381675233105,0.47665260954984884,0.16090922292684065,HAA_share
657649,Jared Koenig,2025,438,0.36644648065382635,0.4738106494586862,0.15974286988748754,HAA_share
657746,Joe Ryan,2024,978,0.36526419214262984,0.4745212479292586,0.1602145599281116,HAA_share
657746,Joe Ryan,2025,1327,0.3633333051182606,0.47582536879832193,0.16084132608341742,HAA_share
658648,Pedro Avila,2024,593,0.37452117395814877,0.46811661534143517,0.157362210700416,HAA_share
660271,Shohei Ohtani,2025,356,0.3798090266149127,0.4640208810377035,0.15617009234738377,HAA_share
660761,José Suarez,2024,381,0.3557768840096893,0.48135486108022546,0.16286825491008528,HAA_share
660787,Yerry De los Santos,2025,262,0.3696252857061516,0.47155524689116807,0.15881946740268035,HAA_share
660825,Eduard Bazardo,2025,503,0.35938883722025017,0.47886134277516873,0.16174982000458102,HAA_share
660853,Enyel De Los Santos,2024,521,0.37763165050014386,0.46547594307210277,0.15689240642775343,HAA_share
660853,Enyel De Los Santos,2025,534,0.3549736525726016,0.48173906430746105,0.16328728311993737,HAA_share
660896,Jorge Alcala,2024,411,0.373744065499532,0.46835341579157314,0.15790251870889485,HAA_share
660896,Jorge Alcala,2025,477,0.37736337979349033,0.4660712173050992,0.15656540290141036,HAA_share
661395,Jhoan Duran,2024,406,0.37730235185219746,0.4655485655231331,0.15714908262466937,HAA_share
661395,Jhoan Duran,2025,538,0.3577697835036615,0.47950036942760577,0.1627298470687327,HAA_share
661403,Emmanuel Clase,2024,506,0.3790085457353022,0.46487228235277794,0.1561191719119199,HAA_share
661403,Emmanuel Clase,2025,378,0.3968655236307226,0.45253585171333366,0.1505986246559438,HAA_share
661527,Seth Martinez,2024,343,0.36332204184389727,0.4760981129419821,0.1605798452141206,HAA_share
661563,Luis Gil,2024,1102,0.4018403011044511,0.4487480714887952,0.14941162740675368,HAA_share
661563,Luis Gil,2025,409,0.3992285662341379,0.45044439087859456,0.1503270428872675,HAA_share
662253,Andrés Muñoz,2024,384,0.3706467763964443,0.47058931898674716,0.15876390461680856,HAA_share
662253,Andrés Muñoz,2025,442,0.3775464007627084,0.4658309035522354,0.15662269568505605,HAA_share
663158,Robert Suarez,2024,503,0.37131606504669123,0.4704955076828966,0.1581884272704122,HAA_share
663158,Robert Suarez,2025,552,0.36932608411348705,0.4720987760310522,0.1585751398554607,HAA_share
663362,Matt Waldron,2024,621,0.35664858313656717,0.4804759222671757,0.16287549459625705,HAA_share
663372,Ryan Feltner,2024,1114,0.3751494960779682,0.46752916609572437,0.15732133782630758,HAA_share
663372,Ryan Feltner,2025,231,0.3809842073822845,0.46321270664965125,0.15580308596806414,HAA_share
663399,Brandon Waddell,2025,228,0.36761165100248006,0.47313395818526055,0.15925439081225942,HAA_share
663423,Trent Thornton,2024,511,0.37240153657872643,0.46968705218224077,0.1579114112390326,HAA_share
663423,Trent Thornton,2025,303,0.37371132441795196,0.4687711243211588,0.15751755126088923,HAA_share
663432,Tanner Rainey,2024,412,0.3637370274116536,0.47583470889011015,0.16042826369823626,HAA_share
663436,Davis Martin,2024,407,0.370112182263636,0.4709786068426221,0.15890921089374194,HAA_share
663436,Davis Martin,2025,1082,0.3559422258711403,0.48122284171967383,0.1628349324091859,HAA_share
663455,Konnor Pilkington,2025,217,0.37812023488050706,0.4654672711893497,0.15641249393014317,HAA_share
663460,Kris Bubic,2024,220,0.3598425355130752,0.47857887980374203,0.1615785846831827,HAA_share
663460,Kris Bubic,2025,813,0.3545639794072845,0.4822756887394281,0.1631603318532874,HAA_share
663465,Kolby Allard,2024,201,0.36791678018233487,0.47274874305734554,0.1593344767603196,HAA_share
663465,Kolby Allard,2025,458,0.3638059439615793,0.4758443380619217,0.16034971797649902,HAA_share
663474,Triston McKenzie,2024,479,0.3573052883250491,0.4803308556313958,0.16236385604355516,HAA_share
663485,Cole Sands,2024,542,0.38471866198243826,0.4604548377463969,0.1548265002711649,HAA_share
663485,Cole Sands,2025,520,0.3775299167916086,0.46539355353723283,0.15707652967115857,HAA_share
663531,Logan Allen,2024,214,0.37535541715668586,0.46755974906390524,0.15708483377940877,HAA_share
663542,Bryan Hudson,2024,398,0.37308068192281374,0.4694113845213011,0.15750793355588513,HAA_share
663546,Sean Hjelle,2024,503,0.35083201366779143,0.4851302863000335,0.1640377000321752,HAA_share
663554,Casey Mize,2024,831,0.40442539992580795,0.44672762709991254,0.1488469729742796,HAA_share
663554,Casey Mize,2025,1110,0.3844181543110503,0.46117550377450395,0.15440634191444572,HAA_share
663559,Bailey Falter,2024,951,0.35404525994541564,0.48256811714062325,0.16338662291396114,HAA_share
663559,Bailey Falter,2025,849,0.36467911291448013,0.47506585067300283,0.16025503641251712,HAA_share
663567,Peter Lambert,2024,433,0.3862152791650792,0.459974852656236,0.1538098681786849,HAA_share
663568,Stephen Kolek,2024,319,0.35208954782665575,0.48287868263064476,0.1650317695426995,HAA_share
663568,Stephen Kolek,2025,753,0.3713929308991621,0.47017246540846747,0.15843460369237056,HAA_share
663574,Tony Santillan,2024,238,0.3479809580237323,0.48711298734256936,0.16490605463369823,HAA_share
663574,Tony Santillan,2025,579,0.35300104571802954,0.4834385953856406,0.16356035889632978,HAA_share
663623,Jake Irvin,2024,1358,0.37309079614184565,0.469062194453721,0.1578470094044334,HAA_share
663623,Jake Irvin,2025,1315,0.37401112312491913,0.46854259509901147,0.15744628177606934,HAA_share
663671,Nic Enright,2025,257,0.37584129620599555,0.46699762581811877,0.1571610779758857,HAA_share
663687,Hogan Harris,2024,502,0.38736202502824363,0.4590432249404457,0.15359475003131068,HAA_share
663687,Hogan Harris,2025,486,0.3765282589013542,0.46656876797319,0.1569029731254557,HAA_share
663704,James McArthur,2024,381,0.3527055425233164,0.4836998602304151,0.16359459724626849,HAA_share
663738,Daniel Lynch IV,2024,275,0.3903055242414023,0.4571174656710026,0.15257701008759517,HAA_share
663738,Daniel Lynch IV,2025,440,0.3719980808214003,0.4697643133325847,0.1582376058460149,HAA_share
663765,Jake Woodford,2024,262,0.3574690463474651,0.48046119511131447,0.16206975854122044,HAA_share
663765,Jake Woodford,2025,269,0.3711928711930677,0.4703310632378597,0.1584760655690727,HAA_share
663767,Chase Shugart,2025,279,0.37293392672854747,0.46919157056202176,0.15787450270943063,HAA_share
663773,Bryan Hoeing,2024,281,0.36817938178221166,0.4725889813621445,0.1592316368556438,HAA_share
663776,Patrick Sandoval,2024,576,0.3730451098138482,0.46910401957439946,0.15785087061175238,HAA_share
663855,Jordan Hicks,2024,788,0.3716698544191302,0.47015154046257623,0.15817860511829354,HAA_share
663855,Jordan Hicks,2025,484,0.37161335286952674,0.46956103598005755,0.1588256111504156,HAA_share
663878,Nate Pearson,2024,439,0.3717270890262322,0.47020180873565265,0.1580711022381151,HAA_share
663893,Brendon Little,2024,294,0.3498137991828434,0.48543046039306137,0.1647557404240952,HAA_share
663893,Brendon Little,2025,443,0.3582883308719343,0.4791398309829015,0.1625718381451641,HAA_share
663903,Brady Singer,2024,1194,0.3501048344352567,0.4855938344654469,0.1643013310992964,HAA_share
663903,Brady Singer,2025,1191,0.35706856794109243,0.4806302539702624,0.16230117808864525,HAA_share
663941,Tristan Beck,2025,376,0.36455368464509774,0.47506544244024185,0.16038087291466047,HAA_share
663947,Tyler Holton,2024,578,0.3852359984896262,0.46053224659731024,0.15423175491306357,HAA_share
663947,Tyler Holton,2025,551,0.37740772781367965,0.46593114145022047,0.1566611307360998,HAA_share
663969,Tyler Phillips,2024,286,0.3564724327159046,0.4811276395861549,0.16239992769794045,HAA_share
663969,Tyler Phillips,2025,492,0.3696156763972685,0.4715877866715669,0.15879653693116447,HAA_share
663978,Chris Paddack,2024,663,0.3860294281287646,0.4597731595348615,0.15419741233637385,HAA_share
663978,Chris Paddack,2025,1226,0.3844141922145223,0.4609709242468256,0.15461488353865224,HAA_share
663992,Richard Lovelady,2024,243,0.35849052081503724,0.4792499553584233,0.16225952382653944,HAA_share
664062,Tony Gonsolin,2025,243,0.3666612381233771,0.47378083280024225,0.15955792907638075,HAA_share
664076,Garrett Cleavinger,2024,446,0.365210503116258,0.4744609215253617,0.1603285753583804,HAA_share
664076,Garrett Cleavinger,2025,395,0.3474748702565968,0.4874470105055337,0.16507811923786941,HAA_share
664126,Pete Fairbanks,2024,276,0.3523984934735733,0.4838978336387743,0.16370367288765222,HAA_share
664126,Pete Fairbanks,2025,459,0.35983100824953856,0.4786334788509407,0.1615355128995208,HAA_share
664141,JT Brubaker,2025,203,0.3819374013711096,0.4621247908382116,0.15593780779067876,HAA_share
664192,Joey Lucchesi,2025,266,0.36147092845122514,0.4774551264753287,0.16107394507344613,HAA_share
664199,Taylor Clarke,2025,386,0.36651629721855905,0.4738995102507627,0.1595841925306782,HAA_share
664208,Phil Maton,2024,442,0.34206913830857455,0.4913311661289317,0.16659969556249374,HAA_share
664208,Phil Maton,2025,435,0.35981819214669136,0.47878573818548725,0.1613960696678214,HAA_share
664285,Framber Valdez,2024,987,0.3710828941554736,0.4704885685173215,0.1584285373272049,HAA_share
664285,Framber Valdez,2025,1270,0.36644502180164845,0.4738036224827527,0.15975135571559876,HAA_share
664299,Cristian Javier,2025,261,0.36167297580467067,0.47751123272861584,0.16081579146671351,HAA_share
664350,Sixto Sánchez,2024,247,0.36854634378530443,0.47251395165873744,0.15893970455595813,HAA_share
664747,Alexis Díaz,2024,402,0.34819819170112964,0.486842462724567,0.1649593455743034,HAA_share
664776,Jake Cousins,2024,235,0.36748294555089067,0.4732846209475245,0.1592324335015849,HAA_share
664849,Danny Young,2024,237,0.36713767210484527,0.4732593499356947,0.1596029779594601,HAA_share
664854,Ryan Helsley,2024,420,0.3713865026772616,0.47043439923501307,0.15817909808772546,HAA_share
664854,Ryan Helsley,2025,454,0.3604494746919703,0.4780612939693266,0.16148923133870297,HAA_share
664875,Justin Lawrence,2024,430,0.3529019114108917,0.4836217690932863,0.16347631949582195,HAA_share
664991,Grant Wolfram,2025,226,0.36890467323371023,0.47232668774623143,0.15876863902005825,HAA_share
665152,Dean Kremer,2024,912,0.3826929321521075,0.46233644264263263,0.15497062520525995,HAA_share
665152,Dean Kremer,2025,1259,0.37306824090044427,0.4693434559359253,0.15758830316363048,HAA_share
665622,Luis Medina,2024,325,0.39380240827666346,0.4545086124840189,0.15168897923931773,HAA_share
665625,Elvis Peguero,2024,347,0.3649841559634663,0.47479013811162046,0.1602257059249132,HAA_share
665660,Elvis Alvarado,2025,341,0.3749246994351434,0.4677189872655114,0.15735631329934513,HAA_share
665795,Edward Cabrera,2024,741,0.37429826570355057,0.46844260695018325,0.15725912734626613,HAA_share
665795,Edward Cabrera,2025,944,0.37418483983068657,0.46798229579489903,0.1578328643744145,HAA_share
665871,Javier Assad,2024,952,0.36476717127313385,0.47477889706974646,0.1604539316571197,HAA_share
665871,Javier Assad,2025,246,0.38016401830819135,0.4640991428495742,0.1557368388422344,HAA_share
666129,Braxton Garrett,2024,257,0.36853396111347253,0.47203252861414907,0.15943351027237823,HAA_share
666142,Cole Ragans,2024,1382,0.37742610314801744,0.46618298894132926,0.15639090791065322,HAA_share
666142,Cole Ragans,2025,504,0.38928400378132644,0.45771812516652155,0.15299787105215204,HAA_share
666157,Nick Lodolo,2024,803,0.36986532930729116,0.47137256434371644,0.15876210634899232,HAA_share
666157,Nick Lodolo,2025,1168,0.3643598953344255,0.47538417496528496,0.1602559297002896,HAA_share
666159,Matt Manning,2024,202,0.3808147706170943,0.46367350909056465,0.15551172029234103,HAA_share
666171,Ryan Zeferjahn,2025,428,0.3618047914384835,0.47704532637550173,0.1611498821860148,HAA_share
666200,Jesús Luzardo,2024,412,0.3887640601574262,0.45772769794378837,0.1535082418987854,HAA_share
666200,Jesús Luzardo,2025,1356,0.3663184912958211,0.47405675136914494,0.1596247573350339,HAA_share
666205,Kyle Muller,2024,307,0.3861678363854156,0.45979489450839817,0.1540372691061862,HAA_share
666214,Joey Wentz,2024,536,0.36484267470975174,0.47503078819576205,0.16012653709448615,HAA_share
666214,Joey Wentz,2025,840,0.38099765259380936,0.4633697886709974,0.15563255873519333,HAA_share
666277,George Soriano,2025,307,0.3740160751604774,0.4682227345106558,0.15776119032886676,HAA_share
666374,Matt Brash,2025,321,0.3521060869329484,0.4837835615818029,0.16411035148524875,HAA_share
666661,Juan Morillo,2025,282,0.37664019679945904,0.466629969495668,0.15672983370487295,HAA_share
666745,Jhony Brito,2024,265,0.381919117714944,0.4624646607133722,0.15561622157168375,HAA_share
666808,Camilo Doval,2024,440,0.37498163915016036,0.46781619594745655,0.1572021649023831,HAA_share
666808,Camilo Doval,2025,493,0.35587580591791396,0.481306197652117,0.16281799642996905,HAA_share
666974,Yennier Cano,2024,438,0.36618534916724255,0.4739220611155782,0.1598925897171793,HAA_share
666974,Yennier Cano,2025,423,0.359098522001759,0.4790868401609721,0.16181463783726896,HAA_share
667463,John King,2024,396,0.3549409949142925,0.48225538088462416,0.16280362420108346,HAA_share
667463,John King,2025,361,0.3730243340777184,0.46915914655514745,0.15781651936713414,HAA_share
667725,Kyle Tyler,2024,231,0.3625169997631045,0.47668369264098565,0.16079930759590985,HAA_share
667755,José Soriano,2024,718,0.3700788671144839,0.47141420812402074,0.1585069247614955,HAA_share
667755,José Soriano,2025,1158,0.3821181331558337,0.4624247098321109,0.15545715701205537,HAA_share
668338,Tyson Miller,2024,454,0.3626673824334971,0.4766607349355686,0.16067188263093432,HAA_share
668390,Cole Winn,2025,265,0.3716009146220263,0.4704385136523005,0.15796057172567327,HAA_share
668674,Lucas Erceg,2024,399,0.39946442558002687,0.4504018299634358,0.1501337444565374,HAA_share
668674,Lucas Erceg,2025,447,0.3881153745182099,0.4582617908892328,0.15362283459255732,HAA_share
668678,Zac Gallen,2024,951,0.3758070682979885,0.46732013823080315,0.1568727934712083,HAA_share
668678,Zac Gallen,2025,1316,0.37824507893257314,0.46535815131989333,0.15639676974753344,HAA_share
668820,Max Kranick,2025,273,0.3915724966258334,0.4559109931874497,0.15251651018671694,HAA_share
668881,Hunter Greene,2024,1158,0.40090394219559555,0.44905786846901014,0.15003818933539442,HAA_share
668881,Hunter Greene,2025,876,0.40555648554430834,0.44576866613760674,0.14867484831808495,HAA_share
668909,Gavin Williams,2024,635,0.3826095392280426,0.4621476942888335,0.15524276648312393,HAA_share
668909,Gavin Williams,2025,1261,0.3747387073675095,0.4676793442236632,0.1575819484088273,HAA_share
668933,Graham Ashcraft,2024,574,0.3618270700227995,0.4771033882742021,0.16106954170299828,HAA_share
668933,Graham Ashcraft,2025,471,0.3932170312038643,0.4545632166920856,0.15221975210405003,HAA_share
668941,JoJo Romero,2024,352,0.3512984651709526,0.48451856631463674,0.16418296851441072,HAA_share
668941,JoJo Romero,2025,380,0.3876637289054144,0.45854778532139545,0.15378848577319,HAA_share
668964,Tobias Myers,2024,1009,0.3660613289239981,0.474053785526929,0.1598848855490729,HAA_share
668964,Tobias Myers,2025,401,0.3794046984238098,0.4646852096388211,0.15591009193736904,HAA_share
668984,Casey Legumina,2025,403,0.35844627109692634,0.47957504056852174,0.1619786883345519,HAA_share
669020,Ryan Rolison,2025,292,0.3556758227691495,0.4815546980337051,0.1627694791971454,HAA_share
669022,MacKenzie Gore,2024,1385,0.3836044251867171,0.46155555704860973,0.15484001776467327,HAA_share
669022,MacKenzie Gore,2025,1322,0.382616911989399,0.4623035933673579,0.15507949464324317,HAA_share
669060,Bryse Wilson,2024,746,0.35681734888064653,0.48056551185195584,0.16261713926739768,HAA_share
669060,Bryse Wilson,2025,380,0.35963276259938487,0.4785951476428115,0.16177208975780358,HAA_share
669062,Erik Miller,2024,482,0.37969015891140034,0.4647010698985298,0.15560877119006988,HAA_share
669062,Erik Miller,2025,214,0.37208248626309814,0.47003433714181003,0.15788317659509174,HAA_share
669084,DL Hall,2024,289,0.3590630924068563,0.4789925996336094,0.16194430795953427,HAA_share
669084,DL Hall,2025,247,0.369074275690191,0.47178387684618234,0.1591418474636267,HAA_share
669093,Jeremiah Estrada,2024,496,0.38544830444491096,0.4604149453204875,0.1541367502346016,HAA_share
669093,Jeremiah Estrada,2025,599,0.3890529328396292,0.4579163007414788,0.15303076641889196,HAA_share
669160,Dustin May,2025,919,0.36572444341478927,0.47454601529167556,0.15972954129353528,HAA_share
669194,Ryne Nelson,2024,1139,0.3869174209152048,0.45924385034536197,0.15383872873943316,HAA_share
669194,Ryne Nelson,2025,1175,0.38206854401542817,0.46267260883801387,0.15525884714655805,HAA_share
669199,Lake Bachar,2025,495,0.36439687258429,0.4752539234436162,0.16034920397209387,HAA_share
669203,Corbin Burnes,2024,1306,0.37543790644825353,0.4675399091147402,0.15702218443700625,HAA_share
669203,Corbin Burnes,2025,436,0.38060772891672623,0.46398630727899587,0.15540596380427807,HAA_share
669211,Keegan Akin,2024,526,0.37951378609147834,0.4646392035078011,0.15584701040072058,HAA_share
669211,Keegan Akin,2025,505,0.3779517134611474,0.4656129271289088,0.15643535940994377,HAA_share
669212,Eli Morgan,2024,307,0.34415300572292445,0.4897899968834284,0.16605699739364715,HAA_share
669276,Dylan Lee,2024,431,0.3654910665829539,0.4745374161347935,0.15997151728225273,HAA_share
669276,Dylan Lee,2025,540,0.360725656345472,0.4780121475521416,0.16126219610238648,HAA_share
669302,Logan Gilbert,2024,1370,0.3680542237633665,0.4727552675536697,0.1591905086829637,HAA_share
669302,Logan Gilbert,2025,998,0.3940977769603504,0.45424835345096726,0.15165386958868227,HAA_share
669358,Shane Baz,2024,573,0.3799948046869793,0.4643912428529178,0.15561395246010282,HAA_share
669358,Shane Baz,2025,1258,0.3627096047509491,0.476520512493297,0.16076988275575388,HAA_share
669371,Cole Henry,2025,392,0.36282048627477664,0.4764351052755327,0.16074440844969068,HAA_share
669372,J.T. Ginn,2024,232,0.3745958422497719,0.4678156816183534,0.15758847613187468,HAA_share
669372,J.T. Ginn,2025,644,0.3711933155801706,0.47049416425117946,0.1583125201686499,HAA_share
669373,Tarik Skubal,2024,1318,0.38922419178167345,0.4577057886463796,0.15307001957194702,HAA_share
669373,Tarik Skubal,2025,1481,0.39706080921245257,0.45192584099745586,0.15101334979009173,HAA_share
669387,Carmen Mlodzinski,2024,395,0.38465547418372714,0.46053090318258644,0.15481362263368634,HAA_share
669387,Carmen Mlodzinski,2025,696,0.36679857579103275,0.4736129561634916,0.15958846804547558,HAA_share
669422,Matt Sauer,2025,242,0.36785452145116915,0.47292510762218193,0.15922037092664887,HAA_share
669432,Trevor Rogers,2024,944,0.3709132825387139,0.4709406261021723,0.1581460913591137,HAA_share
669432,Trevor Rogers,2025,830,0.35840792592306314,0.4796987468855005,0.16189332719143643,HAA_share
669438,Mason Englert,2025,338,0.37142637280527757,0.47054266801094463,0.15803095918377774,HAA_share
669456,Shane Bieber,2025,280,0.34237870322887287,0.4910908290276764,0.16653046774345065,HAA_share
669461,Matthew Liberatore,2024,628,0.37195713320163076,0.47009804839904445,0.15794481839932475,HAA_share
669461,Matthew Liberatore,2025,1083,0.3749708265094856,0.46756677176114936,0.157462401729365,HAA_share
669467,Andre Pallante,2024,787,0.38314490213142643,0.46201892004891476,0.15483617781965883,HAA_share
669467,Andre Pallante,2025,1158,0.38603355780689697,0.45991542249231077,0.15405101970079224,HAA_share
669622,Anthony Bender,2024,357,0.3606811461018178,0.477888823047528,0.16143003085065433,HAA_share
669622,Anthony Bender,2025,307,0.36831854686285564,0.472468038704064,0.15921341443308035,HAA_share
669674,Sam Long,2024,312,0.36804232986728513,0.47257821025117835,0.15937945988153648,HAA_share
669674,Sam Long,2025,338,0.3648977594976374,0.47506373140413366,0.16003850909822903,HAA_share
669684,Chris Murphy,2025,230,0.37234535864238294,0.4698010628196234,0.15785357853799364,HAA_share
669711,Greg Weissert,2024,450,0.36543340519208556,0.47463694534108386,0.15992964946683053,HAA_share
669711,Greg Weissert,2025,477,0.3775771075411767,0.46579299401234353,0.1566298984464799,HAA_share
669713,Hayden Wesneski,2024,438,0.36479168819151175,0.47513465921877607,0.16007365258971226,HAA_share
669713,Hayden Wesneski,2025,228,0.358493028378972,0.47968046046944796,0.16182651115158,HAA_share
669721,Davis Daniel,2024,228,0.35851393378448015,0.479556356779143,0.161929709436377,HAA_share
669724,Brenan Hanifee,2024,208,0.3554635174407931,0.48158845873495465,0.16294802382425225,HAA_share
669724,Brenan Hanifee,2025,409,0.3607153538077522,0.47799012796683954,0.1612945182254083,HAA_share
669854,Ronel Blanco,2024,1153,0.38598522227506565,0.46004507413621987,0.15396970358871448,HAA_share
669854,Ronel Blanco,2025,355,0.3749553602023126,0.46791963886517846,0.15712500093250903,HAA_share
669920,Jason Alexander,2025,498,0.3702612299980009,0.47136503665078544,0.15837373335121366,HAA_share
669923,George Kirby,2024,1431,0.37541403271437895,0.4675928698377353,0.15699309744788573,HAA_share
669923,George Kirby,2025,926,0.3766195828322152,0.46668888698215744,0.15669153018562745,HAA_share
670036,Matt Festa,2024,200,0.36272632428402896,0.47667497282956484,0.1605987028864061,HAA_share
670036,Matt Festa,2025,390,0.3688806801822464,0.4721461109410775,0.15897320887667601,HAA_share
670059,Colin Holderman,2024,367,0.35307727239971237,0.4830783620160078,0.16384436558427984,HAA_share
670059,Colin Holderman,2025,216,0.3626239520060527,0.47664864477823593,0.16072740321571127,HAA_share
670102,Bowden Francis,2024,720,0.37306377406602215,0.4691968395545742,0.15773938637940366,HAA_share
670102,Bowden Francis,2025,500,0.37949675491102625,0.46457483398679084,0.15592841110218286,HAA_share
670124,Adam Oller,2024,290,0.37590722816645716,0.4671326865765424,0.1569600852570005,HAA_share
670167,John Schreiber,2024,350,0.36116355170552394,0.47738266212602504,0.1614537861684511,HAA_share
670167,John Schreiber,2025,467,0.37923525667432534,0.46481188037409243,0.15595286295158226,HAA_share
670174,Josh Winckowski,2024,523,0.3477943241784599,0.48732054015124665,0.16488513567029345,HAA_share
670280,David Bednar,2024,473,0.38449719509950636,0.46100207823330835,0.15450072666718526,HAA_share
670280,David Bednar,2025,452,0.36880514942011566,0.47195686378378593,0.15923798679609844,HAA_share
670329,Rico Garcia,2025,264,0.388457965302008,0.4581212736893575,0.15342076100863447,HAA_share
670766,Darren McCaughan,2024,303,0.3561300956718586,0.48117489039977474,0.1626950139283667,HAA_share
670912,Johan Oviedo,2025,262,0.3552899351783027,0.4818442369315876,0.16286582789010984,HAA_share
670950,Trevor Richards,2024,464,0.3451979338985051,0.48906040031564496,0.16574166578584995,HAA_share
670955,Edwin Uceta,2024,329,0.3500317396704494,0.4856057886898387,0.1643624716397119,HAA_share
670955,Edwin Uceta,2025,610,0.3425051659548402,0.49092121304239383,0.16657362100276596,HAA_share
670970,Adrian Morejon,2024,473,0.37401443905589216,0.4683319064916441,0.15765365445246374,HAA_share
670970,Adrian Morejon,2025,442,0.3708452517626255,0.4701694319896755,0.1589853162476991,HAA_share
670990,Yohan Ramírez,2024,265,0.3601127898760773,0.4784898751269341,0.1613973349969887,HAA_share
670990,Yohan Ramírez,2025,279,0.3810643670994197,0.46358831041789916,0.15534732248268118,HAA_share
671096,Andrew Abbott,2024,1007,0.36000977634858256,0.4785792149769501,0.16141100867446734,HAA_share
671096,Andrew Abbott,2025,1261,0.3521738279012262,0.4840466241240019,0.16377954797477187,HAA_share
671106,Logan Allen,2024,660,0.3566668002229832,0.4808968769351466,0.16243632284187026,HAA_share
671106,Logan Allen,2025,1107,0.36519718045884003,0.4746419368489105,0.1601608826922495,HAA_share
671131,Jackson Rutledge,2025,596,0.36211353054470624,0.4769118461116755,0.1609746233436182,HAA_share
671212,Joe Boyle,2024,317,0.39879705623298983,0.45117417690565426,0.15002876686135588,HAA_share
671212,Joe Boyle,2025,391,0.3825806672358525,0.46239855627682286,0.15502077648732482,HAA_share
671305,Michel Otañez,2024,266,0.37090971785485644,0.47079675058059256,0.15829353156455092,HAA_share
671345,Jason Foley,2024,407,0.3830097319063995,0.4615775627891867,0.15541270530441384,HAA_share
671737,Taj Bradley,2024,1105,0.37804366566448205,0.46573554191210476,0.1562207924234132,HAA_share
671737,Taj Bradley,2025,997,0.3635179689937141,0.475945998274838,0.16053603273144798,HAA_share
671922,Cade Smith,2024,524,0.3706833615822679,0.4706449993848564,0.15867163903287576,HAA_share
671922,Cade Smith,2025,580,0.3657952159997762,0.4741715276202362,0.16003325637998747,HAA_share
672282,Reid Detmers,2024,672,0.3813674920768181,0.4630479296038196,0.15558457831936245,HAA_share
672282,Reid Detmers,2025,484,0.3780014503476727,0.46572285848485584,0.15627569116747142,HAA_share
672335,Cionel Pérez,2024,360,0.3813566931648508,0.46304270680365023,0.15560060003149898,HAA_share
672391,Kaleb Ort,2025,349,0.38942562394933394,0.4568027717675666,0.15377160428309933,HAA_share
672456,Keider Montero,2024,700,0.3611009631826503,0.47773994094110184,0.1611590958762478,HAA_share
672456,Keider Montero,2025,660,0.36192055905142806,0.4769082413588547,0.16117119958971732,HAA_share
672578,Carlos Hernández,2024,256,0.38218707705494714,0.4625395302643645,0.15527339268068824,HAA_share
672578,Carlos Hernández,2025,354,0.38327210639822906,0.4618899037193149,0.154837989882456,HAA_share
672582,Angel Zerpa,2024,372,0.36735647125250465,0.4726274584099836,0.1600160703375118,HAA_share
672582,Angel Zerpa,2025,431,0.39322808225111366,0.4547710075240858,0.15200091022480056,HAA_share
672710,Roansy Contreras,2024,446,0.3650709283235748,0.4747601372617481,0.16016893441467714,HAA_share
672782,Yoendrys Gómez,2025,489,0.3630315257893299,0.4762935982764038,0.16067487593426624,HAA_share
672841,Carlos Vargas,2025,496,0.36307724702234206,0.4763591696289117,0.1605635833487462,HAA_share
673380,Dedniel Núñez,2024,260,0.38129222952383995,0.46329012568343525,0.1554176447927248,HAA_share
673513,Yuki Matsui,2024,473,0.34843721486587453,0.486836689965706,0.1647260951684194,HAA_share
673513,Yuki Matsui,2025,474,0.3539376112974457,0.4827437944102126,0.16331859429234175,HAA_share
673540,Kodai Senga,2025,545,0.3663995613062553,0.4735769350728704,0.1600235036208742,HAA_share
673929,Jordan Leasure,2024,238,0.3539996173031257,0.4827753093837757,0.16322507331309855,HAA_share
673929,Jordan Leasure,2025,518,0.36202245587641996,0.4771005417867065,0.16087700233687352,HAA_share
674003,Cody Bradford,2024,505,0.37724479068840505,0.4659802943393462,0.15677491497224874,HAA_share
674072,Tommy Henry,2024,270,0.358013633077687,0.47972977159809926,0.1622565953242137,HAA_share
674285,Eduardo Salazar,2024,211,0.35114620946963404,0.4848562179699925,0.16399757256037348,HAA_share
674285,Eduardo Salazar,2025,242,0.38157881193799414,0.46310738873853813,0.15531379932346775,HAA_share
674370,Osvaldo Bido,2024,479,0.357505491531232,0.4799967486812439,0.162497759787524,HAA_share
674370,Osvaldo Bido,2025,620,0.3552053909763634,0.48190335834894193,0.16289125067469465,HAA_share
674444,Steven Cruz,2025,296,0.37814361675753505,0.46555194702111447,0.15630443622135065,HAA_share
675512,Troy Melton,2025,302,0.3645770982438822,0.475153951548297,0.1602689502078209,HAA_share
675540,Xzavion Curry,2024,307,0.3788861607838289,0.4649548423146531,0.1561589969015178,HAA_share
675627,Michael Grove,2024,302,0.3413918100607245,0.4918696907324899,0.16673849920678568,HAA_share
675848,Juan Mejia,2025,479,0.376607309654187,0.4666850005658073,0.1567076897800056,HAA_share
675911,Spencer Strider,2025,934,0.37007618020067307,0.4713511486564974,0.15857267114282952,HAA_share
675921,Spencer Howard,2024,261,0.3729898890469779,0.4693576563495653,0.1576524546034568,HAA_share
676083,Janson Junk,2025,804,0.37030469941213673,0.4710308375933549,0.15866446299450843,HAA_share
676092,Collin Snider,2024,321,0.3678941840101797,0.4727726090096953,0.15933320698012501,HAA_share
676092,Collin Snider,2025,241,0.3668749651525919,0.4732797032192782,0.15984533162812986,HAA_share
676106,Emerson Hancock,2024,450,0.36778002226493745,0.47300267048864064,0.1592173072464219,HAA_share
676106,Emerson Hancock,2025,679,0.3681906293340526,0.4727609307608135,0.15904843990513393,HAA_share
676130,José Buttó,2024,501,0.3513410525175869,0.4847271865276741,0.16393176095473902,HAA_share
676130,José Buttó,2025,474,0.3524267225718292,0.4838058732848562,0.16376740414331462,HAA_share
676254,Ryan Walker,2024,471,0.3473062347927986,0.48758881776478247,0.16510494744241888,HAA_share
676254,Ryan Walker,2025,409,0.33747140732264097,0.49479419613519426,0.16773439654216488,HAA_share
676263,Jack Dreyer,2025,541,0.349489386015317,0.48587252173792883,0.16463809224675408,HAA_share
676272,Bobby Miller,2024,413,0.368356199895026,0.47262488286149557,0.1590189172434785,HAA_share
676282,Joey Cantillo,2024,292,0.3581552304652026,0.4798760232238716,0.16196874631092587,HAA_share
676282,Joey Cantillo,2025,661,0.3648867148418194,0.4750278262676606,0.16008545889052006,HAA_share
676395,Robert Garcia,2024,444,0.3717205203081426,0.4702189463327697,0.15806053335908773,HAA_share
676395,Robert Garcia,2025,469,0.34451798093140246,0.489353334588595,0.16612868448000268,HAA_share
676428,Brant Hurter,2024,294,0.35034229955540785,0.48529244144190037,0.16436525900269178,HAA_share
676428,Brant Hurter,2025,428,0.3585360388991316,0.4793098195759211,0.16215414152494734,HAA_share
676440,Tanner Bibee,2024,1310,0.38304152255029533,0.46208014531052993,0.15487833213917476,HAA_share
676440,Tanner Bibee,2025,1275,0.36434813323632526,0.4754374243134022,0.1602144424502725,HAA_share
676467,Colton Gordon,2025,694,0.3627281080605883,0.47660136658197366,0.1606705253574382,HAA_share
676477,Garrett Whitlock,2025,587,0.3697610797534293,0.4716473191415649,0.15859160110500586,HAA_share
676508,Ben Casparius,2025,590,0.3573151538093338,0.48031479050917475,0.16237005568149143,HAA_share
676534,Calvin Faucher,2024,400,0.38160784133164183,0.46297302587041445,0.15541913279794375,HAA_share
676534,Calvin Faucher,2025,426,0.3480126962279808,0.4868903361951194,0.16509696757689993,HAA_share
676596,Josh Fleming,2024,208,0.36052643035754867,0.478123247417127,0.16135032222532442,HAA_share
676617,Riley O'Brien,2025,314,0.36170439570047336,0.4772318608690372,0.16106374343048943,HAA_share
676661,Max Lazar,2025,280,0.37495467353575307,0.46771354364605305,0.15733178281819385,HAA_share
676664,JP Sears,2024,1265,0.3964786041384513,0.45260727304852344,0.1509141228130251,HAA_share
676664,JP Sears,2025,1062,0.3862218774483188,0.45995386404542016,0.15382425850626114,HAA_share
676684,Will Vest,2024,527,0.38252510159614284,0.4623397982426139,0.15513510016124327,HAA_share
676684,Will Vest,2025,552,0.37816914110100047,0.4653898789761852,0.15644097992281433,HAA_share
676702,Hunter Stratton,2024,268,0.3863712830231352,0.4593835411686635,0.15424517580820135,HAA_share
676710,Kutter Crawford,2024,1335,0.37391347841062966,0.46856450447077413,0.15752201711859617,HAA_share
676755,Isaac Mattson,2025,374,0.3740743580036723,0.4682057654014446,0.1577198765948831,HAA_share
676775,Keaton Winn,2024,360,0.3623708271341985,0.4769031473174392,0.1607260255483623,HAA_share
676879,Aaron Ashby,2025,393,0.37171290019239694,0.47003430811318336,0.15825279169441958,HAA_share
676917,Cade Cavalli,2025,370,0.3656312581999623,0.4746044555745087,0.15976428622552902,HAA_share
676961,Caleb Boushley,2025,300,0.3706760136488621,0.4706995342681798,0.15862445208295822,HAA_share
676962,Ben Brown,2024,343,0.33744479353168544,0.49448326088113914,0.16807194558717545,HAA_share
676962,Ben Brown,2025,781,0.35419058205050485,0.4827635154969367,0.16304590245255848,HAA_share
676974,Max Meyer,2024,405,0.3669038942563521,0.47369881037868394,0.15939729536496383,HAA_share
676974,Max Meyer,2025,455,0.35273597425257364,0.48365711819580987,0.16360690755161653,HAA_share
676979,Garrett Crochet,2024,1122,0.3690594683161901,0.4718477421841719,0.15909278949963807,HAA_share
676979,Garrett Crochet,2025,1519,0.3839542250622068,0.4612895900435182,0.154756184894275,HAA_share
677053,Andrew Nardi,2024,413,0.3512597740543365,0.4849235776232485,0.16381664832241508,HAA_share
677161,Zack Kelly,2024,418,0.38759260887230457,0.4585643500547772,0.15384304107291835,HAA_share
677161,Zack Kelly,2025,267,0.36776676297615357,0.47278328936824027,0.15944994765560624,HAA_share
677944,Slade Cecconi,2024,600,0.3619514674523288,0.47708450780187567,0.16096402474579544,HAA_share
677944,Slade Cecconi,2025,902,0.3803033316002727,0.4641949013760126,0.15550176702371465,HAA_share
677952,Braxton Ashcraft,2025,530,0.36580390996659223,0.47451836198807207,0.15967772804533575,HAA_share
677955,Jaden Hill,2025,227,0.376704405024752,0.4664648018734042,0.15683079310184375,HAA_share
677958,Kumar Rocker,2025,521,0.349227406803286,0.4861151556644555,0.16465743753225845,HAA_share
677960,Ryan Weathers,2024,562,0.37415787288215124,0.468491583574232,0.15735054354361686,HAA_share
677960,Ryan Weathers,2025,303,0.39086357677327765,0.45665737709930665,0.15247904612741572,HAA_share
678020,Seth Halvorsen,2025,281,0.3777176343441555,0.4657878233797422,0.15649454227610235,HAA_share
678022,Jack Perkins,2025,287,0.3657606780090546,0.47419934222495663,0.16003997976598877,HAA_share
678024,Mike Vasil,2025,664,0.3646571791524028,0.47494141974003307,0.16040140110756426,HAA_share
678226,Daysbel Hernández,2025,291,0.36259424430992926,0.47648700693439977,0.1609187487556709,HAA_share
678368,Valente Bellozo,2024,467,0.3666284255724555,0.4737056216956767,0.15966595273186782,HAA_share
678368,Valente Bellozo,2025,629,0.3784512959238265,0.4652459041164373,0.1563027999597363,HAA_share
678394,Brayan Bello,2024,1113,0.36040763399018205,0.47834631856552007,0.16124604744429782,HAA_share
678394,Brayan Bello,2025,1149,0.37401534946727844,0.4684655834706653,0.1575190670620563,HAA_share
678495,Randy Rodríguez,2024,375,0.3669798847293188,0.4733590509196183,0.15966106435106292,HAA_share
678495,Randy Rodríguez,2025,386,0.3523834694030825,0.48393515621959404,0.1636813743773235,HAA_share
678606,Jose A. Ferrer,2024,226,0.37334165473060266,0.46890766506582465,0.15775068020357258,HAA_share
678606,José A. Ferrer,2025,568,0.36896826625324336,0.4721429163059556,0.15888881744080102,HAA_share
678692,Ronny Henriquez,2025,523,0.36593419229870117,0.4741076299656339,0.15995817773566492,HAA_share
678906,Kai-Wei Teng,2025,230,0.3751860527637715,0.4676026124336251,0.15721133480260344,HAA_share
679358,Eric Orze,2025,320,0.3525381420774436,0.48397768838479827,0.16348416953775816,HAA_share
679525,Alec Marsh,2024,924,0.35758576023962263,0.48028233631400724,0.16213190344637018,HAA_share
679885,Justin Martinez,2024,515,0.3608006766389408,0.4778253846347419,0.1613739387263174,HAA_share
680570,Grayson Rodriguez,2024,838,0.37611158767351693,0.4668128072715244,0.1570756050549586,HAA_share
680573,Simeon Woods Richardson,2024,1085,0.3723094697997863,0.4696689954180033,0.15802153478221034,HAA_share
680573,Simeon Woods Richardson,2025,833,0.38826034296410267,0.458495173406844,0.15324448362905346,HAA_share
680684,Gunnar Hoglund,2025,234,0.38534920094773395,0.4602626584095745,0.15438814064269155,HAA_share
680689,Lyon Richardson,2025,257,0.368527512454228,0.4724070418887876,0.15906544565698436,HAA_share
680694,Kyle Bradish,2024,266,0.3578761629964756,0.48027990900003165,0.16184392800349273,HAA_share
680694,Kyle Bradish,2025,206,0.3606276222258329,0.47822818360415503,0.16114419417001194,HAA_share
680704,Nick Sandlin,2024,422,0.36309869595594196,0.47593018881073573,0.16097111523332228,HAA_share
680730,Mitchell Parker,2024,1160,0.36969614088330555,0.4716720145524999,0.15863184456419446,HAA_share
680730,Mitchell Parker,2025,1300,0.3687254715799884,0.4724173406028586,0.15885718781715294,HAA_share
680732,Sean Burke,2025,1037,0.36838932623810744,0.47248429395922,0.15912637980267264,HAA_share
680736,Justin Wrobleski,2024,263,0.36874850051188895,0.47228804800947327,0.15896345147863777,HAA_share
680736,Justin Wrobleski,2025,515,0.3745483911246589,0.4679018935129531,0.15754971536238796,HAA_share
680742,Jonathan Bowlan,2025,318,0.37771517410367217,0.46581893173113625,0.15646589416519152,HAA_share
680755,Braydon Fisher,2025,338,0.366175327102589,0.47406861076033385,0.1597560621370771,HAA_share
680767,Victor Vodnik,2024,480,0.41020196394050285,0.4428806183815866,0.1469174176779106,HAA_share
680767,Victor Vodnik,2025,376,0.3876254161526996,0.45890759753278687,0.15346698631451353,HAA_share
680885,Spencer Schwellenbach,2024,940,0.3692491700198203,0.47189795214429875,0.158852877835881,HAA_share
680885,Spencer Schwellenbach,2025,767,0.38441227038215087,0.4608920085123599,0.15469572110548924,HAA_share
680897,Nick Nastrini,2024,277,0.38581669959559073,0.45988803600252265,0.15429526440188654,HAA_share
681006,Josh Simpson,2025,259,0.36942312768561125,0.4716732133401364,0.15890365897425246,HAA_share
681035,Christian Scott,2024,378,0.36473329188347164,0.47521216971001096,0.1600545384065174,HAA_share
681190,Randy Vásquez,2024,759,0.3837036995621462,0.46155262668626384,0.15474367375159,HAA_share
681190,Randy Vásquez,2025,944,0.3688678385125005,0.4718295970865763,0.15930256440092327,HAA_share
681293,Spencer Arrighetti,2024,1117,0.37304181342599885,0.4687030069973145,0.15825517957668658,HAA_share
681293,Spencer Arrighetti,2025,251,0.3497740901226536,0.4857079268870573,0.1645179829902891,HAA_share
681343,Shane Smith,2025,1078,0.35767884100136554,0.4800380657128641,0.1622830932857702,HAA_share
681347,Mike Burrows,2025,676,0.37839248954847626,0.465295787822611,0.15631172262891274,HAA_share
681402,Gus Varland,2024,204,0.35985956987875434,0.4784856921429088,0.1616547379783367,HAA_share
681517,Kyle Leahy,2024,337,0.36293717402617637,0.47636290073243864,0.16069992524138502,HAA_share
681517,Kyle Leahy,2025,629,0.366424928206905,0.4740902587146097,0.1594848130784854,HAA_share
681676,Ryan Fernandez,2024,529,0.36089156595853616,0.47785168501305003,0.16125674902841378,HAA_share
681676,Ryan Fernandez,2025,239,0.35275625870398813,0.4833437247263056,0.16390001656970632,HAA_share
681799,Ethan Roberts,2024,209,0.36775596965753876,0.4724857127640054,0.15975831757845602,HAA_share
681857,Reese Olson,2024,776,0.37189941515518105,0.46956106953186394,0.15853951531295501,HAA_share
681857,Reese Olson,2025,477,0.3768552856021323,0.4665794798225751,0.15656523457529262,HAA_share
681867,Cooper Criswell,2024,745,0.3637357330856716,0.4758081719714976,0.16045609494283092,HAA_share
681869,Shawn Dubin,2024,339,0.3679643625324067,0.47272491531756133,0.1593107221500318,HAA_share
681869,Shawn Dubin,2025,227,0.3619796939766728,0.47718603044928115,0.16083427557404598,HAA_share
681870,Erik Sabrowski,2025,214,0.365357517093782,0.4747667301916777,0.15987575271454027,HAA_share
681892,Kody Funderburk,2024,240,0.38456597618949356,0.46097927943830436,0.15445474437220214,HAA_share
681892,Kody Funderburk,2025,279,0.3698047994567163,0.47058762000076987,0.15960758054251387,HAA_share
681911,Alex Vesia,2024,470,0.372097126390801,0.46968114375973624,0.15822172984946278,HAA_share
681911,Alex Vesia,2025,563,0.35909279100272806,0.47881961397770095,0.16208759501957098,HAA_share
681982,Grant Anderson,2024,207,0.34080937942143114,0.4923720707418456,0.1668185498367233,HAA_share
681982,Grant Anderson,2025,519,0.3707866420930649,0.4706075923498366,0.1586057655570984,HAA_share
682052,Jacob Lopez,2025,722,0.36436176058001607,0.47520216500817836,0.1604360744118056,HAA_share
682120,Tim Herrin,2024,422,0.35423264790217734,0.4826216982835608,0.16314565381426177,HAA_share
682120,Tim Herrin,2025,285,0.3603093281244558,0.4781126150771551,0.161578056798389,HAA_share
682243,Bryce Miller,2024,1243,0.37992062576475494,0.46456539717061224,0.1555139770646329,HAA_share
682243,Bryce Miller,2025,756,0.38956899097313274,0.4576248069155041,0.15280620211136323,HAA_share
682254,Mason Montgomery,2025,411,0.37204984534061913,0.4698593789223064,0.1580907757370745,HAA_share
682610,Roddery Muñoz,2024,636,0.3646986115523676,0.4752205452263963,0.16008084322123609,HAA_share
682842,Abner Uribe,2025,492,0.34251047024054376,0.49087448619235696,0.16661504356709916,HAA_share
682847,Luis L. Ortiz,2024,955,0.349427378101109,0.48603223930514033,0.16454038259375064,HAA_share
682847,Luis L. Ortiz,2025,650,0.36479178331274087,0.47516218973791335,0.16004602694934572,HAA_share
682990,Quinn Priester,2024,377,0.36146279049692503,0.4770954655921231,0.16144174391095178,HAA_share
682990,Quinn Priester,2025,1064,0.3552971607065281,0.4818301230314323,0.1628727162620395,HAA_share
683003,Jared Jones,2024,875,0.3588472481943286,0.47927028352764833,0.16188246827802308,HAA_share
683004,Jack Leiter,2024,304,0.3664118965784673,0.47410988314114716,0.15947822028038555,HAA_share
683004,Jack Leiter,2025,1164,0.35034144662502176,0.4854016036539963,0.16425694972098195,HAA_share
683155,Joey Estes,2024,1063,0.3716396368019726,0.4699281271370284,0.15843223606099915,HAA_share
683232,Nick Mears,2024,436,0.3556531402629219,0.4816503275999239,0.16269653213715426,HAA_share
683232,Nick Mears,2025,425,0.36563457442158526,0.47451602293276074,0.15984940264565398,HAA_share
683409,Angel Chivilli,2024,261,0.37895281968454436,0.46485394867269486,0.1561932316427608,HAA_share
683409,Angel Chivilli,2025,480,0.366626991143452,0.47368527905005847,0.15968772980648946,HAA_share
683627,Anthony Molina,2024,439,0.37990933200908256,0.4643798957468951,0.15571077224402238,HAA_share
683627,Anthony Molina,2025,261,0.3956278438866051,0.45292218056057887,0.15144997555281609,HAA_share
683769,Hunter Gaddis,2024,510,0.36697200113616574,0.4735978276269859,0.15943017123684844,HAA_share
683769,Hunter Gaddis,2025,491,0.3756236183507431,0.4672039484428552,0.1571724332064016,HAA_share
684007,Shota Imanaga,2024,1324,0.3626563272336502,0.47668362224818095,0.16066005051816876,HAA_share
684007,Shota Imanaga,2025,1112,0.3575703656089508,0.48020210344684383,0.16222753094420536,HAA_share
684320,Yariel Rodríguez,2024,650,0.36401251259337664,0.47531913314262575,0.1606683542639976,HAA_share
684320,Yariel Rodríguez,2025,489,0.38210726878180434,0.4626087258679826,0.15528400535021303,HAA_share
685107,Anthony Veneziano,2025,220,0.3649758769508865,0.47506475679457744,0.159959366254536,HAA_share
685126,Brandon Eisert,2025,535,0.3544912814642129,0.4822820833854378,0.16322663515034944,HAA_share
685299,Tanner Gordon,2024,311,0.358226399706269,0.4793123771911769,0.16246122310255412,HAA_share
685299,Tanner Gordon,2025,637,0.37924982005826746,0.4644895992574925,0.15626058068423995,HAA_share
685326,McCade Brown,2025,208,0.3752583374080995,0.4677241431669223,0.15701751942497824,HAA_share
686218,Emmet Sheehan,2025,535,0.3750274799107141,0.467522001260046,0.15745051882923985,HAA_share
686539,Declan Cronin,2024,451,0.36405178659535764,0.4754354457099282,0.16051276769471418,HAA_share
686563,Jonathan Cannon,2024,907,0.3723759577289342,0.46924228736327417,0.15838175490779163,HAA_share
686563,Jonathan Cannon,2025,814,0.37841664783914264,0.4651081165459734,0.15647523561488408,HAA_share
686580,Justin Slaten,2024,384,0.36462214912765367,0.47479901786966094,0.16057883300268538,HAA_share
686580,Justin Slaten,2025,256,0.36367709991368674,0.47588177094881867,0.16044112913749456,HAA_share
686613,Hunter Brown,2024,1208,0.3651402308354398,0.4748772720911486,0.15998249707341153,HAA_share
686613,Hunter Brown,2025,1251,0.37724880879483813,0.46624320900798505,0.15650798219717676,HAA_share
686701,Ryan Bergert,2025,577,0.35732160338123037,0.48044674874659904,0.16223164787217073,HAA_share
686730,Carson Spiers,2024,697,0.37815547864170057,0.46550167213500443,0.15634284922329508,HAA_share
686752,Ryan Pepiot,2024,920,0.3685469482668115,0.4722124963385916,0.15924055539459686,HAA_share
686752,Ryan Pepiot,2025,1294,0.3729116267326165,0.46879927858187215,0.15828909468551136,HAA_share
686799,Jack Kochanowicz,2024,436,0.3319825888273388,0.49842944451776505,0.1695879666548962,HAA_share
686799,Jack Kochanowicz,2025,834,0.3670444067461469,0.47328555489460855,0.15967003835924454,HAA_share
686826,Bryce Jarvis,2024,416,0.386297841880476,0.4599102909729303,0.15379186714659368,HAA_share
686973,Louis Varland,2024,391,0.3674467049773795,0.47268489515901424,0.15986839986360632,HAA_share
686973,Louis Varland,2025,519,0.3532629677162155,0.4833588330644815,0.16337819921930294,HAA_share
686993,Justin Sterner,2025,507,0.366683991068683,0.47392290412248467,0.15939310480883231,HAA_share
687064,Brandon Young,2025,423,0.3520830207356995,0.4840169329769616,0.16390004628733884,HAA_share
687134,Bradley Blalock,2024,246,0.3916368817472779,0.4559568924035301,0.15240622584919195,HAA_share
687134,Bradley Blalock,2025,458,0.39019429922014315,0.45682040655661427,0.1529852942232424,HAA_share
687223,Carson Palmquist,2025,281,0.3629046784243612,0.4763229438805261,0.16077237769511266,HAA_share
687330,Kevin Kelly,2024,435,0.36952167103174166,0.47165879124498705,0.15881953772327131,HAA_share
687330,Kevin Kelly,2025,251,0.38755415144408684,0.45891310405892544,0.15353274449698767,HAA_share
687377,Orlando Ribalta,2025,232,0.38280497594994534,0.4622996310788214,0.15489539297123334,HAA_share
687473,Ryan Gusto,2025,823,0.3713286090946506,0.4704049445943135,0.15826644631103595,HAA_share
687765,Mitch Spence,2024,1156,0.3596791447560335,0.4785580996827364,0.16176275556123,HAA_share
687765,Mitch Spence,2025,598,0.36886527948805015,0.4721759046414364,0.15895881587051341,HAA_share
687792,DJ Herz,2024,739,0.36949241198597355,0.471439773980266,0.1590678140337605,HAA_share
687830,Sawyer Gipson-Long,2025,227,0.35894148792354347,0.4794030585275601,0.16165545354889635,HAA_share
687863,Porter Hodge,2024,268,0.3791317050165557,0.46472571633483056,0.15614257864861367,HAA_share
687863,Porter Hodge,2025,267,0.3601148060242361,0.4782310055119245,0.16165418846383925,HAA_share
687888,Brandon Walter,2025,389,0.3751907838019147,0.46739427155907887,0.1574149446390065,HAA_share
687911,Bryan King,2025,486,0.36308974544968914,0.47585775185320933,0.16105250269710147,HAA_share
687922,Easton Lucas,2025,214,0.3870857094126249,0.45894485578904265,0.1539694347983324,HAA_share
687924,Julian Aguiar,2024,252,0.3692441652641068,0.4717447764931496,0.1590110582427435,HAA_share
688138,Logan Evans,2025,575,0.3705958450602478,0.4706309952853989,0.15877315965435332,HAA_share
688158,David Morgan,2025,359,0.3660863226390296,0.47413478649294505,0.15977889086802538,HAA_share
688297,Chris Roycroft,2024,248,0.350525167579955,0.4854384911385675,0.1640363412814776,HAA_share
688642,Zach Agnos,2025,242,0.378120957863084,0.46518799387653476,0.15669104826038135,HAA_share
689017,Landon Knack,2024,501,0.3741128532224991,0.46844188823763433,0.15744525853986657,HAA_share
689017,Landon Knack,2025,337,0.36078876279992445,0.47806369146087957,0.1611475457391961,HAA_share
689147,Orion Kerkering,2024,447,0.35736207479703114,0.48051242217535683,0.16212550302761208,HAA_share
689147,Orion Kerkering,2025,424,0.35740828528418733,0.48041873810102,0.1621729766147926,HAA_share
689225,Beau Brieske,2024,529,0.3845786919210805,0.46099976538687093,0.1544215426920485,HAA_share
689225,Beau Brieske,2025,262,0.3887537109616376,0.4581523268571427,0.15309396218121968,HAA_share
689254,Mason Fluharty,2025,372,0.3726367530575997,0.46936724166667104,0.1579960052757293,HAA_share
689266,Dylan Dodd,2025,277,0.37303362712634824,0.46925194580153395,0.15771442707211786,HAA_share
689672,Drew Thorpe,2024,320,0.3883806131858592,0.45830193703152133,0.15331744978261946,HAA_share
689690,Alek Jacob,2025,252,0.3660065072028908,0.47406027504184384,0.1599332177552653,HAA_share
690829,Ben Joyce,2024,250,0.37981188413021183,0.46440833649568053,0.15577977937410764,HAA_share
690916,Richard Fitts,2025,363,0.3525934912153057,0.4836692405672219,0.16373726821747242,HAA_share
690928,Hunter Dobbins,2025,411,0.3680739127629691,0.4722995636314089,0.15962652360562202,HAA_share
690953,Mick Abel,2025,335,0.37282744393829986,0.46937961265701317,0.15779294340468691,HAA_share
690986,Kyle Harrison,2024,873,0.3792019910962918,0.46483465881245756,0.15596335009125062,HAA_share
690986,Kyle Harrison,2025,277,0.36248256735729756,0.4767656422029582,0.16075179043974436,HAA_share
690990,Cade Horton,2025,822,0.369402741307278,0.47176075541819557,0.15883650327452642,HAA_share
690997,Nolan McLean,2025,301,0.36123792784263675,0.47750299990246425,0.16125907225489908,HAA_share
691587,Eury Pérez,2025,800,0.38619999028007307,0.4596244677144225,0.15417554200550443,HAA_share
691799,Grant Taylor,2025,268,0.380981802222185,0.46353558773603165,0.15548261004178338,HAA_share
693312,Kyle Nicolas,2024,395,0.35965946207964855,0.47850034103363975,0.16184019688671153,HAA_share
693312,Kyle Nicolas,2025,296,0.368739263391605,0.47216216292419955,0.1590985736841954,HAA_share
693313,Carson Seymour,2025,254,0.3820676476722781,0.46264135454989735,0.15529099777782457,HAA_share
693433,Bryan Woo,2024,867,0.3739775305985015,0.46867483439385366,0.15734763500764487,HAA_share
693433,Bryan Woo,2025,1378,0.362234862474691,0.47655303117830833,0.1612121063470007,HAA_share
693645,Cam Schlittler,2025,605,0.37019042553095266,0.4710270305201471,0.1587825439489002,HAA_share
693821,Bryce Elder,2024,353,0.3831207717469872,0.46191868787256396,0.1549605403804489,HAA_share
693821,Bryce Elder,2025,1084,0.36108641130207453,0.47743316763468435,0.16148042106324112,HAA_share
693855,Ian Seymour,2025,463,0.3626465894289338,0.47671167272425874,0.16064173784680755,HAA_share
694037,Daniel Palencia,2025,401,0.3676409560531879,0.4728724985403072,0.1594865454065049,HAA_share
694297,Brandon Pfaadt,2024,1220,0.36949262280709394,0.4716370210614845,0.1588703561314216,HAA_share
694297,Brandon Pfaadt,2025,1358,0.3649155888184852,0.4751466359835697,0.15993777519794522,HAA_share
694335,Matt Svanson,2025,392,0.3629346253188978,0.4762784449470864,0.16078692973401576,HAA_share
694350,Zach Brzykcy,2025,221,0.36414528147143715,0.47573776819111496,0.16011695033744777,HAA_share
694363,Jared Shuster,2024,580,0.36003222297466686,0.47841577028022997,0.16155200674510314,HAA_share
694462,Hurston Waldrep,2025,361,0.37223170681825235,0.46958759639496706,0.15818069678678076,HAA_share
694477,Chad Patrick,2025,952,0.369973992451152,0.471307134186281,0.15871887336256704,HAA_share
694738,Landen Roupp,2024,323,0.3586269448038098,0.47949409070586363,0.16187896449032663,HAA_share
694738,Landen Roupp,2025,757,0.35954003522913214,0.4788869600718255,0.16157300469904234,HAA_share
694813,Gavin Stone,2024,965,0.38760545994898143,0.45841258007651936,0.15398195997449915,HAA_share
694819,Jacob Misiorowski,2025,554,0.3748216166177385,0.4677277805029894,0.15745060287927212,HAA_share
694973,Paul Skenes,2024,1007,0.3652285860983559,0.47418641688011803,0.16058499702152618,HAA_share
694973,Paul Skenes,2025,1408,0.3503520986149781,0.48445178142528145,0.16519611995974037,HAA_share
695076,Rhett Lowder,2024,224,0.36197637820149736,0.4771590426030674,0.16086457919543523,HAA_share
695243,Mason Miller,2024,481,0.3807545112612521,0.4636279011473829,0.15561758759136513,HAA_share
695243,Mason Miller,2025,443,0.3976783595948183,0.4515130576844841,0.15080858272069766,HAA_share
695418,Brad Lord,2025,1015,0.3625061454525153,0.4765080039991633,0.1609858505483214,HAA_share
695445,Chase Lee,2025,247,0.3433959024550243,0.4905320012100407,0.16607209633493497,HAA_share
695505,Chase Burns,2025,384,0.37254756588490806,0.46960032875320684,0.15785210536188501,HAA_share
695549,Jackson Jobe,2025,356,0.3818348556568861,0.4625618469024547,0.15560329744065907,HAA_share
696131,Mason Black,2024,293,0.3592419906219525,0.4787501272629495,0.16200788211509806,HAA_share
696136,Jordan Wicks,2024,358,0.37030121533944105,0.47086483828401277,0.15883394637654613,HAA_share
696149,Bubba Chandler,2025,218,0.38392223477008186,0.46152870843327115,0.15454905679664696,HAA_share
700241,Michael McGreevy,2025,631,0.36677380733036397,0.47366818250970216,0.1595580101599339,HAA_share
700249,Cade Povich,2024,617,0.363772523440013,0.47569993249547154,0.1605275440645156,HAA_share
700249,Cade Povich,2025,796,0.37239954714437906,0.4696050137249244,0.15799543913069652,HAA_share
700363,AJ Smith-Shawver,2025,310,0.3786672735664903,0.4652449710349464,0.15608775539856332,HAA_share
700669,Gordon Graceffo,2025,337,0.37488185025848697,0.46786983800590665,0.15724831173560644,HAA_share
701487,Pierson Ohl,2025,255,0.3584933460837995,0.4794535738694879,0.16205308004671257,HAA_share
701519,Travis Adams,2025,293,0.3720231734689508,0.4700066004138971,0.1579702261171522,HAA_share
701542,Will Warren,2025,1133,0.3647377675362723,0.4751037306970704,0.16015850176665736,HAA_share
701581,David Festa,2024,497,0.37524339571544174,0.46766013257772604,0.1570964717068323,HAA_share
701581,David Festa,2025,422,0.37537370744822707,0.4675346350123314,0.15709165753944154,HAA_share
701656,Logan Henderson,2025,212,0.3665878887696225,0.4739790313151116,0.15943307991526576,HAA_share
702070,Noah Cameron,2025,959,0.3720260224171992,0.4698528125213723,0.15812116506142848,HAA_share
702352,Spencer Bivens,2024,337,0.3582134106000785,0.479533580726957,0.16225300867296444,HAA_share
702352,Spencer Bivens,2025,603,0.37552803388270817,0.4672603265023093,0.1572116396149825,HAA_share
702674,Caden Dana,2025,223,0.3842317019755988,0.4613515291106758,0.15441676891372547,HAA_share
800048,Parker Messick,2025,274,0.3703917537236771,0.47112429780504483,0.1584839484712781,HAA_share
800049,Adam Mazur,2024,240,0.36100470880167795,0.4776724275779091,0.16132286362041304,HAA_share
800049,Adam Mazur,2025,234,0.3685185627091193,0.4721977719933325,0.15928366529754806,HAA_share
801403,Chase Dollander,2025,785,0.36595402330543186,0.473995466013975,0.160050510680593,HAA_share
805123,AJ Blubaugh,2025,220,0.3750436970588329,0.46776378543657066,0.15719251750459642,HAA_share
805673,Zebby Matthews,2024,338,0.3511023107224969,0.4845072848053734,0.16439040447212974,HAA_share
805673,Zebby Matthews,2025,655,0.3672097269794832,0.47335798606500495,0.15943228695551184,HAA_share
806185,Hayden Birdsong,2024,551,0.3651365038152865,0.47478601086034244,0.16007748532437105,HAA_share
806185,Hayden Birdsong,2025,484,0.38092010212179556,0.4634648183047361,0.15561507957346835,HAA_share
806188,Cade Gibson,2025,359,0.37754198956865886,0.4659549108424298,0.1565030995889113,HAA_share
806960,Luis Morales,2025,344,0.382693182249546,0.4621499192214707,0.15515689852898323,HAA_share
808967,Yoshinobu Yamamoto,2024,621,0.3587868698728563,0.4790046158996637,0.16220851422748012,HAA_share
808967,Yoshinobu Yamamoto,2025,1455,0.36616939006968807,0.47395469058603934,0.15987591934427248,HAA_share
820862,José Fermin,2025,270,0.36686090141839367,0.4734282878942518,0.15971081068735452,HAA_share
829272,Shinnosuke Ogasawara,2025,292,0.3717015372508804,0.47005373526848787,0.15824472748063179,HAA_share
