batter_id,bat_speed_strikes,swing_length_strikes,swing_path_tilt_strikes,vert_attack_angle_strikes,horz_attack_angle_strikes
444482,0.15064919261520804,-0.006162575347455525,0.007393484133525583,-0.10665190465047854,0.06505518544499701
453568,0.08172364765197712,0.015531309416973985,0.010437034152476068,0.017059069568379406,0.009520974662497947
455117,0.06853635415739712,0.03268115848250773,0.0016814383608141294,0.4090058579428062,-0.5258064335096321
456781,0.09213660080181432,0.008605479220190759,0.13953310674187597,-0.2710911999053002,-0.08418718624582523
457705,0.08152505960811383,0.03271683008973139,0.09074917093615306,-0.028834539105001635,-0.3953516752751088
457759,-0.003124609584095801,0.009557465120552071,0.28432631757992033,-0.011850924617862165,-0.004559158501260166
467793,0.07922559024224013,-0.03309630834040533,-0.06751625146060117,-0.2753531951399738,0.42194263014651023
493329,-0.010775415765149156,-0.00029239404764075486,0.06297634683544702,-0.0030675271345704065,-0.22079788105211712
500743,-0.13044795522365857,-0.07598333377628917,0.26261719528094696,-0.8018266701155421,1.1472140360711058
502054,0.0600447761390836,0.001768041247201821,-0.08671412993979795,-0.0001375905316269465,0.4475774217112
502110,0.07621366774452212,0.0013056949918397083,0.0695076508542746,-0.06991125344254664,0.13585056303656148
502671,-0.04953139822938136,-0.05129767196196225,-0.013182767877507537,-0.18204566082613613,0.3388872250053263
514888,-0.24081923003316713,-0.009575610158302059,0.07129062329146435,-0.3672175334180999,0.8345216406807713
516782,0.1054662822675367,0.01068638555468085,-0.24256015650401655,0.10831961044691976,0.15503186405535221
518595,-0.062476639433502734,-0.01876545132159058,-0.2628417788915198,-0.17440961281040412,0.1466383929907389
518692,0.03265860038839919,0.015537594193198813,-0.11755031066038443,0.45401198401301196,-0.1820599412663186
518735,0.011588995920429784,-0.02419125053709522,0.0654381257008435,-0.523815424937841,0.3087566925091948
518792,0.08730503909079568,0.014959911284721614,0.004987032872202319,0.03638184538103345,-0.09296612394368757
518934,0.09167259759833553,0.01451056736637946,0.09704738999715613,-0.07322078665985171,0.08700242527207887
519203,-0.040131463195095744,-0.017916776477195504,-0.013451747308967964,-0.17879006980142417,0.08214913161399878
519317,-0.05156464186032057,0.03580436477650953,-0.08708098083083339,0.7347476863317532,-0.39844900947743733
521692,0.20304777773824567,0.031180772157892174,0.19113213269660093,0.15331906388871366,-0.39708940441119267
527038,-0.10548558126559342,-0.03894270491911531,0.15768132366983356,-0.41675946948888787,0.12668336636904642
541645,0.02501413730021274,-0.01043772623930705,0.046516964452708635,-0.25756790996857937,0.13156506755338984
542194,-0.12082149881939648,-0.02821943181931197,0.023117000916626874,-0.12731545785781317,-0.06224612494506274
542303,-0.046328298062510175,-0.016863373619739996,0.2217293376604218,-0.08076152694800363,0.4171184217249163
542932,0.0547082031965442,0.0046799236127818495,-0.014071149654054487,0.37039230940437984,-0.08989442734888106
542963,0.05539730514344676,-0.0019021575037949047,-0.10441294667565161,-0.01611577449242322,-0.03141665748668812
543063,0.05770879962590975,-0.010127135345791892,0.0009738397705368855,-0.0709983878020607,0.12358899748104346
543228,0.05814932194509631,0.019681913790882875,-0.11696954689516774,0.30033332921137623,-0.3027012795420289
543257,0.13493352811031545,-0.005599237912278325,0.13575389257230314,-0.2364598981670053,0.2593990450924132
543305,0.06097696862602135,-0.009898422051782542,0.02124121849078293,-0.12465260031706471,0.22513749488765658
543309,0.05178455727526014,0.03190758798393084,0.15057765876667567,0.5095522519647537,-0.5726052525797924
543510,-0.05760998885302755,-0.012693480257800085,-0.007909882718260213,-0.3080533876312139,0.10726471765726128
543592,-0.04040759801285262,0.0060629958957026135,-0.05739123105778749,0.13779333183236803,-0.14420500931385716
543685,0.06962170383948176,0.0054150584364781144,0.016414091439826844,0.041848521203914746,-0.01428247853494252
543760,-0.07614150129398714,0.04228993562417884,0.2409121897418551,0.6140640166225392,0.02915724801644952
543807,0.3075965285241275,0.022953753005378406,0.08150952263425675,0.5600585710317904,-0.7271450980280316
543877,-0.02218306192506372,0.015294210510107343,-0.019572527529769245,0.18114562569497597,-0.26315281712169253
545121,-0.04036345249782083,-0.001640879061891677,-0.18467590787954175,0.16540739517471287,-0.22480287369554788
545341,0.21772855113998268,0.03958028789905975,-0.0022906535201858854,0.46596248208003754,-0.13826135206490678
545361,0.031015993416305575,0.01879227621187457,-0.002201793110157826,0.29517861756116853,-0.3268845110338975
547180,0.022944038417792773,0.025844055877742512,0.19668710467750292,-0.1397419571116971,-0.7411353306164842
547989,0.018110428211965523,0.006831098475025556,-0.007616415803097679,0.021430137711890167,0.03913270076288175
553869,-0.09419687267817557,4.148891448162012e-05,-0.17432530409100896,0.20968532933874182,0.03229584457362862
553882,0.03620851053770828,0.00034169602425921037,-0.051763460667116706,-0.014283075051260214,0.14094432465626494
553993,-0.20200177267903568,0.029677570205510668,-0.09754988633294978,0.6110685311202968,-1.0413465589571143
570482,-0.08725784135169079,-0.015293136343897243,0.029819993738807768,-0.44181778678231853,0.1460524366932395
571448,-0.13567587858075356,-0.002178450754653608,0.08669352003222751,-0.3492473335708608,0.21306131225232028
571466,0.06373804875869873,-0.020610952276836642,0.09776720463582549,-0.11315832827096356,0.3244756034118551
571657,0.19684687987309488,0.03545287858313523,0.28748540182280863,0.5908093486946366,-0.33548120137368626
571745,0.042316539676202476,0.001203060751961169,0.14017945533788806,0.059802723273613224,0.03906265461687338
571771,-0.1943074989986913,-0.03419951202307669,-0.27399779049497713,-0.4186736145974277,0.6099806819969129
571912,0.05011819905891581,0.005004681616885482,0.05233106639147212,0.050359232860328736,-0.10330302288855378
571970,0.1454616315137189,0.02408030378955412,-0.037385578769439515,0.6679609146590673,-0.4844355074858855
572138,-0.35823036093643795,-0.04712661145836601,-0.004447612229281524,-0.3525533057806831,0.2656655386008039
572191,-0.0812522576992837,-0.01645926915967374,0.17111024238756364,-0.015781751069149454,0.07241754690620136
572233,0.09079121978719523,0.026104279379268902,0.17903331914387968,0.20932768768583976,-0.5529499388525096
572761,0.07116293096819175,0.004455492672205033,0.004466259593063982,0.10959266832621042,-0.06327245772635905
573262,0.07613292400545092,0.04995916869446248,-0.20574724233723948,0.32693600194806577,-1.0728664961070429
575929,-0.08976131774613785,-0.02350930326206106,0.22464135431269766,-0.43007399823598474,0.5674018417315444
578428,-0.14465259868034958,-0.028857270346369857,0.22398292567325034,-0.1181826957699532,0.4172743625238795
592178,0.0873054387432244,0.023451120577848133,-0.10473392652856608,0.22161654528840097,-0.4263167032468208
592192,-0.13516946311928546,-0.023473112075684564,-0.37018812119683303,-0.04276497469631528,-0.3768172831563599
592200,-0.0049772388857487,0.005461774121007737,0.0016339936587377126,-0.04882448272079692,0.06270284567832117
592206,-0.26472651300921046,-0.006001362214875314,-0.1575130371617114,-0.8884208928614288,0.17448367556925484
592273,0.03430875776627216,0.002125905270175716,-0.13603800685821904,-0.14869570406287488,-0.05992677391432844
592325,0.07213551029695031,0.003340826901615593,0.04259335414512639,-0.12401468374431962,-0.017215527305294628
592450,-0.24293046852962388,0.0024124924373760486,-0.20042466797967176,0.04370670452917785,-0.19374204262831185
592518,0.1691467128611197,0.01724395976684639,0.01720654330683898,0.1892336580632315,-0.3074086401093954
592626,0.044013423699924906,0.0696736488149772,-0.020713281771181653,0.5427458820513308,-0.9292787981071295
592663,0.026241669751055335,0.022792533402652117,-0.20279413675441135,0.2997676572907542,-0.6337707925698061
592669,0.03218256265364597,0.004048238658709366,-0.09313492464866722,0.0025653112913023453,0.1247015686069173
592696,-0.13903127397017168,-0.001665849511668755,-0.17517286409074398,0.0054752643749373464,-0.1805200722690778
592885,-0.09742749313426491,-0.011485082374272378,0.07433056216374091,-0.5649892624760716,0.3546148189250576
593160,-0.0837637975050467,-0.0097336496842266,0.07249164266757711,-0.03666088657020093,0.0880066793146111
593428,-0.19944619044436976,-0.008570792465676557,-0.07204848820154124,0.16566501480139728,-0.2109817833591487
593871,-0.11024687178417512,0.01662460810829752,-0.0875625227891912,0.33686850960211345,-0.10372181333149255
593934,-0.11936577553091583,-0.020820644376343858,-0.1636570113410857,0.17490583980931732,0.0935918201211897
594807,-0.14299797796296704,0.011073120787268607,-0.057929545672816024,0.18141131272059197,-0.3620038418845157
595281,0.008801736744106637,0.00995134674503468,-0.001166323952868278,0.24717368905820164,-0.09209467338702838
595751,0.018344797353104726,0.0006193278890187484,0.04775289632974568,-0.04499836195526123,0.004029911487890112
595777,0.14346799816513958,-0.01905330169888932,0.05809700399166823,0.027133910001807048,0.8017340252589611
595879,0.1088531575829162,0.04499903684492451,-0.014605217463585814,0.47084379730604436,-0.9630588950605962
595909,0.21197317799451096,0.016259685649397067,0.20490336764507291,-0.29007665810566924,-0.0979865186711611
595978,-0.08384272278199205,-0.050595840751572745,-0.06273268116399415,-0.6402883012707928,0.5763138500563727
596019,-0.13500836344403044,-0.007730563046974261,0.03923100987098866,0.08468748653562476,-0.34729549248610503
596103,0.07184597020980416,-0.011164339946856078,-0.10010686136713469,-0.11219848530558099,0.2751386571438108
596115,0.08474356529405755,0.0061683049291063035,-0.07170732083743707,0.43004211776223783,0.31009604431703264
596117,0.005592201554029329,-0.016484633213791844,0.048774281497555826,-0.2177440529448855,0.2542016510632468
596129,-0.014001954909046748,0.007508277003712713,-0.014297697806996797,0.021648594058577858,-0.17273177196307862
596142,-0.028065477401922143,-0.009363316001887197,0.004689929242203586,-0.2663793409594902,0.32583012923196536
596146,-0.05546290214732319,-0.011858807361814973,0.015888892258154225,-0.5512589801407671,-0.05233613770606356
600869,-0.11487259390310532,-0.02888157688754844,0.04370983349234573,-0.11058017844644885,0.563022804271523
602104,-0.01605075907216863,0.04645749335008284,0.024099982934345857,0.4436995058305007,-0.43390410652374145
605113,-0.06235517711310847,0.012438486510644064,-0.028814997885376233,0.11889577821423188,-0.2809385136531151
605131,-0.061844824598118464,-0.012447107838486666,-0.02008833578893058,-0.12069492921878469,0.3224872903504271
605137,-0.2584047420475557,-0.09252011511799126,0.3776281087807472,-0.7474704880090437,1.6722723336950351
605141,0.11938772300782877,0.03965808582675576,0.029852346732608368,0.1803913949881701,-0.2516432496049909
605170,-0.06515722096698888,-0.007743605843372755,-0.09677019415809152,0.03845290951481312,-0.08352291140110008
605204,-0.05928299912089837,0.007801429238470856,0.05710573648454118,0.17217801335376093,-0.2634595448587611
605244,0.009240208816502709,0.0003072470095364842,-0.01805832594372836,0.019332403885562434,0.011259835102610641
605346,0.00520481582397065,0.0002630257656341088,-0.007194550063640735,-0.06195660739619332,0.038162064534024105
605361,-0.08332149626904266,0.008266981893397056,-0.0011462637587287727,0.1112951521788137,-0.28008239891794307
606115,0.1709387284746011,0.031291696166319244,0.032081873947296585,0.340538628055485,-0.2908427432832366
606192,0.29827587206341644,0.022472084956617854,-0.06463790276377729,0.5922223990425763,-0.8592311403930233
606466,-0.03106106067921881,-0.0018652800583792324,0.21338993147644952,0.11081138203282848,-0.18204730901783994
606992,0.014639670709653128,-0.003489164696247828,-0.004678088548945948,-0.09357320807293015,0.22560716830041685
607043,-0.06225206427290381,-0.007777507241176388,-0.0620632322446969,0.2092089450756509,0.419217469471472
607054,-0.05796260370742735,-0.008488812509695121,-0.08686471534519485,-0.027187289377824393,0.007105255563444354
607208,0.03499963244475545,-0.09206041609088302,0.07991947722890276,-1.4272145485916692,2.0495938261453994
607680,0.06810831673497558,0.01395541777467876,0.04201754175771081,0.06218447928638093,-0.21832868953824214
607732,-0.15272023909031454,0.02736073622514923,-0.08502113974984012,0.07385020161047987,-0.5235869441846964
608070,0.06755372242014983,0.018816319327883184,0.0785927158062322,-0.12089046940635526,-0.3085469130599527
608324,-0.10516211903816368,0.022435752558684564,0.10666022244915006,0.13630514334938648,-0.005605478197359741
608336,0.06338227180766212,-0.013587400536557055,0.06924849597124638,-0.39079831063775117,0.3643413905636805
608348,0.1049215842336129,0.01327287005643729,0.04700246958123637,0.2946580931658354,-0.1770212779622471
608369,0.11164351786718364,0.01046346085418753,0.09239978271058674,-0.12684227675444845,0.2792190699013572
608385,0.30940389061878765,0.046695152606300194,0.041837020714281914,0.16637635391642805,-0.756542299802574
608671,-0.005483384322507433,-0.02156829417759983,0.09592074281891809,-0.5603809024889799,0.06595173860391731
608701,0.06225919320467618,0.023867243574444686,-0.12699922797408958,0.13350053104196638,-0.47577412729013
608841,0.14448825459070852,0.011482875238982058,0.04941974860585591,0.2241611110095924,-0.10963641619267035
609280,0.008819263586126436,0.04748849420539762,-0.09359862430987727,0.7181322484826215,-0.5392696856694181
613564,0.01646136273541553,0.013908883047887054,0.041691748757766725,0.31352926882078613,-0.2809221774711193
620443,-0.18251097427702123,-0.023667312617730897,0.05852107132927701,-0.30873978472751423,0.25237585508937266
621020,0.05433257696828994,-0.002461142691865611,-0.03590744364609298,0.11404599809902806,0.09712647188541236
621028,0.03604554647227562,-0.008856699539110162,0.08306148315662053,-0.18207644141814078,0.1441484127302104
621035,-0.012295232263389492,-0.0180916136272002,0.19390646947683896,-0.3191851428104483,0.5323509351122535
621043,-0.08896406630592003,-0.017661609372484316,-0.15479038185328897,-0.1908261183166529,0.6729739890999507
621311,-0.03172884134232331,-0.005979995983816588,0.06581028416848118,-0.030201100260878265,0.19796664374624698
621438,0.06506813678034659,0.03041081842198287,0.011025560420792436,0.534022278587058,-0.5725747515648543
621439,0.03457678564719482,-0.00874748352469054,-0.2613931185336792,-0.32701045420789426,0.1890856111655291
621466,0.031148405677054167,0.005173735706205841,-0.00853898841864282,-0.011660598821558064,-0.04179208989476406
621493,0.023501754776724865,0.036516896159634195,0.08566843657683743,0.4227201884713004,0.043307097446757446
621512,0.06322440316531035,0.01435556270554596,0.059009907505787995,-0.010479414644224872,-0.2829741791901788
621545,0.052475412965736004,0.013465218603487922,0.16838830507243058,0.1129801453828989,-0.28382627671574373
621550,0.002788498622227405,-0.014981902130052285,0.02964835784838734,-0.17533468889029666,0.24685453045717096
621563,-0.017240082017841378,0.013020164393178088,-0.06128605046042667,0.2234012569845914,-0.15564800503338524
621566,-0.23985476787937124,-0.011599302326874733,0.06072337222200385,-0.4514577883776057,-0.08461402989346394
622268,0.0010939613839219737,0.00024963098704254663,-0.0003216385374763221,0.0027622878803545384,-0.012170354163974743
622534,0.06318386734082182,0.0035109811662789917,0.01633709758801959,-0.39738023321990634,0.08731263254446299
622569,-0.01425981722456135,0.004877310198282639,0.014073993935356353,-0.018553232892519617,-0.21172476730674142
622761,0.06789640045526547,0.009420855849530348,0.048469758058099104,0.15999582757941042,0.04359146682580394
623168,-0.005007248792702163,-0.010039897668790414,0.0687093223361001,0.06878984791602971,0.03950703576228627
623520,0.0027368840591852194,-0.015171798489307322,0.1103546439190964,-0.15734816520782988,0.2620168737086524
623912,-0.11957734269176323,0.015030504683480102,-0.06541626629333036,0.12410267047964706,-0.18608210870432226
623993,-0.007972808019898952,-0.012141086595907433,0.25954396728514467,-0.21853749224664323,0.5271355527341932
624413,0.07787192039103223,0.03513194069626369,-0.14499581146817386,0.33872611799750385,-0.4744453427272844
624415,0.04718226701605362,-0.03913212831846807,0.1151934562944327,-0.6843607673839679,0.8191910679046576
624424,-0.14957688747819356,-0.009003334678938902,0.14693813775552605,-0.2419129709326148,0.4706284673556855
624428,-0.06982918877688453,-0.01697215023235283,-0.09501073577791617,-0.08221411829137366,0.16571693858687048
624431,-0.008631254393242584,-0.0015402303193530144,-0.0822472538746878,0.1132788848305867,0.09308030737559678
624503,-0.08861320174137702,-0.02667659098910183,0.13962939456819382,-0.17288602913097023,0.16498766735057568
624512,-0.014700789450799747,0.017187949882182352,0.01484822342143234,-0.03392208349849463,-0.26311361665128297
624585,0.18714239398457475,-0.006685900432711127,0.0843381139204828,-0.7597119505396287,0.3706227354309027
624641,-0.17461557557479016,0.06215528128196088,-0.12731899290289334,0.9636721528439105,-1.4409878419683781
628451,-0.07770802565612069,0.007772660298082843,-0.021596802918464317,0.0456360187091625,-0.34730826274065674
630105,0.2791483562544469,0.01079548013804219,0.011708082905571153,-0.13736300208313051,-0.27165957537297764
640459,-0.01326182004549713,-0.004046029192747634,-0.00510946015037988,-0.01812661386756253,0.020616699744142316
640492,-0.0077351112698985985,-0.011714972113285675,0.008114523907777877,-0.155182906853519,0.13463630467815865
640902,0.006061904782479402,0.0037436834612549143,-0.04338007323027956,-0.01393893933189753,0.013210652363454676
641313,0.2015223291037001,0.019484770055511018,-0.03336181635566522,0.363133101437917,-0.2511795536671633
641343,0.11231768822147364,-0.020195339532036748,0.06173411253077459,-0.4937785174873128,0.6392618849692181
641355,-0.10293510992370945,-0.06293233794348786,-0.04089111629245728,-0.7804804409307529,1.119596596031697
641432,0.08065211591261559,0.026294515969215553,0.009752272050175722,0.38069972493963744,-0.4978405384743775
641487,-0.13814724381344562,-0.03371451178893794,0.1975394565356461,-0.6162147583421761,0.3345262289657821
641511,-0.03156253318834808,-0.0036221535580103657,0.00592791981683805,-0.03191784926196702,0.025057784098336644
641555,0.061103044959772264,0.004408429622047175,0.006175931548314182,0.05568027891174636,0.011906126411945401
641584,0.33222242547955505,0.06253996338709203,0.16716974579216554,0.8822239974781454,-0.4931231729423217
641598,0.03920253462462116,-0.016142815614032628,0.09168675351280317,-0.1649088280844201,0.7117322818674794
641645,-0.05269409726106573,-0.018346581554328792,-0.014179830681491264,-0.2424444584977041,0.34035470479403884
641658,-0.04082468482088536,-0.02123979647625233,-0.003923523883839324,-0.019264372789394225,0.0595896178720841
641680,-0.3758798633452124,0.03017861877509238,-0.24685829839825585,0.5942736259981716,-0.25592518419005744
641779,0.009192052299105127,0.002954429781374131,0.038017880638961055,0.0945823897249314,-0.11225029810722834
641856,0.010268616107058313,-0.026027544721798457,-0.01800586098886029,-0.44635640549441064,0.35665067166835196
641857,0.3077008302669688,0.045003279400366435,-0.023304866525211475,0.5041229215151277,-0.7719698080103398
641933,-0.005565266492676958,0.004799872106491729,0.08780619291515603,-0.09505304001429829,0.2763639379324313
641943,-0.12710111676508412,-0.005443784725027412,0.09416743057978522,-0.21181791030835143,0.20370960220609996
642020,-0.11603630103376258,-0.011084250796548045,0.019405269809546596,-0.019330067117449157,0.13411718498685293
642086,-0.051971079889354975,0.01696393310639347,0.030622089255543453,0.054669251036964864,-0.06450035301847273
642133,0.26613485627967426,-0.0013360044128139144,0.1101002925249178,0.2346514658900001,-0.06711934867475873
642136,0.013970237882061153,-0.000749535262076396,0.07176116744681968,0.45487755791770385,-0.16883481981128864
642180,-0.026935400239047957,-0.009901642572683675,0.0547629336216482,0.0211073599138465,-0.02620112485941254
642197,0.040092915147718275,0.007894589166161725,0.016852343402348195,0.13035823638781963,-0.23392314713500692
642201,-0.11572506219538302,-0.03249841615583331,-0.09057665770983975,-0.439540539718789,0.263229352798467
642215,0.06836617815072399,0.0175038756560787,0.07341983144167073,0.23585597430062183,-0.2775942660997957
642350,0.01565315973912563,-0.014599479400358335,0.11135350361547922,-0.23132927969905764,0.6131260316389526
642708,-0.10547242667428075,-0.020938345739657166,0.013828969425146193,-0.45586397193294337,0.8551866251178056
642715,-0.11035532273989548,-0.0074002688037984364,-0.14768387120603252,-0.43759090372724524,0.5443397300464783
642731,0.09972383848579033,0.024746156620210145,-0.11667262925564044,0.21542244729800014,-0.25438186475953617
642851,0.038564560679709384,0.0040651986787643415,-0.08726900527342529,0.15958649627648014,-0.3770674512313115
643217,-0.01864374583920697,0.01823561272022194,-0.03189819387223231,-0.06358998860891531,-0.16241129534638882
643265,0.07194207044892445,0.011103576615419983,0.027723458308846476,0.06581312244880715,0.1072081060752392
643289,0.0012420288774516886,0.0014196565770681038,0.3864793588545315,-0.19361203359051857,0.045155722540092515
643376,0.04551623292131415,0.025500794137654822,-0.03373685432578489,0.20645878962521202,-0.31718670923142744
643396,0.019376811025538752,0.05838735050232692,-0.23762907214249276,0.7281919560223422,-0.9354453284525099
643446,0.06826873087776894,-0.027038515834564594,-0.004145588010851597,-0.3529254688169209,0.5126291054552009
643565,0.008942521410070833,-0.03315407072853468,-0.10360970306329066,-0.7442578743480259,0.33362602108470857
644433,0.0161060068018201,-0.0036858594647764813,0.029002438921437793,-0.06278707383341296,0.14893669621090222
645277,-0.10603964663778134,0.02155641812425986,-0.18521119671469274,0.37268865963002723,-0.1445099509847969
645302,-0.07354352008184412,-0.016048912445951462,-0.12943580018641432,0.13283386089668284,0.0719030587373899
645305,0.03570249110464428,-0.0007701099902715321,-0.035378800017385685,-0.06011048439824997,0.08837849831600031
645444,0.056934946611998966,-0.006479290842199188,0.04635469360480036,-0.2005754801768015,0.16424244020325734
645801,-0.05542446097411796,0.000838291841690374,-0.026677802728743573,0.10477206242720033,-0.0746444112906404
646240,-0.09575186547319513,-0.0303428719070051,-0.00860314222386304,0.041523219726930516,-0.03667581229428229
647304,-0.10635543763074984,0.051048939161802746,-0.21167388310362392,0.8642790894845501,-0.6344073275201622
647351,0.07556692610992458,-0.029616482801740708,0.14507982463900881,-0.4740914735071367,0.026245671255274564
649557,-0.02400283745303974,0.007456314618124792,-0.07445126045683241,0.02528428265827194,-0.2015075489265601
649966,-0.12861721798921635,-0.01210196858588394,0.06695872155288657,0.2508674209335746,-0.19425114037324825
650333,0.1046442533959349,0.012660830609454879,-0.21337046254820274,0.28723598544749157,0.15887241666847302
650391,0.03015557625369822,-0.006684677672402758,-0.11056682767466698,0.12427986223138203,-0.02866246929944061
650402,-0.14157075481834985,0.016348402459136137,0.03239265356868217,-0.013879307052270333,-0.5306325127530083
650489,-0.08659907001518453,-0.03880247042098117,0.45020829426292125,-0.2952245254996965,0.7098433394331347
650490,0.20334597989065548,0.030462903791739576,-0.32368352125826627,0.6035871074433691,-0.5615497251982289
650559,-0.2895797412825422,-0.012248099708087335,-0.04081807118946754,0.014591654142597728,-0.10907134505699463
650859,-0.2806847243246577,-0.05710838432202333,-0.44087719053332863,-0.72981085666038,0.8314593631484365
650907,0.03797597085430911,0.012673279028410266,0.023292862915990874,0.13460707642223513,-0.05742237609604708
650968,-0.03008446937574835,-0.0024291213645430756,-0.17009544419439052,0.11104723743318097,-0.028981531547798808
655316,0.012741654687028576,-0.010205373189300657,0.053126059711812966,-0.0394000977163592,-0.10558477004112522
656180,0.2751969000055865,-0.009213578871479314,0.06361058869158652,-0.13826853801748062,0.26881143441467825
656248,0.07552765342207811,0.012525759921980992,-0.04442298415683994,0.14422840004212675,-0.05402787153859444
656305,0.016021046996532957,0.04059944612563805,-0.07019927471266393,0.26816702042313645,-0.7543165964507726
656413,0.0015841960831148836,0.007173056000070763,0.07626724069211863,0.3673070961673392,-0.09921221078583642
656484,0.0295781959822323,0.002304464309991113,-0.028593137412289835,0.20022605268907795,0.00352145667339932
656537,0.006813041841311502,0.013414757632532526,0.02595987999615268,0.3947426447049207,-0.3715093738729662
656541,-0.01537370100215307,-0.006803933567442505,-0.013460724100004906,-0.1676794178098953,0.22990647588882593
656555,0.027997795033976175,0.040121585785660115,-0.1491788057608902,0.3853516674514468,-0.613267584651234
656577,0.04755802360087339,0.03385214937245814,-0.08064596418212158,0.387847913779071,-0.5623123765986355
656582,0.021491719164096992,-0.015534878312024408,-0.05406931560551524,-0.4808002898549123,0.19004819124123995
656716,0.22842322597875198,0.061472658724940774,-0.09214870603683507,0.5798367278144066,-0.516219709289526
656775,0.1540722150006347,0.003635913759174747,-0.05589901938374414,-0.050677521040987064,0.01970912653219163
656811,-0.14148709319566605,0.02354273118478435,-0.029941196645728415,0.05505307382642108,-0.06045018134551832
656896,-0.1413576076154635,0.007463978859350883,-0.19292617723779104,0.7377629063047555,-0.38068070574401086
656941,0.15529862863513852,0.04655557135969252,-0.1285846313623248,0.3941275806085743,-0.4402865747118708
656976,-0.054555307797229016,-0.009060582510906369,0.16250985635632373,-0.14481201654785775,0.43746471614363824
657041,-0.01068270703531287,-0.019246315753830776,0.1577341678043272,-0.4736878354643072,0.003969357314952084
657061,-0.02168864941639534,-0.006763396711472159,0.004334870472096476,-0.07048162431423798,0.11453721777824906
657077,-0.2318807361563286,-0.01840156023612843,0.08365914284624124,0.12857814037030602,0.09138346682875946
657088,-0.013542079093008662,-0.0043164325313045735,-0.027373546980906487,-0.07120457058521111,-0.005006502988609051
657136,0.07895746792520211,-0.008542321248330034,-0.09659082757009746,-0.020713146484864105,0.22980750934974048
657557,0.1420818366018256,0.011959851636565369,0.04568457611899442,-0.010532226697142887,0.060792252894213625
657656,0.12700808303914504,-0.022125854926362033,0.05303271308131816,-0.3493695220404781,0.33278531957230856
657757,0.04619712959821746,-0.09346695705031595,0.39308942755209475,-0.9328203539727661,1.6179716324754487
658668,-0.019847955125335905,0.01562136749218257,-0.040268828893919424,-0.10746953901312266,-0.29615427362197744
660162,0.08676571114858413,0.030986659726196162,-0.12134324549910781,0.13043876964081214,-0.17401224373507268
660271,-0.023741341499250064,0.0663539466810878,-0.2995264660487262,0.7694126804777737,-0.9369308642855689
660636,-0.038699376607913415,-0.012145759036898192,0.055879416267414626,-0.12303830915271413,0.08690612453912439
660644,0.03962388599359993,0.005251370946249495,0.024327898299768648,0.10580178568692772,-0.1358045362439548
660670,0.10332719075809985,-0.005832190684954246,-0.0005740421229153009,-0.08666372533868018,-0.009035968676563175
660688,-0.09825126909265462,0.0257298187270496,0.10732784599872616,0.05930229251054243,-0.4276305910852252
660707,0.00762454433863567,-0.0017616950178751662,0.052294241715671576,-0.1798489632627361,0.32359658124576857
660757,0.018910002455935642,0.0029541339509374753,0.007405764885508397,0.04861647020174765,-0.021040663514785424
660766,-0.2163217291980863,-0.027967052628481853,-0.016787739660956293,-0.22151194482545722,0.5381897836665684
660821,0.030763583010816498,-0.01744609903458115,-0.11422195642007903,-0.19352928813670084,0.22600695937500803
660844,-0.1427117452934263,-0.04020643651144761,0.08319606842198136,-0.3625586442484386,0.4156801256889012
661388,-0.3837706125730378,-0.06561970225959049,0.10994775219693058,-0.6430848501091034,0.87974490597313
661531,-0.008499542010275711,-0.0028282540382586633,-0.02614709213249127,-0.14030147213843347,0.06762665949387983
662139,-0.11699208111845856,0.0009628971820311071,-0.050405654717413324,0.2045033998643543,-0.09546236338534944
663330,-0.039541709022934045,-0.0050991821029064775,0.015297985075465858,-0.11743374295968513,-0.010373104551149643
663368,-0.1779742464896871,0.015510321488591924,-0.07740449644455258,0.2304291675326438,-0.001954668622787897
663457,0.09478449462634156,0.03327054763571869,-0.16266560718662038,0.6001381113455003,-0.17876299777449287
663527,-0.015465082351158392,-0.004980717642242727,0.023286748805673947,0.026575158843522097,-0.20603313630545267
663536,-0.0019775211617591984,-0.005254398934447,0.011817942067520251,-0.07845019310493825,0.16844383361424492
663538,0.07553846162283587,-0.03425505026039133,0.17452995764856216,-0.6580330409212128,0.4061777357533004
663550,0.02182989858359149,-0.013840439871275988,0.012948878531541032,-0.22852607051005755,0.24518796858460984
663584,0.008053149083531254,0.0004266708067382818,-0.0328526610848614,0.05025219551836209,-0.09687185203721387
663586,-0.03862960412912029,-0.0019114312413860658,0.056702404129874394,0.42262063465453525,-0.47690633316935177
663604,-0.03517475856951218,-0.014623099213203218,0.05384332601143576,-0.10896709889043944,0.06621919688622864
663609,0.0528764425877674,-0.00020081452748492112,-0.10244888239477583,-0.043312077748348464,0.10950619777673962
663611,-0.0023432230673948026,-0.005433732916370165,0.07523754246415773,-0.13034524036504144,0.18423207695857427
663616,0.16949885092599423,0.05367279813123337,-0.35446241866705613,0.5691711948374841,-0.7074930110704533
663624,-0.027021822764585677,-0.009835712086473476,-0.040600436594123525,0.050751921616056156,-0.010696317876906903
663630,0.0052754704628889615,-0.014620796546961965,0.10950027261900781,-0.13032716567429894,0.18848484153691458
663647,-0.09345397066744923,-0.021839851362999596,-0.11004589770165363,-0.48832260473979167,0.41224216695082133
663656,-0.0336885886661552,-0.02866731991715745,0.044082222751715694,-0.4885750019476552,0.5406660310006298
663662,-0.08000632594278582,0.0049366754069841735,-0.007229590071271571,0.19868496270374494,-0.1770639574163611
663697,-0.12179666067469427,0.007992369667815595,-0.036799136850713635,0.13757224815320163,-0.056683435646566076
663698,0.1082002685279628,0.04166470564293169,-0.12171575227855097,0.5946086343203381,-0.7335677479480209
663728,-0.13328174910635784,-0.08489817637729363,-0.23793379814665552,-0.6103457319155842,0.8183534976224235
663731,-0.017725180040323626,0.0023932423518635403,-0.01112003697114173,0.04090757232803817,-0.04309052620394333
663743,-0.04258211180619875,0.00040767404870441817,0.039267272479447134,-0.050828491779760884,-0.10150160150985357
663757,0.12900918817967377,0.04602832869298165,0.10288810340136725,0.6833421203788597,-0.45382893222974624
663837,0.076883273801414,-0.014302277582916637,-0.051886736576081005,-0.07450188211299509,0.20981204467306674
663853,0.1728774137310946,0.05404025749194119,0.18118522071571,0.3193000524452015,-0.6180910183702776
663886,0.08134509537461629,-0.012282230171524742,-0.0733499589441989,-0.32782012380502906,0.30390517328868166
663897,-0.014297122343574775,0.006376565259511827,0.05048072419083504,0.1708595249635344,-0.08528856053748826
663898,0.1904541015367064,0.030621729084409854,-0.21430060773346038,0.6513082964578312,-0.2633907502737926
663905,-0.020394740433901992,0.00457017857306845,-0.0004095872053919228,0.014424137789096946,-0.022159803651840036
663967,0.0067961978803116095,0.0005679652968764079,0.0023703515290465545,-0.016921021154815502,-0.03625412072925638
663968,-0.15553399064755383,-0.010721355495707002,0.010066071008785428,0.1808933542036217,-0.16194559497528868
663993,0.06815148458135042,-0.011963920209450717,0.20320746787667276,-0.30782547835088275,0.5444694868065584
664023,0.05266091231327427,0.04585945795520725,-0.2762414013667038,0.08157285341591237,-0.3152535590661281
664034,0.024879510240154185,-0.030668634379903074,0.2579742916664466,-0.4253037137180175,0.7135409667561804
664040,-0.30488553226361104,0.04169506409107858,-0.16721326294060632,0.6146057584604603,-0.7900724273417894
664056,0.16458179534599224,-0.016562182348360443,0.1524208760644568,-0.6147774394076435,0.7485820023410327
664059,0.030164650519054835,0.015198493157603894,-0.07327944769559976,0.2225333157897648,-0.31661491505099254
664238,-0.12409290990513222,0.000291880809906192,-0.005440444562988139,0.3581528828958116,-0.2373475940557966
664314,0.10753964777702843,0.018439725245556992,-0.0015900807223179101,0.21956074811963167,-0.23604526334759388
664702,0.056499641420774294,0.019273167623211844,-0.12958160500612792,0.20014720597646518,-0.26945838568951275
664728,0.2461701688357288,-0.012581080832608,-0.07237782751359996,-0.137072537044495,0.37067495935215583
664761,0.0006932672025985828,-0.03998938345660933,0.15414051609516544,-0.15389618585137213,1.2639895651781483
664770,0.030123952063554085,-0.001733662745078601,-0.13812936100614237,0.0958882830718122,0.09882233602121147
664774,-0.02665731286667236,-0.01052922330455919,0.14645028830124385,-0.2292427280237078,0.3202361831044363
664874,-0.10379814201714978,-0.008681816954127475,-0.05131514521197902,-0.021430867017319697,0.05212090599839149
664901,0.01324234516625862,0.003921071107648237,-0.048544259452402934,0.026975697062741527,-0.03117066223375115
664913,0.12598761284092655,0.0362227066572201,-0.24242938584384668,0.48192521305259545,-0.6725763019535146
664954,-0.012000688617262063,0.006083721441436881,-0.028007179539465535,0.042796081842999066,-0.11499293655021954
664983,-0.1425210270671403,-0.019339832262420777,0.18533374617896206,-0.22201865584522534,0.45513510158256465
665019,-0.08958025837573982,0.01418622825826818,-0.05301862562212232,0.2476139849762058,-0.10462092256366733
665052,-0.06657933912769906,-0.003560185657061807,0.02428854920483096,0.03372789420640829,0.2608194000293395
665120,-0.003434279627050674,-0.01016098947813261,-0.018450358003914497,-0.16412491614140823,0.11348327661168539
665155,0.027034912078331384,-0.008437014428454393,0.03931752308497253,-0.42146489618572824,0.4048501109039348
665161,-0.025498915155369208,-0.011483083670198577,0.057045315228200576,0.2527886622792507,-0.16199952813166715
665487,0.014592054616207788,-0.017011921272844215,-0.05260019784377057,-0.17155605332534163,0.263435484863481
665489,0.14091618114302587,-0.03105925022880037,0.12299199156266283,-0.9065553409872876,0.4379141566179805
665506,0.08383349041830779,0.012672373522792523,-0.08425566857850271,0.32467439525516506,-0.22857865395704766
665561,-0.06928834514326394,-0.012109098103829836,-0.04106955548570106,-0.27374368087715806,0.32642272147919654
665742,-0.15900320087263506,0.006834647320703878,-0.051854847775036586,0.8608583118534384,-1.0305215027834917
665750,0.03318567579223949,0.03794679952996657,-0.0626888969455354,0.3418767785870122,-0.6261712203794156
665782,0.001372654249911043,-0.0007417971619361735,0.003122335233511456,-0.00225155021918229,0.004592627218806114
665804,-0.06193351409576293,-0.0004955521772394917,-0.16233484133837314,-0.06656020856553006,-0.2877576781859575
665828,0.022401889620693272,0.016806163603135946,0.052627646014264125,0.31126008399490235,-0.028153247757768327
665833,-0.1899650613437556,-0.003785373441357123,0.043727259997170184,0.2725710176521186,-0.7194452353799603
665839,-0.07570841249587365,0.004729904708247809,0.0020283840651604225,0.11206464891039544,-0.19146421431776223
665862,0.17137101795491191,-0.027405669037371013,-0.10900880400584766,-0.4000265919050355,0.5951407592559262
665877,-0.0024869981369678596,5.820435547242335e-05,0.003890387683848232,-0.0014142030864710113,0.09809658186067469
665923,0.002957112080136298,0.003004609833828556,0.031960140921288085,-0.043464895139878564,-0.137548741338652
665926,-0.09610173337285144,0.01439412383736536,-0.21467213347396,0.27230992789214753,-0.9558142602359945
665953,0.08675713116993275,0.006567823512829118,-0.025005554909461384,-0.02131826136264189,0.013833397275357467
665966,0.1926529471031782,0.011549586025888835,0.13526898532037665,0.09622091879049217,-0.29738581316117874
666018,-0.14847947071727519,0.0041356617680637624,-0.13765426328585995,0.12257107832073685,-0.16675349161128214
666023,0.004441195021812338,-0.01552111048447734,-0.0995173181772229,-0.15870128669724973,0.32892957598995115
666126,0.01808978001675923,0.0023846181690282105,-0.10575280213100459,0.08469849462762688,-0.11391541569029323
666134,0.06542082596950044,0.019012152935258625,-0.20517982463874804,0.024005344061746772,-0.2696070912636372
666135,0.07503401963467071,0.006279822834057957,0.001362820685151609,-0.1562073813120875,0.04069133755535779
666139,-0.14647466157738487,0.03010693625738987,-0.03883432561663799,0.6886284943417675,-0.6551245495218533
666149,-0.10021210076684119,-0.01315499509886789,0.17273234528842416,0.13979306368647407,-0.004902524940600354
666150,0.05375120232918695,0.009596213081660605,-0.13161950253000165,0.007557614298671757,-0.09842124780790715
666152,0.03882539902896826,0.0009558707957985435,-0.008323206723608412,-0.16589481987376234,0.4836743553969398
666158,-0.0014782782573063257,0.004080733883170592,-0.022604015597678388,-0.10957782640979004,-0.3058619605056878
666160,0.05226419346648944,0.02142245639446638,0.05659383716489794,0.3670316013446253,-0.23967927341552714
666163,-0.04568404381696581,-0.024527072704709336,-0.06245752656640157,-0.15575536139432392,0.16365277700851338
666165,-0.02604672856416724,-0.01051834033967099,0.04706712776891328,-0.11224525190636359,0.1381785222022652
666176,0.17813964778000482,-0.001704387728352532,0.2226079746600773,-0.24710978350464202,-0.15586014625919264
666181,0.06689182027863316,0.017234747288345075,0.014590269512029271,-0.04557317035869484,0.4316239593092585
666182,-0.22485757363719067,-0.03133134787074489,0.1283858824526304,-0.4425208900789335,0.6290869146782031
666185,-0.06585422673835105,-0.05790248103867504,0.253740072381141,-0.7710513908541808,0.6432963059870542
666197,-0.012552269799005226,-0.0008737918271701537,-0.013440442951074405,0.06655954340355065,-0.07705696584681858
666211,-0.03279879818259093,0.008586009386832374,-0.12870694404490834,-0.00037908617377911935,-0.07254198553872954
666310,0.2199904340754469,0.02602999459166948,-0.10237311476905406,0.15445087516811756,-0.5260266747169505
666397,-0.1161248665664658,0.013043348636621441,-0.035223374923687184,0.3654191142021187,0.16574494763046518
666464,0.010746113318223333,-0.0175854300261885,-0.030736791122760173,-0.11170409990343627,0.11262473848705341
666624,-0.09067061024695211,0.01612720700942823,-0.10409194418236015,0.39843635471133904,0.02757735375794316
666703,0.10282521723883359,0.006667679150008957,0.02451684397192422,0.027597925146493032,-0.06396786007924933
666915,-0.13451643208523123,-0.02632010198464243,-0.01745864962770332,-0.17684526712058127,0.3380205111739533
666969,-0.1190664908227084,-0.027451206641274123,0.07892123699592803,0.8816391753030345,-1.1341684170552022
666971,0.20645635780121208,0.018169797103429683,-0.15363109830808663,0.5713993374554742,-0.5056826610124805
667428,0.005988138057455715,-0.00393128067572951,-0.0011348153809611007,0.07298912085948023,-0.08076388827071214
667452,-0.05021022439579206,-0.005502391401535977,0.02634816415354892,-0.06788180505452708,0.06536242040611613
667472,0.061496739166559906,-0.002828082281699421,-0.02701492379338566,0.07462431638971412,-0.15696262899922173
667670,0.47677561621747894,0.013609200812469645,0.12178678215868088,0.2613900737822075,0.002860416759202714
668227,-0.036819811050017116,0.04466488919319883,-0.15307527026721368,0.7841254968179268,-1.4491772599513242
668670,0.015907946577622654,0.001276121994610006,-0.0859878640778107,0.020260753476925533,0.07899127261039643
668709,0.0452002337515647,-0.014450502008262854,-0.14945705875660031,-0.34951082557884644,0.16361734144040574
668715,-0.04825556093012285,0.027491458771088197,0.019370979711605056,1.043595108297125,-0.9938937417105961
668723,0.014977944826559784,-0.0003183071688289815,-0.04379249206672085,-0.015202066536223155,-0.10035486045636367
668731,0.03697007260518238,0.010199229902313362,0.05551352182741777,0.06972974508700469,-0.0027773548193398123
668752,0.005644367659571929,-0.006232641894667408,-0.004855275832593822,0.002168592392896066,0.08869927716137897
668800,-0.04417517350228957,-0.014587026348398844,0.13687877351731179,-0.5344223327146148,0.1217889360521008
668804,0.013667053658560224,-0.025493381894674674,0.14300154202632237,-0.7901152667819208,0.5339343449310883
668832,0.06696450675875408,0.0031495900231181193,-0.09739347597108859,0.05821020013349204,-0.2982064495458481
668845,-0.0055615086383529015,0.005521631557162431,-0.0290786140220348,0.003931276574729292,-0.04165334884432842
668853,-0.048092081331506005,-0.005287400916292048,-0.017930819543467764,-0.10598070589883427,0.10552885121711428
668885,0.11594161465594588,0.012261192411005886,0.18637122453428473,-0.2195532646952318,-0.15244953281444862
668901,-0.013675128238166332,0.007530002932887031,-0.10640133046347727,0.07610135165471436,-0.29876966003831934
668904,-0.10426419479005612,-0.016750988099325174,0.006065022861797733,-0.42355050744569395,0.1995659764204196
668930,0.4327252179109992,0.09885508112280568,-0.13884660985361985,0.8129805412977426,-0.7344263440197678
668939,0.014684754621616078,-0.02336347839646174,0.3894717197120938,-0.1741953266140618,0.6203738289595517
668942,-0.09214479605736002,-0.023378728304686475,-0.03878450622850762,-0.6829244065770217,0.22271943708151912
668952,0.09889696369628949,0.014340399765408992,-0.023025256120104483,0.10677694951723773,-0.22294134938800922
668974,0.002820016214428646,0.018213559252687698,-0.025912962227358304,0.2451686420818673,-0.4285696602336157
669003,0.06743213776048818,0.032506201913757714,-0.06465589150960126,0.2006320653223733,-0.46887251530146995
669004,-0.18491516902535057,-0.012341336841764649,0.06082095892532751,-0.11085634711292733,-0.18645887373733455
669016,0.057691899445669485,-0.01711153842829936,-0.02848787105841435,-0.4161536576049898,0.058195548289006034
669065,-0.1432594980515005,-0.0002665939106005523,-0.2252523871975614,0.2631135767603781,-0.10213947846760962
669087,0.02520342107869899,-0.013258178858972028,0.0664305618360096,-0.10835788324454446,0.21197635934783454
669127,0.04587854654449909,-0.0047971057615444285,-0.09816296798882441,-0.1899651236348526,0.09549270215728436
669134,-0.007499941032400617,-0.0063204520624755185,-0.0820064627402044,-0.015361742100625053,-0.6181175434787605
669137,0.020531202533258824,-0.0068632937743433094,0.029464648123906225,-0.05093771848415626,0.14184081465882623
669200,-0.020244245344149644,-0.001773331559226465,0.0494188891085722,-0.18944544426129148,0.18231262776129192
669208,0.027137409642544418,-0.003136845001548751,0.01177432293003907,0.03646040348344376,-0.027484512130515594
669221,0.046522654118285225,0.018459323551390138,-0.09326563844355404,0.349736362876961,-0.37163406890951256
669222,0.03286378270953528,-0.02146448008280629,0.013604833867849858,-0.21703782258734516,0.3630401247871399
669224,-0.12852038976315341,0.026993596200616064,-0.005512914380288841,0.1393433145023116,-0.4624896219616245
669234,0.05030493333074402,0.014873262991634365,0.16784102887068195,0.2487529969632338,0.022531647864909052
669236,-0.08458504540246595,-0.022261579946829643,-0.061235206173332044,-0.03806639088871557,0.2254708189706195
669242,-0.08414376478302046,-0.039596917922596245,0.04751975281900323,-0.6799984886141108,0.8836216500150158
669256,0.028576877001155385,-0.002808497245668837,0.01713226134269232,-0.10834219469878922,0.027706701914101278
669257,-0.15442758994078087,-0.03847709017316671,-0.12705458539462852,-0.08177935217000933,0.3389427413718562
669261,0.13890663535344366,0.031226440263584475,0.0217514625930413,0.3930302876305736,-0.1859293708095961
669288,0.019340086997200474,0.003318944585308344,-0.03613432989019732,0.10381007994408234,-0.1386902815013245
669289,0.09025129756121218,0.01690573420807648,0.1505286732729714,0.09810555023388129,-0.2973190827808961
669304,0.030251994428211734,-0.039153728481805296,-0.17657719022318702,-0.36824031922063316,0.39887804268930716
669326,0.06527550129483253,0.0036804938939523552,-0.026049080756247074,0.023499667475114446,-0.0800788618062233
669352,-0.001669576755591295,0.0017189317977222601,-0.009748170194146215,0.05179033823730567,-0.07571133273568287
669357,0.12500000942159345,0.03988262347991335,-0.3268653107632684,0.9176264003973297,-0.6282149845826033
669364,-0.18132374966764706,-0.0025310503187505975,-0.07828739779854392,0.6340186174814408,-0.27645769509609486
669369,0.007351130406053287,0.007863940790368429,-0.03341061032073459,0.061035976150340746,-0.01736361883186111
669374,0.029712867843596797,0.0045074584739505244,-0.0110879520090678,0.13868364894566568,-0.10025147956886557
669394,-0.029460382664406804,-0.022275728982802476,0.23428759700312562,-0.08799784762481914,0.37439875301074843
669397,0.10906886504272469,0.008372009409464412,0.06501547891486496,0.27964430434903353,-0.17398259439232402
669450,-0.06579154501101007,-0.028917597006107302,-0.011905117444035381,-0.3178834709168747,0.4065914331060212
669477,0.1253786108866231,-0.004192075670284294,-0.0337566202514329,0.2799814963418172,0.027467943252893492
669699,0.030223394909076474,0.017964227876060723,0.013843159653053608,0.2240895717504302,-0.34477518875062874
669701,0.006470391469932298,-0.06369359058886127,0.39222277476326706,-1.2468955966091109,1.2953873321929172
669707,0.15489507074877784,0.07238551466070185,-0.24773041318518207,0.46583520044517945,-0.8047764049115382
669717,-0.012524355563767327,-0.0044699892735052555,-0.04667561756327515,0.022888442368953182,-0.06633884187460487
669720,0.10695239478496842,0.054168455076597836,-0.13474554008005682,0.36975238069079935,-0.2941922903142236
669722,-0.025971539100601505,-0.0006558361474660315,-0.03857617108296193,0.28103276949937395,0.03351148927847301
669743,0.0035482466879986456,-0.02768820649818063,0.020703944229288982,-0.2343801000686729,0.3779244962257636
669911,0.07181230847755063,-0.03256255741465669,0.3776747652541263,-0.9238919617516614,0.6886840628552728
670032,-0.09946772395790199,-0.01589335531212424,-0.14291781149980387,-0.028843388312258106,-0.22258512662082547
670042,0.14944006592787445,-0.00733252857179129,0.03242356918936169,-0.09415725701835928,0.3470476705515618
670092,0.011901940455692416,0.01707420640245967,-0.04280146526548322,0.07413554117543206,-0.16658346115087644
670097,0.010491552447449202,0.004377422159103167,0.021947149708974517,0.007456981112803472,-0.21892076893091678
670156,0.05227484872891325,-0.009619005267643522,0.04720779416705992,-0.1838530726760459,0.0638039217522703
670223,0.02691471784416397,0.055976731430657595,0.12425829467883172,0.3905739798519939,-0.6515443419705335
670224,0.14029526750518476,0.059318066008845476,-0.23818018082521222,0.6801056741129053,-0.8664795963447207
670231,0.088950854925497,0.0059257723542668166,-0.1174060985778118,0.19822811931199752,0.2928372979208292
670242,0.012455992946353583,-0.009727957569018834,-0.1863792678620543,-0.3270859914226841,0.051114480763640634
670276,0.01868440544595833,0.00039418537706531785,-0.0014383813424090838,-0.04814916660975912,-0.050860307597824714
670541,0.2535730431837853,0.027761632132828264,-0.06006247476416011,0.01239761688798968,-0.17289129382917073
670623,0.005058360286907762,-0.008219079610416031,0.37633522187279006,-0.3011641171112829,0.14983879526465874
670764,-0.06875083823681409,0.04161420700037368,-0.2117659327880609,0.5485624621560857,-0.5293738383020306
670770,-0.010909277695738984,0.01590461712545383,-0.13167790393942372,0.5390608725258074,-0.5097824293333384
670869,-0.0019957148755792046,0.0004732434823646402,-0.002736878117444655,0.017436130242194644,-0.022880816602017646
671056,-0.027713960005904814,-0.004918194418378585,0.2692464994658482,0.05691944363457415,0.29715119021082714
671083,0.015600897418896174,0.006305102392811852,-0.042522440989527135,0.11776603372049572,-0.16690117103650193
671213,0.05072830575926052,-0.015946265003823137,0.019754342820870536,-0.3237909477119983,0.4223325741533437
671218,-0.034080779173666295,0.02289833426596393,0.0009341853717461192,0.4836847455404961,-0.16604767597056028
671221,0.043666172946804076,0.0004887673122128248,-0.03357081353824965,-0.12211221968406334,-0.056311712920408895
671277,-0.039643155971954065,-4.517195868246397e-06,-0.24954153391295741,0.237908817653996,-0.09211629029869307
671284,0.08705780639149983,0.02354106853523202,-0.12038314138859507,0.15320417620719198,-0.1579498379310832
671286,-0.016324455738081545,-0.022094588077222806,0.10631300048344769,-0.4355507838582567,0.5393351648421547
671289,-0.044516935333230985,-0.026935448943439123,0.26894804389527316,-0.46902355257875705,0.23150097408985373
671655,0.0262359378632176,0.0033348168592046844,0.06912020396063026,-0.036748964002630814,0.1500800303523577
671732,0.10249728998929798,0.027204099442942074,-0.31605600612752693,0.22842421508523356,0.014997204463470012
671739,0.10535680177114684,0.005556811378463185,0.04000998022212608,0.16468199198873765,-0.008014341541628838
672012,-0.0016550216722774212,0.011162493925389526,-0.07693136982812249,0.22697016664892378,-0.014905730058636303
672016,-0.13266912575216855,-0.015961805637500576,-0.0717143003807491,-0.02548337923953481,0.162638718907303
672275,0.08401673491825079,-0.023993571192620015,-0.013420000414728465,-0.028741013449584615,0.19530583581088726
672279,-0.1695233159290384,-0.01431850504372795,0.023151825241388358,0.17903241792532684,0.1121000740329926
672284,0.16907225805868684,0.01822424777893981,0.015120782250000573,0.2592394376651843,-0.30700645838118934
672356,0.059063992609481565,0.025021470804143034,-0.04847814844750941,0.24499752722790033,-0.2833673735638039
672359,-0.003318215909673712,-0.000658499283758052,0.0014886673388956391,-0.0011178923924372154,0.00032215476550600717
672386,-0.05726609334157333,0.02620750664033383,-0.1488499993570342,-0.10147588823392936,-0.32347244891751026
672515,0.026698283195449327,-0.02767186503647816,-0.01183556985213846,-0.25668953586156634,0.24200058757464193
672569,-0.07279058628927512,-0.01624747344872093,-0.10888994344623097,-0.033145789749742915,-0.03328001148768346
672580,0.02995189730755899,-0.012464339285956548,0.126811195927908,-0.43160042661684245,0.42103236041337505
672640,0.04337247712908498,0.04261246904138572,-0.24840526327846676,0.32044300770294015,-0.4966815222058685
672642,-0.038725389894561486,-0.0004182742712363757,0.031358512858360506,-0.10345990910925762,-0.02753793007575108
672695,-0.2635788376961865,-0.05828996014023747,0.4958196132262702,-0.9713989074285267,0.8314062974453694
672724,-0.06760944279915322,0.020403239046121308,-0.03133371995877058,0.3248231453020596,-0.22547989133861218
672744,-0.0035860401615975296,-0.004880450774614647,-0.11128285389900504,0.10844641856205677,-0.1691772369198454
672761,-0.015586036256407467,0.013191688835606973,-0.2358755794245169,-0.010999514518457912,-0.028490857193318276
672820,0.32384864418359977,0.10746734478866499,-0.4995090100086995,1.4615912993834579,-2.143859227921331
673237,0.0885053677672045,0.01110286368522367,-0.24599520814222725,0.0003199878110290825,-0.37134511515436647
673357,-0.19256357789181566,0.01027928043782209,0.05360064980293394,0.16395567242319797,-0.6749522700902565
673490,-0.08838096299736602,-0.010564919350514694,0.0018887175806591105,-0.4066011988599544,0.7547222375342468
673548,0.005160511542383282,-0.04075670657457129,0.3597010767402925,-1.190847602354956,1.043497780814979
673962,-0.06828967749627617,0.005335873516941134,-0.01139549830483845,-0.1547569387266943,0.10246714699909704
673995,-0.008156331354418638,-0.010389851150732403,0.016461917795126752,-0.12853616220958464,0.2508852655901401
674441,0.031837554303190456,0.009349174791519622,-0.07289669968334274,0.09277241056336091,-0.006155885428127021
675659,-0.0020179075443508172,-0.004850171470652773,0.02849551427840116,-0.058138903779438325,0.1440593603863923
675961,-0.0037147153064556702,0.00383697893780635,-0.03241017202930912,0.11513171846934758,-0.19117303225357485
676044,0.04474445058825804,0.007036734315006452,0.033429266208127334,0.11609384725172103,-0.18425500642981849
676059,0.10362593104855286,0.014641116319652385,0.02079996999110891,0.11310857764625017,-0.004982753751230604
676070,-0.05307499515829714,-0.007106025309777644,-0.0027473287857056328,-0.14999645294530253,0.30116194044862565
676113,0.007441535228103861,0.006437062518220026,-0.06736632145369649,0.16156107983168894,-0.008432559974121984
676116,0.003990161088885083,-0.00097790177419303,0.07924881029941848,0.137027051234173,0.008322290749428179
676356,0.02357614102690763,-0.007286832858063041,-0.00684905180251691,0.2668957440409836,0.28297088201944387
676369,0.026883752038832524,-0.026692966946830637,-0.038997446717593504,-0.3243262493062847,0.5257981252965443
676391,0.0809909408842365,-0.004195674906835425,-0.0186567626457875,0.06865562169826765,0.816414603723996
676439,0.13100513325956722,0.0005013732294182293,-0.013556828386029314,-0.1708051932127892,0.20531108236093834
676466,0.00024506456532976577,0.0027081908029532725,0.018976010308580708,0.008496381836390862,-0.010964513106603192
676475,-0.3618518063823272,-0.05855588457201162,-0.22588824537280716,-0.814491664245014,0.5113851869861067
676480,0.01823363608782302,-0.008998159272765587,0.015298702111672348,-0.09734301049097392,0.1760829446692449
676551,-0.025437818900828864,-0.003779297211327629,0.013901262986872236,-0.006292819280897189,0.13473674924471554
676572,0.14914408602030285,-0.013254074129866464,0.16363328534221183,-0.1127901080983645,-0.31243678130648733
676609,-0.4609743098552649,-0.08641212089148237,0.12237643469039686,-1.1338489968039744,1.7443254178792604
676632,-0.004638315229157928,0.0016008424381772888,-0.015915341079625604,0.019118305580104366,-0.005174121054740767
676679,-0.021856768735143,0.00940516623546483,0.04356184778100101,0.1208077773138835,-0.23880971367939097
676694,0.06333926609667709,0.006905528636308957,0.07892873970415758,0.03670799997592049,0.262391163400836
676701,0.01991272257164933,0.002593735458477827,-0.02855058199432596,-0.030240518134882266,-0.041475776731554496
676724,-0.030885911269739882,-0.004229065544574842,0.03631430712567985,-0.07297857652200213,0.1303656349047237
676801,-0.025605187923009594,0.007354814271751159,-0.05221491866021983,0.34298750040131526,-0.36640841311141725
676812,-0.0092237058671078,-0.009112929595932823,-0.025959091736009066,-0.1851161425632359,0.14788622003442317
676914,-0.12982778000848305,-0.013534058157678554,-0.0051052530241427,0.20479769474814274,0.06116608202440623
677008,-0.01803659581652538,-0.01599615149147353,-0.05322813467158937,-0.32444188172750255,0.1793644369080622
677060,-0.01863814857022294,-0.0007176122025070355,0.02891707532931534,-0.046479232661756485,0.005327832235732518
677347,0.12459568283739424,0.0005218868329993078,0.16680812968288633,0.10946416142894355,0.027800222411932713
677587,-0.09567055164896633,-0.053196799942220895,-0.031971417763418726,-0.7916501797795509,0.9843241721763507
677588,-0.16077907859944512,-0.04029357597501991,0.12085824590000392,-0.7804088681586495,0.8023648855162132
677592,-0.0013397281973913807,-0.004922589490140773,-0.0022971203972530193,-0.07115138390925034,-0.07372548377104282
677594,0.2416285696080689,0.01408249563048744,0.17794061589190618,0.1265566705693897,0.23146315533842673
677595,-0.12176342649649581,0.0051351657031621445,-0.12729402492984984,-0.11494357153221652,-0.21138495219943568
677649,0.05280835901382893,0.01490620720032368,0.2261135617004868,-0.46214639744145325,-0.14196910639014887
677800,0.03594202112627204,-0.041669282375885956,0.17197546731761276,-0.46311457064142936,0.6091083421474557
677870,0.028773890887553374,0.015964058399450736,-0.080352023875322,-0.02469488332937515,0.08875840063369896
677941,-0.014951794147764633,0.00789210577654092,-0.005519240401714187,0.03301013380584432,-0.04494038623800183
677942,0.07920009013681,0.00214908055874859,0.07308149897282257,-0.03972939244370727,-0.1759453181900293
677943,-0.012491197439290254,-0.002473371730169584,0.03094373020195453,-0.06372568116943884,0.2052701185431476
677950,0.16508506897166791,0.05001885803241959,-0.09563969674250677,0.47432379297738875,-1.17561980657482
677951,-0.40020558854597366,-0.07962745272934131,0.20943666102996014,-0.8548640174849355,1.758962813402512
677956,0.04273736513080696,0.024596342500144155,-0.07970637211140351,0.32729838446103104,-0.28595950568355893
678009,0.10238546180023164,0.018223183888668806,-0.16691859133016146,0.1217281358961902,-0.03689756282382474
678011,-0.02180693741174641,-0.0011552341955637928,0.008178175695534421,-0.07984087226757099,-0.033262220954854226
678225,0.042574763734941276,-0.0005357236213501435,-0.07077942529626023,0.08722253576890503,-0.20915189482713709
678246,0.04816714711521923,0.03691167101089932,0.0037526408600424533,0.30937432906957835,-0.7446591865726547
678391,0.0010133860518089994,-0.004251333238391589,0.03513124065825176,-0.053939816979322784,0.09734598806451825
678489,0.05045491907027206,-0.0038915038805518148,0.11721515136954787,0.10867561432708905,0.3823413020480077
678554,-0.16590910055856825,-0.01072167805745834,0.010655575021509866,0.36318699123214143,-0.2906423658781912
678662,-0.13884294808256759,-0.025250719440674762,0.008633700776234049,0.16574154126330418,0.047337305553407164
678877,-0.1298629848529432,0.028758856210030836,-0.22891254134666364,0.3363307381165824,-0.37113168564004045
678882,-0.11989791100842809,-0.024721746611318318,-0.12211155918206754,-0.5569092705732975,0.5358756175489992
678894,-0.0314786756671363,0.007943423688353716,-0.11556934710584735,0.3473639839606036,-0.16864833895825718
679032,-0.10070501358188166,-0.00600514647512719,0.04896193378010879,-0.10664140813479611,-0.041083909370264585
679529,-0.020192387347734087,0.01422334776466362,0.16875050682879805,0.06360929678579853,-0.17085215193078496
679822,0.01814850626800121,0.01859920687438741,-0.08594585675227397,0.35484900275618814,-0.23988205654359615
679845,-0.1874792002402833,0.01667259044129099,0.054934387370428786,0.037518389955527906,-0.016957942295703268
679881,0.005416444850012154,-0.0023905592922699717,-0.00343010681774669,-0.09017637551064916,0.07468307606802435
680118,-0.03759247942842355,0.0018600875918178279,-0.05419469460240509,0.053304128097835586,0.01441197039238825
680474,-0.06560436346862758,0.021772674970063046,-0.07478948693696842,0.6850955903043179,-0.8090683013376287
680574,-0.003021746546748858,-0.039186646919986495,0.20730060448607765,-0.9400542145645919,1.1827853210278312
680577,-0.05205697908949846,-0.005620120965182553,0.06455655407955294,-0.03629287010162023,0.18626406867064282
680700,-0.03681945206127985,-0.00046523872229300994,-0.15084612694295332,-0.10579357746756257,-0.025093559223242197
680716,-0.08575743878586427,-0.012133134347612639,-0.006494809753048721,-0.11556669801707746,0.26428251507688505
680718,0.246812682652715,0.002005542824573536,0.23979941756138454,-0.0735798378124492,0.46763256667839515
680728,0.03304554366510976,0.018028712146926622,-0.0952599398628548,0.5361165419076714,-0.33261689658872184
680737,0.08148811095790012,0.002216038677265145,0.024060256196786492,-0.028411143235572936,0.09024986417766762
680757,-0.064966318441938,-0.0050699979534344465,0.36944801828211704,-0.8196367467942659,0.33207616260307066
680769,0.0065539987205256965,-0.00013679311997440562,-0.03154337670203714,0.04416506048535408,-0.033558369765725224
680776,0.17861743915592554,0.009519451060325172,0.15364616633333836,0.008834109799776845,-0.06231360128181509
680777,-0.2528751024709884,-0.08950392139895863,0.22065253504419027,-0.5190631916714362,0.9541681699300096
680779,-0.142752751329204,-0.03325044973581152,0.12704652427413737,-0.12424551552064866,0.516312440927077
680837,0.01110788087909109,-0.010141587176632652,0.035867325728692376,-0.09808862963840848,0.21328141073028087
680862,-0.017032225998906313,0.0032163407025764816,-0.006229373384893454,0.035794980173584665,-0.06873488852041425
680869,0.09746816790867359,-0.030734131555080212,0.17797154358482634,-0.46389550949458885,0.8489266734757918
680911,0.03427108612611134,-0.009223159118303155,0.10214487195964615,-0.18543079337432986,0.08570476172770758
680977,-0.12810313722517586,-0.0460217234214516,0.15645732412228436,-0.2760172244693426,0.4851326594212776
681082,-0.36218363563019973,-0.06460843056016291,0.09783629116840284,-0.8029966447098809,1.084372946532228
681146,-0.001428728601941205,-0.01963346774166765,0.009033014025862126,-0.4011096337318435,0.36592233447575745
681297,-0.06357318336154645,-0.02946782092345822,-0.14439928639677974,-0.48537592825266346,0.40147605266407305
681351,0.07994780990032638,0.09088301268562282,-0.13779054808208085,1.5605938075026609,-1.633386902678872
681393,0.2815582163339461,0.0020466906790910675,0.07067169780636305,0.1592124578550237,-0.14307571188092538
681460,0.04596261802226059,0.005619260458311062,-0.04818324014165447,-0.03495888957588709,0.00951861723122842
681481,0.11055794383083384,0.012061082209643125,-0.0077180806102662425,0.37227392671158616,-0.25082089173212146
681508,0.0012013439933255732,0.00017149452895417114,0.004406680215300274,0.006896949289478053,-0.017571320327150818
681546,-0.017894836197957894,0.012744283549474492,-0.025925596933979108,0.13816663777958174,-0.11856254553955038
681584,-0.029444128931638516,-0.013475737138703255,0.026415730227197586,-0.23385891328911718,0.3190777624209058
681624,0.1620997439410734,0.0026857748964065112,0.17728953972062303,-0.0498649914315959,-0.032492549104012135
681715,0.002468606085873842,0.00434907543982072,-0.06972440848179678,0.11797404886834213,-0.10828640850621767
681807,0.051680981129432535,0.01063462023246259,-0.009129492104299993,-0.014780827208537232,-0.054109255175560755
681962,0.014317364742655962,-0.0011077939916688828,0.03659603634334823,0.008939527796219303,0.18307293554054407
681987,0.027459082788447962,-0.01090528710228229,0.08026854198926744,-0.1485609460424945,0.08073033140464349
682073,0.012678283323815308,-0.004274248736543482,0.009518989745688744,-0.02036073270357532,0.0330770733986518
682119,0.0012395281450167113,0.00047233346310792974,0.0021415764096081855,-0.005435621509386472,0.007641311432324163
682177,0.08789451824392205,0.024302806894207947,0.010099207762048514,0.4064024210803585,-0.21957708928065858
682183,-0.06424442387964888,-0.018993066900351754,-0.017759506452989827,-0.2465503521833601,0.23777800915966277
682515,1.2823951022494016e-05,-0.0006555206126084893,0.0009718838732351666,-0.004742246297663275,-0.0003957404913361684
682617,-0.031274618608541964,-0.001470892239582163,-0.09892370390292876,0.1242374415269318,-0.11052623934840843
682622,0.11169783644372314,0.018893185572243853,-0.038691691039952514,0.1828662646520462,-0.08289726629931278
682626,0.06082077143775899,-0.0037849622873908566,0.0683003583629852,-0.110020929648101,0.09198846098289692
682634,0.0002663887055710596,0.004299201125355177,-0.04941696822845635,0.001731664004403189,-0.04689517831983776
682641,0.022370720547130272,0.017196679538126734,0.296504028110424,0.0469793582941976,-0.21634172745117192
682653,-0.05097363828994314,-0.013177559380751077,0.04860601130762006,-0.17376993732729912,0.37265697295532474
682657,0.023049927340803716,0.021050481967086018,-0.00792509505625573,-0.21672298234365928,-0.24890422841284107
682663,0.20918898799265495,-0.014967741535911029,0.07511168559590488,-0.17973469518530166,0.3471193598358907
682668,-0.106037222565504,-0.017096087287509176,0.005099631943414396,0.0839986377014777,0.21400140889858713
682729,-0.06258546415913122,-0.03070319620372235,0.037280927234814853,-0.12105501632579592,0.2492440154516807
682829,0.02480090431498352,-0.03875296019700285,0.21904644425414585,-0.642314613404131,0.9633164307439365
682848,-0.008783568992487726,-0.0014434388739599058,0.021508141403581593,-0.17425542755485732,-0.07538525100412607
682868,-0.07440465521916301,-0.019106849619407097,0.12061039853021156,0.06001627422031559,0.10748823786121087
682927,-0.022807834002758508,-0.011236501610063343,-0.03846572783880062,-0.20201499118961988,0.15923907134916596
682928,-0.09297130448881444,-0.010453230214856883,-0.2917195365426668,-0.4811727523246666,-0.09489326972625063
682985,-0.06989371646087165,-0.033595126242373256,-0.0243000382619064,-0.9070551463649378,-0.9184731182761194
682988,0.03246691523648717,0.0028084699808177244,0.026584844645734785,0.04996723901014387,-0.12910159138039812
682998,-0.012145082560892561,-0.03998521736583793,0.03511135156459052,-0.21936251848902857,0.6198872057503176
683002,0.22247576606261218,0.032293465642737475,0.029615179970325714,0.6293608371086569,-0.4062426767169261
683011,-0.017113574649163184,0.03639574352502685,-0.29621132980272075,0.3896063911067298,-0.21340542573277346
683021,-0.023649113589338355,-0.008917262300973658,0.08365254122629794,-0.06200670709579847,0.014907913690396
683083,-0.07060453743616746,0.017611811146842855,0.1371711407699895,0.44046228207527127,-0.425491091547172
683090,-0.02375174451229759,0.010895436658276376,-0.19711166904001598,0.11319611746492134,-0.34806339753307036
683146,-0.09031016567180265,-0.026920848714764793,-0.0237957417280409,-0.5008656251872555,0.36843882154390334
683227,-0.009667811162878483,-0.01760924251866603,-0.02617259905512805,-0.25061333800440105,0.27500919391078116
683357,0.01604311822741012,0.01692374103528722,0.014947305200955214,0.1598401316823551,-0.2146340236186414
683734,-0.059604322972590267,-0.04357435366623779,0.17417635331184972,-0.5899082213670935,0.3717032112523168
683737,0.014735723938540368,-0.0499713397673477,0.1698957166149223,-0.9421817181006816,0.7344668768953514
683748,-0.009667301096677282,0.0015849253752093248,0.026729556219077112,0.031853182381558744,-0.044212259518553586
683766,-0.07684736288727763,0.0002538285966407151,-0.04884769821049373,0.04415293109647844,-0.10420654038867545
683770,0.07060232792260843,0.005632274016149808,0.017364338386745327,-0.016557859322072238,-0.027980522389204125
685301,0.043558612756511794,0.003684893906336463,0.03159698417402996,-0.0003067003855225602,0.0172403356654004
686217,-0.04373350676907863,-0.042997021653388076,0.20359668158165292,-0.4246089896496226,0.2953936607938973
686452,0.015400827458703754,-0.003878952573922498,0.12799270456669523,-0.24711979406454923,0.07083255320119451
686469,-0.15259802076344803,-0.008169195054622729,0.1797628849005359,0.15967530128843263,0.13946059504733313
686475,-0.024990156483751434,0.006784119641570881,-0.037805790250273114,-0.006159740538014113,-0.04717927222716086
686482,0.01504510073941183,0.0005448259565430574,0.03644274450381319,0.050494043631250214,-0.18206820807902618
686527,-0.10905443382356617,0.007836520684129178,0.024916310473759595,0.10078380733059755,-0.1443961073928354
686554,-0.08820796121762035,0.014509349551872802,-0.03612962265961473,0.09175190533387088,-0.2503128690658979
686555,0.0527487938095588,0.012189129715126017,-0.2711426306040829,0.24695706971945564,-0.2461901404638562
686611,0.06818761190250643,-0.01463545029919706,0.22149138829743972,-0.5203529017181646,0.5744576732842799
686668,0.21443113501343905,0.05337234319233169,0.06856830032741787,0.47517288670776336,-1.1687650535248442
686676,0.03527018117362696,0.010098638243377641,-0.1591874420724823,0.029919216395127034,-0.381308816791409
686681,-0.15164349692525825,-0.010818171665427378,0.10193869161095231,-0.05527912474928648,0.13088183101520282
686765,-0.13376794753274043,-0.005903438466010329,0.10597268551087498,0.02927443179748257,-0.08961994401744786
686780,0.12229936007789559,0.07781294580874462,-0.4028522758512808,0.9986243263017923,-1.1732448195793148
686797,0.17676466234156316,-0.0082925304731493,0.0630005887528495,-0.34955648800266736,0.3772582661439977
686823,-0.004675970437146563,0.013913927215446572,-0.21534683122327997,0.5701045201947355,-0.11341333600491907
686894,-0.000980665392471849,0.012320973448066482,-0.0033758879774694766,0.16073013471331318,-0.23184539834877932
686948,0.023296374768303964,0.016801092504334196,-0.053604670330807305,0.16467064276072413,-0.11250321434742436
687093,-0.0016495146444144891,-0.0006118559008087332,-0.012872829659841033,0.07589840876183342,0.04604186910294651
687221,0.04151961261463387,-0.0160101087864555,-0.07188096706880559,-0.2849670379604601,0.20807133904053635
687231,-0.16908374619789174,0.0035889150641915373,-0.11797725319013062,-0.02391936170275354,-0.3547610905176387
687263,0.12997649082585136,0.019091670838748007,0.10283607183987774,0.2739075556079454,-0.4951550836175678
687363,0.07027016307181112,0.018991050149666993,-0.07435140185654845,0.3493939487835296,-0.016753531331301193
687401,-0.29856563511901923,-0.01692682426334259,-0.38206937805975905,-0.1433668857841642,-0.1848837702388519
687462,0.13587458053777596,-0.022944724948669,0.1432352573777346,-0.3505736151498625,0.22488754896221957
687515,-0.05701769123163942,0.004141831660559747,-0.25632776778014815,0.16897471001384545,0.09256875512358193
687529,0.01154318278002869,0.01991853846915606,-0.06982595844741937,0.3168139927450593,-0.3456306277637506
687551,0.01653290159157946,0.016251659612823745,-0.049513832379555554,0.09327294104783465,-0.18668946749060042
687597,-0.054353623928184616,0.008879847670490977,-0.046967740725305004,0.37400304344660706,0.03041713379924679
687637,-0.025204734556340962,-0.0035398400541828265,0.03730571527982509,-0.1014715910820365,0.058659982446743905
687799,-0.0012907321351395141,-3.1085137328283115e-05,-0.00613927682802246,-0.00010667419790253774,-0.0007114674519027438
687859,0.005859634137072468,-0.0039816157760408175,0.03507822311624108,-0.049045851211675234,0.09514540951049417
687952,-0.1338806423155483,-0.024561422078343,0.10880236775626584,-0.21277723747583316,0.3372906148127947
687957,0.0022922593721041483,0.00043116731912004255,0.0015602584098701867,-6.766599304199154e-05,0.006893374903801012
688363,0.02585580312834791,-0.025025697616712254,0.06467870322265605,-0.5710143729466911,0.10612095184931003
688760,0.03066752377275185,0.008179654017835176,-0.026534482546297825,0.1702830486213626,-0.21214889326229733
689041,-0.0005016326557603126,0.0006070451491298418,0.0019817878411519784,0.00901550682832734,0.0040838916456001646
689172,0.0706384949043081,0.01676397048968024,-0.14927261475213058,0.2238017575027823,-0.45105248398603504
689200,-0.030323199460541853,-0.002897501045268635,-0.025391090103419306,0.009600966592503972,0.2114441515951619
689414,-0.05291507541954947,0.014080848737666211,-0.18247817259781368,0.18009251869493967,-0.13111535152941042
690022,-0.07836065519786611,0.011780257043193835,0.2401788570538414,-0.05393531873543245,-0.08276665037546001
690291,0.07467401948689767,0.043561505233923055,-0.11210972427749956,0.6028489056014763,-0.6627089533999355
690924,-0.021837858363718272,0.011775018024398115,0.0059232757233430655,0.14663184181985583,-0.21445585774691972
690976,0.03296981251666864,-0.0033500679224238664,0.02844290962301722,-0.0779059559882411,0.07421286071705788
690987,0.0019259413313634404,0.003829714397075318,0.0237966463711193,0.011642617555039364,0.035108909912534014
690993,-0.17437857491661393,-0.010064571663567973,-0.09638691910683006,0.11616622472587265,0.09950933401285228
691011,0.0016447675193708424,0.0016903650123150345,0.14802899623434426,-0.027164821080145733,0.07649836495898057
691016,0.05626725466280376,0.002046185881515851,-0.11895618836336094,-0.1678403557237886,0.10265829057739141
691019,-0.030581420579229402,-0.04212706336269356,0.13589244023800212,-0.5183285672757023,0.13432127950314462
691023,-0.007845652586987733,0.009427333156878713,0.0064353615836597695,0.077372206975998,-0.1156732662369661
691026,-0.33078405036463066,-0.028450661774555595,-0.1727526075412737,-0.10020487171302743,0.46168386864849115
691176,-0.01369889948393651,0.040036789075501684,-0.06919873931379542,0.639256817143116,-0.3886331929890637
691182,0.03498764610403481,0.02968028683512253,-0.07315547612852082,0.4572155293359466,-0.236984376011488
691185,-0.0010544707123004342,-0.0009557942553869295,0.005715308386313386,-0.000799677636993282,0.00664769984881105
691373,0.03727082252623196,0.011687708464683044,0.0024658669124843343,0.17460897886837695,-0.07339337405340987
691406,0.04284143464927693,0.035949565745393236,0.07964650928062113,0.14362241758147778,-0.5486051119164037
691594,0.022203733732143304,-0.006292720630268057,-0.11770475281606509,-0.0005552142123270785,0.0036202372378014054
691718,0.3184618875099442,0.06140028276567339,-0.014521981349594848,0.5928293921305643,-0.42673404551092736
691720,-0.026697110899456925,-0.012049491716422984,0.00733476262665744,-0.21123415414343746,0.03488591549013176
691723,-0.1095904240431836,0.002315614135655045,-0.056534449098404424,-0.018396053769062608,-0.284900316315544
691728,0.012936464632767406,0.007527515495829088,-0.012177889600937308,0.12082579456840915,-0.1251256738358911
691777,-0.002829747028226079,-0.007705766047456758,0.11104397991567572,-0.34869106825539964,0.07990119862054965
691781,-0.02861887025252747,-0.0090594625722169,-0.0963141005173117,0.08552893109316995,-0.029524044332669752
691783,0.025647386343134793,0.01344376057651943,-0.017895196484406822,0.2155338521278557,-0.34692309521809367
691785,-0.11091597822215057,-0.020143131106894308,0.08247881740167318,0.05270989760210608,0.1376788723961122
692216,-0.008201254009527838,0.017181341954438552,-0.032306978271317434,0.3428522648331038,-0.3545610277954425
692225,-0.005373221043350146,-0.057167463350528,-0.0332825450878912,-0.5949718537136786,0.8410385155046921
692585,0.010398801785753033,-0.0008912011421126761,0.012898262355754676,0.07487221231458203,0.12286134316332208
693049,0.029916558440572436,-0.0030048263283407616,0.0032275758672070864,-0.13970036199126432,0.09984078529504281
693304,-0.0543119474549122,-0.027606957490213857,0.08789924182695495,0.4432535213569674,0.17976419130445356
693307,0.09960446154896732,0.042968524803701634,-0.09712940268069248,0.3907058657506439,-0.30846800756661785
694175,0.02193248165158493,0.0020945295420077763,0.0763655457337243,-0.030755245858182283,-0.061181749355654735
694192,-0.06329150350844868,-0.008622363738095457,0.14158182898040153,0.35576191361157317,-0.8038163199833563
694203,-0.10105603717251756,0.007114351723888125,0.011651399475325376,0.09829484008231126,-0.11614361877706869
694208,-0.07093994391084742,-0.010610622951582528,-0.0589094988935791,0.054350118601410986,0.14727189556244633
694212,-0.005223628359328026,0.007512901672997085,-0.10686124071778703,0.07923824102600754,-0.024432286909481255
694359,0.06857076530355284,-0.010815628559079265,-0.08468422632994577,0.05324519027903016,0.15575257361231282
694362,0.00270168060964092,0.015653207830833186,-0.0018814175362103951,0.277109906879681,-0.18823280359895586
694374,0.0584010896171534,-0.010276561348382979,0.03543365137934768,-0.2611084521541253,0.1332186979301338
694376,-0.052157556841028616,-0.0053476632312279134,-0.007180603431813154,-0.0005901103531881261,0.07470649832451925
694377,0.04787881063275772,-0.015389895920819803,0.09837122582528633,-0.054508248831520875,0.19030565543670028
694384,-0.15055886198183174,-0.04457376436839156,-0.1137479849403294,-0.5122417516578242,0.10016925927759271
694388,-0.008742308142175591,0.014685460364747206,-0.04839224278576634,0.14119295407002164,-0.13364163495340292
694497,0.042568668051066606,-0.01260139824558717,0.04259918103274482,-0.379299621184778,0.18251078482323357
694671,-0.264557409001953,-0.04827897132498033,0.3548791409868079,-0.3983041278861861,0.320614510642758
694728,-0.024832529293793995,-0.009132641159191214,0.006122822013661049,-0.03772939594132415,0.1675769673883971
695238,-0.0003959995291630316,0.0031219794956726123,-0.04505419937690568,-0.0005985979976368691,-0.09935309686434436
695257,0.0367108273314122,0.010648440335788647,-0.0018292681016344385,0.16908065662820437,-0.2684487308689877
695336,-0.042577872114273496,-0.025313297147001108,0.06074777192669134,-0.4633740831811881,0.20945947382798882
695391,-0.06408361905198369,-0.01751863413657757,0.02420772978989507,0.021784474599447285,0.2440687127228417
695506,-0.049365050644825714,-0.005635264019393423,-0.05848408553630612,-0.10631240976780977,0.018807297832422503
695578,-0.14485160475271167,-0.0067751235200598095,0.170817475317344,-0.37587456333776964,-0.15184396639888806
695600,-0.011211867007598578,0.018358808265354604,0.003351718113114546,0.24973593557103202,-0.22325100625808128
695657,0.13109696715341115,0.0036950471300636494,0.09782806088979756,0.0022495442207193152,-0.04923740467907433
695670,0.04092823533626887,0.013208317721859505,-0.004778810380521008,-0.0038677505924807547,-0.1166866571315607
695681,0.05059113807539698,-0.0049548363764751096,0.0428636455166741,0.026225966113437717,0.010043807658480229
695734,0.1320853565559454,-0.005797860594218196,0.047509712538148466,-0.13499705365612705,-0.16666218163507068
696030,0.05466288443571467,-0.0025056436764510533,0.11598431585067397,-0.15793931977915257,0.25021225143770076
696100,0.06724313382545925,0.040507762051816776,-0.19454142743618266,0.5483897707048221,-0.5125200840421389
696285,-0.09692298698493947,-0.012512048509353045,-0.07930616666732312,0.18387240732286708,-0.14302043905915018
699625,-0.007431666639952835,-0.0024209649395067457,0.012781590085277744,-0.01100943196735729,-0.059267949765342165
700242,-0.056429246451682076,-0.025329478196755534,0.04659312314524974,-0.2265583144758768,0.3232945312951548
700246,3.9608260286058675e-05,0.013620248041702384,-0.045820299134662956,0.28663140291781225,-0.21485958285300372
700250,-0.11446275435952337,0.0396976342379431,-0.21130997347273292,0.6072841305494462,-0.5771260679509823
700337,-0.12458009544713534,0.008316909588245129,-0.11293182283239042,0.3350788101573605,-0.35828695557377915
700932,0.03868974629267298,0.01708803203744407,0.08565325372109353,0.2888196664526508,-0.13166432260636027
701305,-0.03224888734742061,-0.04132304759084407,-0.08097834610402366,-0.6580476424990959,0.6063224268590427
701350,0.013274005618563187,-0.009182122744698366,0.07529527608648379,-0.2563848964102682,0.2887661891086252
701358,0.07238749415365894,-0.03151777813224763,0.06997854358921532,-0.5565294381672039,0.6545099289840532
701398,0.07036887590801935,0.0038460092880805738,-0.03007882892545518,0.11247621542430805,-0.07442232938332367
701538,0.16350502073618398,0.04759524778117868,0.08087755272827374,0.9077131422889901,-0.37581690748134533
701675,0.08423078051986078,0.01855386422569294,0.014658146342442436,0.13753484042512096,-0.09043337752454558
701762,0.0831788770975803,0.012876453389059468,-0.15808656631602738,0.07797783638240634,-0.7040712046643142
702176,-0.017132488771383764,0.014172869624109569,0.12179301663897167,0.2203290013255939,-0.11466652778331185
702284,-0.14276835924993725,-0.03082352839734961,-0.15360103836438643,-0.23312100451407625,0.17832943161893403
702332,-0.05540576860699478,-0.0963125225493171,0.2593981898026243,-0.7967748235488957,1.4379448193833027
702358,-0.0854713803100508,-0.018790843756319685,0.025843085969132745,-0.13983463235868138,0.1251061328478995
702616,0.25756169149032165,0.026501253105454495,-0.11640428360748714,0.23459411822693063,-0.1595722691315791
802415,-0.05877246554841388,0.03738211494523695,-0.3618216037346543,0.5205766708556295,-0.7534654425437213
804668,0.053898156876910575,0.008688145289856626,0.051044679617931264,-0.03392747905637557,0.17736641323462599
805249,0.09365503730989508,-0.001176465335566445,0.1455292982335574,-0.005373221193087552,-0.06403487243029102
805300,0.05455819621572144,0.009598074497542736,0.003094454057727856,0.3185333771582936,0.09549216211235179
805367,-0.02386383719043328,-0.009674828301041239,0.11513638777375665,-0.14410650797016067,0.09777452708745943
805373,-0.08462205937647678,-0.018013767082617732,0.03426969889986499,-0.23074766763016064,0.3187649005943004
805779,0.12591452592203847,-0.025822010290453615,0.05681987938498701,-0.09420226955951591,0.0525735388621872
805904,-0.0037308291985551087,0.00031395961457523786,-0.046106174703650395,0.04028325991148407,-0.04827887942655382
807712,0.09939097292182322,-0.0007503435241129958,-0.028520601970635637,0.009812443789484092,-0.04591355679305281
807713,-0.018825707965375714,-0.0592909261747252,0.29818751373503277,-0.5966856325515802,1.0366529410263898
807799,-0.1002028539077023,-0.03031897486849058,0.1076760716680849,-0.5205278649595867,0.9491190906110795
808975,-0.026660370443036395,-0.02907783295434066,0.2145619303223044,-0.7023329871413303,0.298862951614291
808982,-0.17025485632712195,0.01334207177812282,-0.13864333776353044,-0.02506385909789501,-0.21926712591376454
810938,-0.07629699628005521,0.012333985702846684,-0.2908115361256749,0.14511797398432622,-0.16386348229941822
