batter_id,n_swings,mean_disruption_tax,mean_distortion_tax,mean_selection_tax,mean_distortion_share
668845,272,-0.011923598574793928,-0.002753825569351517,-0.009169773005442411,1.3834739302171224
666464,325,-0.016999086346761644,-0.002325155795415853,-0.01467393055134579,0.2638050990768451
607054,256,-0.008401633833150178,-0.0023063181095650484,-0.00609531572358513,0.4371299148764468
677956,188,-0.01177342901450803,-0.0022924055646985214,-0.009481023449809507,0.27761996475684286
622110,144,-0.018333861684742332,-0.002089421651214841,-0.016244440033527492,0.16793631110816928
664057,56,-0.014200325994392622,-0.001986944321471975,-0.012213381672920645,0.35671188796401204
592348,54,-0.015568679848246466,-0.0019589434320164164,-0.01360973641623005,0.35679422341000294
682073,88,-0.014722959337470193,-0.0019387866821357173,-0.012784172655334476,0.22930710948402194
687637,209,-0.01351045539130869,-0.0018624529636796744,-0.011648002427629017,0.24903077393001366
621438,1478,-0.007921465961698524,-0.0018535812650255128,-0.00606788469667301,0.49710567169220826
694497,640,-0.0130897767152793,-0.001840724668740133,-0.011249052046539167,0.2705579376698132
691176,1013,-0.006963345252346696,-0.0018339701014681432,-0.005129375150878552,0.8532673303818448
671289,1438,-0.015277818545321351,-0.0018164905667438162,-0.013461327978577534,0.280475193868516
682622,1284,-0.00822542196372265,-0.0017658329205293398,-0.00645958904319331,0.3003655264967612
665833,1810,-0.013615915407033875,-0.0017461268181467916,-0.011869788588887084,0.19183358744236453
672275,1982,-0.007736054089444912,-0.0017055082945843301,-0.006030545794860582,0.4839314953479911
687093,201,-0.006515954608901597,-0.0017044154350332997,-0.0048115391738682975,0.37140740724271565
669289,1381,-0.010286875311100781,-0.0016971187833997427,-0.008589756527701038,0.47501691985869715
663538,2569,-0.009542354831190045,-0.0016698937422295716,-0.007872461088960473,0.5314495494592555
664238,1401,-0.007166331061539752,-0.0016678565974903785,-0.005498474464049374,0.3709117730526359
595956,97,-0.007819713739834316,-0.001643654970020536,-0.00617605876981378,0.35669306740377177
666703,150,-0.00753339327150279,-0.001627709142666937,-0.005905684128835852,0.3485259193121258
671732,2114,-0.011982516118215682,-0.0016097503560055784,-0.010372765762210103,0.2873202760537687
677347,419,-0.01694498114356147,-0.0015951295672630404,-0.015349851576298429,0.14759433805834407
701358,943,-0.011700149374048471,-0.001569499502077902,-0.01013064987197057,0.33888454689631986
644433,114,-0.009037978998240898,-0.001564402415557893,-0.007473576582683005,0.42302041152509373
666906,270,-0.012096960395670455,-0.001563079766583625,-0.01053388062908683,0.5320834914975688
605119,67,-0.005859429176029136,-0.001530143664411008,-0.004329285511618128,0.2980640678636744
691723,566,-0.00861669589432376,-0.0015265841371672382,-0.00709011175715652,0.3099854518754328
680911,181,-0.010606021187147272,-0.0015115948316016142,-0.009094426355545658,0.44330414121807843
623912,790,-0.020000339621170003,-0.0015074285994829061,-0.018492911021687097,0.1062031995748104
643289,1847,-0.010284781092159894,-0.0015001504198858546,-0.008784630672274038,0.6923161621732229
643396,1695,-0.00851391266461266,-0.0014973907829600377,-0.007016521881652622,0.6450314549091254
593934,152,-0.008297829022146,-0.0014804779813236732,-0.006817351040822328,0.5487109415407039
678894,542,-0.006867158310934316,-0.0014782441851673728,-0.0053889141257669445,0.5922796108337026
677594,3039,-0.008350212719791682,-0.001453694459303646,-0.006896518260488037,0.49305825559913213
665804,986,-0.005771007096979286,-0.0014485674283750678,-0.004322439668604217,0.29221711435617514
660707,793,-0.005047100719236843,-0.0014223259369642097,-0.0036247747822726337,0.46280053903210927
660766,520,-0.005127066179639271,-0.001415262756068421,-0.0037118034235708495,0.6167511236574246
681624,2023,-0.011883212675837012,-0.0014151010409179329,-0.010468111634919078,0.1595319747160059
680757,2186,-0.01658580597294187,-0.0014147713864104488,-0.015171034586531424,0.19888484189930233
541645,153,-0.014255552244131168,-0.001412115238990078,-0.012843437005141092,0.2779907383529091
543068,163,-0.006510950561529204,-0.0014111354255034584,-0.005099815136025746,0.5300175027129018
693304,1598,-0.013114135313536671,-0.0014090215855243886,-0.011705113728012282,0.17263899444690886
640492,251,-0.014730948739755712,-0.0013826803530670752,-0.013348268386688638,0.14677389104628924
656180,902,-0.009514335483827166,-0.0013708035533449344,-0.008143531930482232,0.24501825212177458
671286,199,-0.00272780422836221,-0.0013686484359392735,-0.001359155792422937,1.5071585887492809
666160,2060,-0.008245543219933314,-0.0013667126234450711,-0.0068788305964882415,0.3625869906910679
664954,100,-0.0003912058234569437,-0.001355276828161818,0.0009640710047048743,0.9824129695821426
680716,100,-0.014352144545529428,-0.0013446692498214974,-0.013007475295707931,0.41523615943469333
701538,2034,-0.0071979750907683725,-0.0013360144080410427,-0.005861960682727331,0.41431121564044315
669016,1803,-0.009627859921924393,-0.0013098481985080554,-0.00831801172341634,0.47964865539520113
702358,347,-0.012761847384144312,-0.0013077890040237826,-0.011454058380120527,0.3637121907254707
669477,1020,-0.010319628642086711,-0.0013000396246411836,-0.009019589017445527,0.1739705391645998
682653,273,-0.010322931514236055,-0.0012972149016421126,-0.009025716612593944,0.14214717115843967
650859,1894,-0.008744669753441136,-0.0012843008902211261,-0.00746036886322001,0.5343622581046126
663609,289,-0.009677171919177925,-0.0012750560645316805,-0.008402115854646244,0.15175626801276573
666198,170,-0.00559558962198269,-0.00127313050788918,-0.00432245911409351,0.3313045201610429
668885,627,-0.011683615730269208,-0.001257189457092972,-0.010426426273176238,0.12421264061369931
621545,192,-0.005841886450674264,-0.0012525293835752016,-0.004589357067099062,0.2916999830535858
678225,414,-0.015172525208890493,-0.00124852965576532,-0.013923995553125172,0.1612032581323166
805779,918,-0.010382307250544719,-0.0012373974420131788,-0.009144909808531542,0.45919532174833594
695506,423,-0.0031863150322764882,-0.001236087019562974,-0.0019502280127135139,0.7008864320891703
683090,118,-0.007328203469153608,-0.0012263516488945578,-0.006101851820259051,0.5048006312865464
810938,553,-0.01161938718866885,-0.0012182464407198103,-0.010401140747949037,0.52776269828803
663662,407,-0.00668122027960638,-0.001202338034358067,-0.005478882245248313,0.5288976375146136
605137,2475,-0.006868159076439589,-0.0012003296727323147,-0.0056678294037072734,0.22913870777194834
643265,550,-0.009546249026008948,-0.001189295349731608,-0.00835695367627734,0.24280728767114437
676113,137,-0.01572884648770182,-0.0011885323916896405,-0.01454031409601218,0.32774786390732447
665926,2410,-0.006208821020924097,-0.0011806571628426728,-0.005028163858081425,0.5665674091796994
641313,1049,-0.018234671184214006,-0.0011794482601987064,-0.017055222924015304,0.11559685076402644
671218,2199,-0.006305280493615932,-0.0011726458425100584,-0.005132634651105874,0.3909458756511545
663898,1382,-0.009151980728444862,-0.0011708778107075001,-0.007981102917737362,0.2622176796456883
682829,2736,-0.006373095489832779,-0.0011687034305360392,-0.005204392059296739,0.3625259550696259
669127,2267,-0.003598346628247684,-0.0011632727965156802,-0.002435073831732004,0.44663608431925766
695734,652,-0.010825785463421415,-0.0011547902313608547,-0.009670995232060562,0.14026286538489557
595751,118,-0.02063616575623512,-0.0011448511395520055,-0.019491314616683117,0.7028330435596265
660271,2834,-0.0056522748267981825,-0.0011432371232218768,-0.004509037703576305,0.23154566610499636
680118,354,-0.004864446012326843,-0.0011369011849610236,-0.0037275448273658197,0.4100160612521201
608671,582,-0.02321604420658503,-0.0011313045943220936,-0.022084739612262934,0.07223326426457938
672012,117,-0.005254006062011521,-0.0011259058698905016,-0.00412810019212102,0.7987064492717535
605170,1253,-0.007356279656721918,-0.0011046181227366738,-0.006251661533985243,0.2747343644340076
683734,2281,-0.0055523652729304925,-0.0011030204234288438,-0.004449344849501648,0.5929026393423822
676059,1630,-0.002680139813642196,-0.0011014724398595726,-0.0015786673737826233,0.7997486511317259
679845,651,-0.00284353512644564,-0.001099958307173814,-0.0017435768192718263,0.5251033956698257
666969,2732,-0.0042804165255455546,-0.001082093246511041,-0.0031983232790345137,0.4097942019662348
694374,384,-0.005534221006249763,-0.0010748875665296503,-0.004459333439720111,0.7106004399676807
680769,52,-0.003573668208112532,-0.0010674873830318538,-0.0025061808250806785,0.605648806260619
673962,1507,-0.01102001979320573,-0.0010571093994839003,-0.00996291039372183,0.15424372747167686
686475,98,-0.007751978032999513,-0.0010487522875369856,-0.006703225745462527,0.1780563497863939
666310,1763,-0.0054296636039157745,-0.001037724589817611,-0.004391939014098164,0.41871393116355393
666023,1573,-0.00786257752870007,-0.00103139840718678,-0.0068311791215132905,0.4785341613507939
578428,1104,-0.011779901332052794,-0.0010110989696056798,-0.010768802362447117,0.27147521341570313
518595,1305,-0.007522634763067656,-0.0010097384626171842,-0.006512896300450473,0.1904874793635542
808982,1204,-0.010153832809767319,-0.001005913248804884,-0.009147919560962434,0.26338306660825644
678662,2859,-0.006328091319542074,-0.0010045251299592485,-0.005323566189582826,0.6203630367209563
518692,2928,-0.019216881068659365,-0.0009916343747968187,-0.018225246693862548,0.06152996792567441
687231,534,-0.004079003860850582,-0.0009791519791119995,-0.003099851881738582,0.6222172386382792
669392,82,-0.006395360112795918,-0.0009777033117147865,-0.005417656801081131,0.36971037295887105
666139,2230,-0.009622267987115855,-0.0009718662293372814,-0.008650401757778573,0.2872885169904071
596103,807,-0.012388825147632603,-0.0009699622059635351,-0.01141886294166907,0.1855940529939737
571448,2211,-0.0026782629094873212,-0.000967005686079488,-0.0017112572234078331,0.3554363518862986
605141,1986,-0.0034839336235670862,-0.0009644619135869497,-0.002519471709980137,0.3087917462393064
596129,276,-0.007686325178350132,-0.0009614746526926642,-0.006724850525657469,0.16293870504556637
669369,229,-0.01111121796152543,-0.0009584353046319594,-0.01015278265689347,0.09451857167055683
668723,132,-0.016914551516706296,-0.0009581542424432778,-0.01595639727426302,0.08440133182027172
676116,522,-0.0036413714197589264,-0.0009423395357142304,-0.0026990318840446957,0.7280010519123914
682985,2664,-0.012535103156799919,-0.000936380870621256,-0.011598722286178663,0.13129804506646622
642133,1305,-0.010320151540202818,-0.0009320152599052495,-0.009388136280297568,0.1230203327578476
663837,1583,-0.009523139366774278,-0.000929079520505709,-0.00859405984626857,0.34165071644644734
688760,127,-0.01252160265266615,-0.0009258950881492575,-0.011595707564516894,0.18036672077855623
542303,2703,-0.007550045742733254,-0.0009212855670870705,-0.006628760175646183,0.24946182039879725
641511,142,-0.008521252291602579,-0.0009197382472661993,-0.007601514044336379,0.2597747237855327
641857,2751,-0.00686326806015553,-0.0009142818049176858,-0.005948986255237845,0.5859575777175198
521692,2981,-0.0031599941205835034,-0.0009114390168726578,-0.002248555103710846,0.5166886421923289
592273,975,-0.0026247155239251035,-0.0009086407875475493,-0.0017160747363775541,0.3720504236187092
624641,1290,-0.005793052366662278,-0.000904886388837259,-0.004888165977825019,0.6718363568310544
543592,74,-0.014730117173082685,-0.0009013190906817786,-0.013828798082400904,0.17812191534403896
621028,741,-0.01417521103868877,-0.0008975847256586643,-0.013277626313030104,0.15035850187316815
807712,275,-0.005839097964771061,-0.0008949243720031171,-0.004944173592767945,0.6210838258447516
670541,1750,-0.007795824602155715,-0.0008795214517695933,-0.0069163031503861215,1.3938564334810313
701675,125,-0.008706606228053285,-0.0008786384601819528,-0.007827967767871332,0.36125245533173855
592885,2081,-0.010971112015819602,-0.0008714694908964594,-0.010099642524923144,0.3082380526916173
605612,160,-0.009868530171003548,-0.0008705334454985022,-0.008997996725505046,0.10480748095691647
543510,858,-0.004110231132616675,-0.0008653780489477659,-0.00324485308366891,0.3816432553432227
701305,322,-0.006779829687434115,-0.000861965489563882,-0.005917864197870233,0.27970049749385884
621035,1025,-0.016810387270599393,-0.0008589339612656557,-0.015951453309333737,0.0636978466314084
683021,280,-0.013867880611368316,-0.0008583108715791736,-0.013009569739789145,0.3404007157993676
666185,1037,-0.008217348136288207,-0.0008534519173036987,-0.0073638962189845085,0.11638427345559794
624585,1861,-0.002354640040403125,-0.0008530810941057843,-0.001501558946297341,0.627342850756779
664314,336,-0.004162730480229355,-0.0008489815345201635,-0.003313748945709192,0.32245281268641124
672744,543,-0.007184855468789342,-0.0008476874652158535,-0.0063371680035734885,0.6414357857450766
656811,2218,-0.0051413245880348344,-0.0008411023909562725,-0.004300222197078562,0.613873344468584
695238,454,-0.007267567614751993,-0.0008370117884124866,-0.006430555826339506,0.5979096356851739
687551,177,-0.002779633429427296,-0.00083655766010834,-0.001943075769318956,0.41123697999992676
675961,342,-0.00714916395517396,-0.0008269251140306042,-0.006322238841143356,1.0660099456460597
680862,201,-0.007441666743632263,-0.0008252447791356926,-0.006616421964496571,0.37089449420407955
663845,201,-0.014684368690935787,-0.0008246403717413353,-0.013859728319194452,0.08809095977597983
673357,2037,-0.008166903928875775,-0.0008182576580443161,-0.00734864627083146,0.1185547595256644
669701,2162,-0.005247856678629803,-0.0008162897828272294,-0.004431566895802573,0.2655851907124056
593160,966,-0.009715095644710832,-0.0008145431781476686,-0.008900552466563164,0.36943218271386924
671056,1239,-0.005437584854981557,-0.0008132617933805904,-0.004624323061600968,0.5435324228415669
669003,517,-0.0073257666286585775,-0.0007990363090571904,-0.006526730319601388,0.22252596095560112
672695,1924,-0.0038513580925804633,-0.0007962291739561902,-0.0030551289186242733,0.38300681408182424
621043,1928,-0.00556755303460539,-0.0007934425615262431,-0.004774110473079146,0.4983574983195113
666971,2393,-0.002160324668122671,-0.0007813664299630973,-0.0013789582381595732,0.47157446279419324
687529,295,-0.005639361668859541,-0.0007796172610791614,-0.00485974440778038,0.8492010839041461
663550,292,-0.003393355861930633,-0.00077543871937069,-0.002617917142559943,0.8223425584881617
678391,119,-0.006024020174861294,-0.0007705944218287022,-0.005253425753032592,0.4653168471165432
682657,1196,-0.0019131190164863657,-0.0007633727645554463,-0.0011497462519309196,0.2229212902693376
695578,1602,-0.00969061178171366,-0.0007598833264674077,-0.008930728455246253,0.14592871150963777
680577,188,-0.009498904436625268,-0.0007532238719822399,-0.008745680564643027,0.415847570470452
643565,1723,-0.008286670650562822,-0.0007518320543904733,-0.007534838596172348,0.519122206794087
679529,2351,-0.0025004038303668803,-0.0007491501996068387,-0.0017512536307600413,0.33252385999557793
691023,1474,-0.002258440594440644,-0.0007484372574722636,-0.0015100033369683803,0.5024284596645504
669224,1773,-0.00437252598856869,-0.0007455666935466123,-0.0036269592950220774,0.18833449736528837
805300,365,-0.0035079607456766815,-0.0007404100031768098,-0.0027675507424998716,0.5031539703666972
571771,1531,-0.004880021292803408,-0.00073907588443391,-0.004140945408369498,0.8250855288307202
687515,258,-0.001101618819645326,-0.0007368798894812359,-0.0003647389301640902,1.3701254724752645
676044,147,-0.00543013194339385,-0.0007329011759981028,-0.004697230767395748,0.301688130213166
650489,2424,-0.0031882850515996693,-0.0007327463894418573,-0.002455538662157812,0.4925874973813818
666150,450,-0.007608906756866205,-0.0007316463705104151,-0.00687726038635579,0.22813703896797993
663616,1633,-0.0053392362099451765,-0.0007262725598081414,-0.004612963650137035,0.26989515842392303
676475,2279,-0.003833326234596913,-0.000719163196580902,-0.003114163038016011,0.3546980938902047
808975,319,-0.00868927343242057,-0.000718883196562023,-0.007970390235858549,0.19117215333140217
687401,1613,-0.006360202659773556,-0.0007187058226293707,-0.005641496837144185,0.46616026486073714
643393,253,-0.00641331185324621,-0.0007180886244845024,-0.0056952232287617085,0.6237439622872714
664761,2325,-0.0054281986326455145,-0.0007161058628273367,-0.004712092769818178,0.6522341503640111
547989,627,-0.01555323796534998,-0.0007105400733233646,-0.014842697892026616,0.09494122544973504
665161,2523,-0.005837170124057888,-0.0007101474892188173,-0.00512702263483907,0.34003599959949316
676701,356,-0.0016831579978025537,-0.0007073432465081568,-0.0009758147512943968,0.35601735496787135
656248,334,-0.005831531839942098,-0.00070205220928926,-0.005129479630652838,0.23882445338597952
671213,926,-0.011309978968536687,-0.0007016268815686371,-0.01060835208696805,0.06810963501644306
681987,149,-0.004326428144052248,-0.0006892252200970839,-0.003637202923955163,0.18982446911771408
668904,1567,-0.002864547611914902,-0.000685427763058933,-0.002179119848855969,0.3075515614915873
668472,176,-0.008895578001686815,-0.0006814329801722879,-0.008214145021514525,0.11652405240850011
493329,381,-0.0026260899601153976,-0.0006812259149170737,-0.001944864045198324,0.42871617812841506
656537,596,-0.009245221543257704,-0.0006800179907686702,-0.008565203552489036,0.27728614854760575
668974,82,-0.00018537203995941853,-0.0006694851932614026,0.0004841131533019841,0.40637169147156393
664702,770,-0.014252624556014715,-0.0006681939509193701,-0.013584430605095343,0.38373902409573646
656896,948,-0.00618662718955406,-0.0006594013086452755,-0.005527225880908785,0.27182025758162953
660644,697,-0.00236040574035658,-0.0006584412371697804,-0.0017019645031867998,0.593269589730259
691777,390,-0.0018693792918040737,-0.000657797565769972,-0.0012115817260341017,0.6758868730513202
543939,124,-0.0008649730129342955,-0.0006574437229228135,-0.00020752929001148187,0.4987325262952631
571466,186,-0.003326745988828792,-0.0006562359267197185,-0.002670510062109073,0.3607059047775164
650559,1750,-0.005207150307658093,-0.000654724450745671,-0.004552425856912423,0.20731582653901037
543685,331,-0.004350135903580402,-0.0006540131650832779,-0.0036961227384971237,0.4697542329475752
519203,710,-0.0027763948025942026,-0.0006447750645679863,-0.0021316197380262165,0.28914666578686293
676632,143,-0.007099807688599139,-0.0006423768900611341,-0.006457430798538005,0.11297983587078007
676679,127,-0.007950376959969483,-0.0006422205194144565,-0.007308156440555025,0.32331620462334315
642731,1235,-0.0017859313518337639,-0.0006401668268364578,-0.0011457645249973061,0.7700085243246217
641943,669,-0.006352236170571173,-0.0006389896348822263,-0.005713246535688947,0.4968955680844955
622268,53,-0.0038501936314863376,-0.0006350762057477557,-0.0032151174257385824,0.33345448511593995
687597,1350,-0.007784961437476624,-0.0006341605021921723,-0.007150800935284451,0.09170741966087613
592450,2551,-0.011507906706102076,-0.0006300587920733387,-0.010877847914028738,0.06644098942044942
666182,2010,-0.009559518069052081,-0.000627002130331914,-0.008932515938720166,0.6035280346439783
665877,283,-5.764983941831123e-05,-0.0006251389547636614,0.0005674891153453503,0.23061720800526614
677951,2965,-0.003861572246176751,-0.0006193784011412524,-0.0032421938450354986,0.45426519558627865
608596,141,-0.0010597821419444484,-0.0006171046912672904,-0.00044267745067715807,0.23533627292775763
686948,842,-0.005825791169387918,-0.0006138974941763527,-0.005211893675211565,1.1450383434448617
606466,2298,-0.0038924933433558155,-0.0006106611298278304,-0.0032818322135279854,0.584167744712819
663968,826,-0.010124061452380208,-0.0006041369429034644,-0.009519924509476745,0.3272911836171335
575929,1921,-0.004266844222819956,-0.0006025252327316387,-0.0036643189900883166,0.608307235396899
663656,1966,-0.0027013763918886037,-0.0006001979378695518,-0.002101178454019052,0.7444701576892273
596115,1702,-0.003913408456613352,-0.0005960753291657342,-0.003317333127447618,0.632518855500367
671221,863,-0.003762767459216739,-0.0005942377749467015,-0.0031685296842700376,0.2605192159947629
660620,114,-0.005306061832689538,-0.0005937321481697507,-0.004712329684519787,0.11312038984120866
673548,2437,-0.005637523848256521,-0.000590418806580994,-0.005047105041675526,0.8203335104789589
663886,1594,-0.006893851577943336,-0.0005835253864956544,-0.006310326191447681,0.09331707583829267
572204,158,-0.004874280412303993,-0.0005805824039660584,-0.004293698008337934,0.11082125673943563
802415,659,-0.010719770498237531,-0.0005797631825317525,-0.010140007315705779,0.2509606180330965
656308,86,-0.0038818821743738436,-0.0005762642623066682,-0.0033056179120671755,0.2604573658275265
641856,204,-0.00535468993472479,-0.0005753310625218316,-0.0047793588722029575,0.2978607420833052
691720,256,-0.0027748697532012146,-0.0005699651780872902,-0.0022049045751139245,1.285550620278938
596146,2021,-0.004776166421653559,-0.0005658315316003802,-0.004210334890053179,0.22292584374621338
691785,247,-0.0027238231911389864,-0.0005617133449760195,-0.002162109846162967,0.3761575509742316
488726,83,-0.0013278609322163824,-0.0005524172519263252,-0.0007754436802900573,0.8002207959674729
665750,1670,-0.0061629412669844535,-0.000551117004018533,-0.00561182426296592,0.31357226787541
650333,2556,-0.007371956499709357,-0.0005505701311387938,-0.006821386368570563,0.25676433307201846
667452,483,-0.004048575050661664,-0.000543425025433189,-0.0035051500252284745,0.8510916087480755
671083,141,-0.0054933525689144025,-0.000531310391680309,-0.0049620421772340936,0.1349980417168767
669257,2080,-0.002995986183622023,-0.0005302438475040792,-0.0024657423361179437,0.18363923137000301
545361,1121,-0.004877395990542993,-0.0005282432892774172,-0.004349152701265576,0.1381515565601267
656716,1901,-0.004597315663234157,-0.0005268824955663673,-0.00407043316766779,0.4374673057263965
649557,277,0.00013309672051820378,-0.0005210685869048774,0.0006541653074230812,0.9468509826710894
682729,300,-0.008119531327183979,-0.0005103327960262618,-0.007609198531157715,0.410073751606909
596019,3025,-0.004930588101319545,-0.000505382599612479,-0.004425205501707066,0.4804852174697761
668939,2162,-0.003720605386591645,-0.0005047599834534841,-0.003215845403138161,0.5081950421816381
570482,1237,-0.004465699328548329,-0.0005046780602400108,-0.003961021268308319,0.7361770120672856
683002,2917,-0.005029868590853093,-0.0004937525609717087,-0.004536116029881384,0.7275718306981523
628451,1119,-0.0008283297010777256,-0.0004931063449101155,-0.00033522335616761016,0.3277848795412874
701762,782,-0.004038391276153984,-0.000491965403875511,-0.0035464258722784736,0.19338274425104343
595777,1958,-0.003577277346156201,-0.0004886788388057448,-0.003088598507350456,0.5728153721822781
694388,686,-0.010732377580848072,-0.0004883670623642128,-0.01024401051848386,0.06517729338920396
680776,2607,-0.00853945632805979,-0.0004857595229680739,-0.008053696805091716,0.2547794231539682
642851,406,-0.00455961081366025,-0.00048194437488467944,-0.00407766643877557,0.2480896184058671
664901,338,-0.00048546989064579245,-0.0004818205620835604,-3.64932856223197e-06,0.9169910380676605
686676,1009,-0.006926284761552842,-0.0004739422696321231,-0.006452342491920719,0.5279026092649443
669364,1625,-0.008126571627512754,-0.0004685105800179607,-0.007658061047494793,0.20257713097561716
660757,372,-0.0035003301779549865,-0.0004660497757747612,-0.0030342804021802248,1.0227308206969188
677008,605,-0.0060715711963122325,-0.0004644305141102581,-0.005607140682201975,0.4102070113041711
694212,231,-0.0024402186050683137,-0.00046300549133386265,-0.0019772131137344513,0.2773305500047246
678009,1080,-0.0018698309376640211,-0.00046276900592323415,-0.0014070619317407872,0.3960067458737007
642020,159,-0.008574210875412507,-0.00046229400305603766,-0.00811191687235647,0.1822720519520506
677649,1236,-0.0029225444756291762,-0.00045295749253139293,-0.002469586983097783,0.37265489270282376
805373,369,-0.0026105004642660097,-0.00045255991884764185,-0.0021579405454183677,0.6346655647696097
665489,2631,-0.0066015633615735345,-0.000449907958077482,-0.006151655403496053,0.12967166488558532
641432,387,-0.0027226508061026517,-0.0004431394650363109,-0.002279511341066341,0.43712946231730576
462101,289,-0.00128472860645123,-0.00044162823652553143,-0.0008431003699256985,0.7000201624093958
645302,664,-0.0026069640664290804,-0.0004346816467986232,-0.0021722824196304573,0.14660962314710785
543807,2529,-0.0012693318518056016,-0.0004325700668832189,-0.0008367617849223827,0.6530664829675785
592518,2880,-0.00466044447502013,-0.0004252268844626819,-0.004235217590557448,0.270705854865697
686765,316,-0.0003898218931281049,-0.00041914492998465166,2.9323036856546752e-05,0.2714389340843146
678877,713,0.0020444214159859885,-0.0004165993545490516,0.0024610207705350402,0.7606994671976649
657077,1594,-0.004367249392281121,-0.0004121058260774403,-0.003955143566203681,0.613948375010058
690987,358,-0.0048802253978218885,-0.00041023245184648114,-0.004469992945975407,0.1511087427686222
613564,58,0.0017107729966311575,-0.0004075984492155374,0.0021183714458466955,0.8397993233563577
680474,1058,-0.004305762489557683,-0.0004054013131284502,-0.003900361176429233,0.6318391008452379
669707,1619,-0.0034663793163858337,-0.000404239309770442,-0.003062140006615391,0.4765620198427788
660670,1615,-0.003846936916653677,-0.00040375436341117917,-0.003443182553242498,0.23863532502657891
663584,128,-0.00934990094803855,-0.00040276067857912735,-0.008947140269459421,0.41712418969337
668853,71,-0.008456166066660754,-0.0003979517349859312,-0.008058214331674824,0.058717271561996354
674441,134,-0.0077252259226207095,-0.0003979305869234181,-0.007327295335697291,0.7711403114690818
805249,388,-0.0009241527938459698,-0.00039225359310390395,-0.0005318992007420658,0.6573062090712205
664874,144,-0.0026662004188752926,-0.00039056538910509146,-0.002275635029770201,0.16188706309116022
606192,2781,-0.0026717127998593963,-0.0003872475917408543,-0.0022844652081185418,0.6210864318169765
681297,1655,-0.004423756773378896,-0.0003785916095659496,-0.004045165163812947,0.23580618937393735
676070,197,-0.006016425055507236,-0.00037722214493124504,-0.005639202910575991,0.12616310189334048
694377,201,-0.006428329959821014,-0.0003767153115856643,-0.00605161464823535,1.854197904950056
641487,2270,-0.005723807358048004,-0.00036756322644236405,-0.005356244131605639,0.3548301425811386
668930,2530,-0.010297197693687832,-0.0003609350164760814,-0.009936262677211751,0.32036310348189195
592325,162,-0.004710291294060014,-0.00035835613952617425,-0.004351935154533841,1.5990775397313397
695657,532,-0.0022495453692352525,-0.00035662969190520085,-0.0018929156773300516,0.29009658844642716
692216,243,-0.004781297386968925,-0.0003532571434693992,-0.004428040243499526,0.7114801178284178
694384,1906,-0.0030229610936295705,-0.00035100059320346624,-0.0026719605004261048,0.46129165009092465
666134,1658,-0.004850094240137869,-0.00034848117709943395,-0.0045016130630384345,0.7169026559911058
571970,1455,0.0005002276308982423,-0.00034815011005213405,0.0008483777409503763,0.6401936161580158
553993,2850,-0.0002995780213501097,-0.00033110863255985144,3.1530611209741685e-05,0.2577662580592693
693307,1018,-0.0013092764765711814,-0.00032587428909842253,-0.0009834021874727586,0.15186832767110517
691011,109,0.00211254178899867,-0.0003243137849790101,0.00243685557397768,0.33673360113590384
595909,899,-0.004787884817698235,-0.0003239154308652536,-0.0044639693868329805,0.3496528385607302
663604,300,-0.010615135037126596,-0.0003187275381798173,-0.010296407498946778,0.14046945287792983
644374,92,-0.002496860326587293,-0.00031862221735951023,-0.0021782381092277825,0.21684349902224573
678545,189,-0.014589247632603691,-0.00031443463912380026,-0.01427481299347989,0.10994263817687815
700250,1155,-0.00045705174323822643,-0.00030868855538004794,-0.0001483631878581784,1.03121663324343
693049,367,0.001460445698342478,-0.00029877351512024996,0.001759219213462728,0.7338013115421581
660162,883,-0.0038374680141230687,-0.0002964262351745907,-0.003541041778948478,0.745932973854271
694203,91,0.00077000833966615,-0.00029617530337691005,0.0010661836430430603,0.38378699740505123
666181,1465,-0.0011265351486820759,-0.0002939488014147194,-0.0008325863472673564,0.3479913550652341
686469,2127,-0.000645647616620815,-0.0002914481174704652,-0.00035419949915034993,0.30478753745719017
666149,1102,-0.0013093574200099905,-0.0002913721361611832,-0.0010179852838488072,0.22388936872515308
687957,94,0.0006245368323951917,-0.00028642284582317077,0.0009109596782183623,0.2502771214050425
686555,758,-0.007850444578000456,-0.00028631234728445786,-0.007564132230715998,0.16320551028281235
680837,76,0.004303030294511289,-0.00028362073885196946,0.004586651033363258,0.5433664332307517
664023,2785,-0.001398869893726563,-0.0002822327099134036,-0.0011166371838131595,0.1436173087928266
687462,1465,-0.002936461485745902,-0.00028064760166025913,-0.0026558138840856427,0.19237179942906116
572138,734,-0.00379658324109577,-0.00027953106534110077,-0.0035170521757546696,0.12393245552107014
672016,280,-0.0047809072089150745,-0.000272835415643602,-0.004508071793271473,0.3604199488940372
683770,134,-0.0031653331801177282,-0.00027197839669402374,-0.0028933547834237047,0.29525249593803937
686452,247,-0.004990411005193722,-0.00026772144928791536,-0.004722689555905806,0.44019017628815277
669234,613,-0.004126821886580065,-0.0002654936212184011,-0.0038613282653616626,0.07559948455212015
671284,138,-0.0019787345168851864,-0.00025584105934610375,-0.0017228934575390827,0.3381120693514517
664059,425,-0.006494429839143702,-0.0002547175860287134,-0.00623971225311499,0.6293102947471988
608348,1369,-0.0021065292576212986,-0.00025333824174937847,-0.0018531910158719202,0.16286586736662262
665782,52,-0.004397838259143589,-0.0002531290789588688,-0.00414470918018472,0.19326716085325538
518934,873,-0.007322217025827469,-0.000252916784433498,-0.007069300241393971,0.1818304556573484
663630,107,0.0011208243209595763,-0.0002430534051837329,0.0013638777261433092,0.26746494278486793
665953,410,-0.0017710768409045236,-0.00024159079040969272,-0.001529486050494831,0.2587268673534185
643446,2200,-0.0022528357245771014,-0.0002323292719355293,-0.002020506452641572,0.587812981911724
672761,1492,-0.0019904815995797813,-0.00023228361640338294,-0.0017581979831763983,0.6448159237254892
624415,672,-0.000668615257419351,-0.00022054816252453568,-0.0004480670948948153,0.3097418424299298
671277,2055,-0.002087249878656027,-0.00021768539047007458,-0.0018695644881859524,1.3563707055125014
593428,1940,0.0009591682953162719,-0.00021383870777803374,0.0011730070030943058,0.5735934016644765
679032,1095,-0.003118553567028973,-0.00021101388988278055,-0.002907539677146192,0.18659594716265646
669065,1304,-0.0048065294654685,-0.00020788824659900685,-0.0045986412188694925,0.3858251649245401
686681,1676,0.0010032727332335615,-0.00020584316632384788,0.0012091158995574094,0.5339350661869167
672284,1048,-0.0021431949267098427,-0.00020525197869779565,-0.0019379429480120467,0.1192056921591656
518792,908,0.0029227240087112026,-0.00020090270388826807,0.0031236267125994708,0.19278890270527005
671739,2491,-0.0011297477506870097,-0.00018974227897963344,-0.0009400054717073761,0.2560626132557388
807799,1373,-0.003218429408653459,-0.00018871464235628344,-0.0030297147662971756,0.9637071311463224
621566,3247,-0.006073972679431387,-0.00018792309607068043,-0.005886049583360707,0.17178547072481587
669374,89,-0.0030768754603615373,-0.00018676858932883383,-0.0028901068710327034,0.1833562798232364
682641,873,-0.0030202965564738986,-0.00018630564130010387,-0.002833990915173795,0.06876891068163622
595281,751,-0.004538571370808457,-0.00018427039364963667,-0.00435430097715882,0.6497321327899781
691781,537,-0.0021923961036433934,-0.0001817113772107783,-0.002010684726432615,0.29063579310803184
664728,1535,-0.0019250015919403793,-0.00017927157057019637,-0.0017457300213701828,0.1838838879006385
695336,648,-0.006484599175404656,-0.00017745996104274504,-0.00630713921436191,0.3159915265467024
647304,2368,0.0015646011022347748,-0.00017307527649647916,0.0017376763787312539,0.30070308510525556
805811,63,-0.0022574662891119168,-0.0001659653262465528,-0.002091500962865364,0.2053621274151526
502110,1197,-0.00020231271482457064,-0.0001658808790591138,-3.643183576545683e-05,0.8257639863085852
543760,2588,0.0016695605924749058,-0.00016455246873206016,0.0018341130612069658,0.22057364883035332
624413,2798,-0.0009702219034841015,-0.000157122638126402,-0.0008130992653576994,0.5487310033233915
664774,1302,0.0010435337336709403,-0.00015701352545324532,0.0012005472591241856,0.7231978063913513
621311,134,0.0008979934942873262,-0.00015115699258540956,0.0010491504868727357,0.4111571800384284
694671,1855,-0.0010250060813287486,-0.0001507898425652757,-0.0008742162387634729,0.29680295843217747
642137,83,-0.007906130472002606,-0.0001424233145166168,-0.007763707157485989,0.22630786020099966
691594,573,-0.003612067349645116,-0.00014218038009808446,-0.003469886969547032,0.060744822347519864
663698,975,-0.003593772740169418,-0.00013778318798798555,-0.003455989552181432,0.86629308245867
542932,561,-0.006397952017152727,-0.00013748781869604907,-0.0062604641984566785,0.09257041573171355
678882,2535,-0.0011461746891241608,-0.00013229972395795126,-0.0010138749651662094,1.1700538915781198
641645,375,-0.00504630946373656,-0.00013036153644223157,-0.0049159479272943285,0.2506402986289713
676812,55,0.0002745616974440682,-0.0001298820002762448,0.00040444369772031294,0.09102015828460758
682927,143,-0.006789205450304979,-0.00012236817036766575,-0.006666837279937313,0.34106170777895156
607461,104,-0.00044274766923426816,-0.00012047850273531679,-0.00032226916649895154,0.2596042014572539
596142,780,0.0009092603038751812,-0.00011710010865964025,0.0010263604125348214,0.4253459164535642
543228,562,-0.001661734668918425,-0.00011662514089852728,-0.0015451095280198976,0.4580790169896018
669722,85,-0.003260961082957286,-0.00011001279491483146,-0.003150948288042455,0.2333347306413352
641555,155,-0.0014287479089320058,-9.477431584060577e-05,-0.0013339735930914,0.16115446387336518
623168,348,-0.0019734460197346235,-9.449612244003223e-05,-0.0018789498972945915,0.09773641691071902
672820,1910,-0.0035659377954477154,-8.547727903113788e-05,-0.003480460516416578,0.593423715076587
607043,2748,-0.006405465075747608,-8.32314400031112e-05,-0.006322233635744497,0.4116008695287719
678246,1434,0.0034870259275739265,-7.450915513278916e-05,0.003561535082706716,0.11891828290592026
700337,702,-0.005174694205949711,-7.254264587471162e-05,-0.0051021515600749995,0.5348967603314952
666176,2070,-0.0014103034545334778,-7.1046441543415e-05,-0.0013392570129900627,0.2086627915389816
682668,379,-0.004811947398870084,-6.991580293468183e-05,-0.0047420315959354024,0.03540911932825087
641658,678,0.0005326461509052182,-6.445514952523856e-05,0.0005971013004304568,0.5533414040385136
623520,87,-0.0018841892768995286,-6.430818722814794e-05,-0.0018198810896713808,0.08359795765951825
677588,675,-0.006257620449878278,-4.711009403377114e-05,-0.0062105103558445065,0.6165996413621531
669004,1495,0.0003862857363619601,-4.642640706624333e-05,0.0004327121434282034,0.74283197900819
663647,1816,-0.0023340642593596673,-4.0284706080961605e-05,-0.0022937795532787055,0.0890986942815871
642086,1285,0.0012822168041086604,-3.6914358139724216e-05,0.0013191311622483845,0.2012389091787385
691718,2142,0.0009244114180806225,-3.0758090451526476e-05,0.0009551695085321492,0.8357911826548313
680700,773,-0.0011235007830642017,-2.4589470038943316e-05,-0.0010989113130252584,0.10549792080264184
670156,477,-0.0025725997169555787,-2.3063861295570366e-05,-0.002549535855660008,0.4882022482022817
647351,1129,-0.0027320291753467553,-2.1831379817227083e-05,-0.0027101977955295282,1.0365080329607483
624428,1656,0.0008146410425465884,-2.067901564237536e-05,0.0008353200581889637,0.2965164078624031
650490,2461,-0.0021931391289599636,-1.8671053918596596e-05,-0.002174468075041367,0.4581976136786481
664983,1309,-0.003828561495039293,-1.8264627092934763e-05,-0.0038102968679463584,0.6213524892161106
676801,1157,-0.0005320711137436804,-1.758454452436117e-05,-0.0005144865692193192,0.07285644695309042
642197,83,-0.002866686330275499,-1.5010210185288501e-05,-0.002851676120090211,0.14458974544381772
691026,2275,-0.0006176355032492501,-1.2415319247846216e-05,-0.0006052201840014039,0.5263290689668594
669394,2230,-0.0016234566302020222,-4.6315340622666563e-07,-0.0016229934767957956,0.19194834926614018
669717,187,-0.0045816940247786625,-2.4758362829077553e-07,-0.004581446441150372,0.21049227226306128
677941,157,-0.004255772649713988,1.4512422149994957e-06,-0.004257223891928988,0.19454735038170823
514888,2556,-0.0020634970038768043,1.180779557257058e-05,-0.002075304799449375,0.5328128606371705
686611,736,-0.0014667209953430247,1.703763971641006e-05,-0.0014837586350594345,0.1188536283331573
672580,2339,-0.0034775709743170824,1.8542310789552916e-05,-0.0034961132851066353,0.3693794442938476
642350,1158,0.001131508016162351,2.112015990996515e-05,0.0011103878562523858,0.5343578804800868
592178,474,0.0020922403549649606,2.4534565190162567e-05,0.002067705789774798,0.2320390541118894
457705,2053,-0.0012946484698364835,2.5886026733296813e-05,-0.0013205344965697802,0.8424004049298646
640902,200,-0.004800562162636213,3.5381664527189954e-05,-0.004835943827163403,0.429316503520196
656413,564,0.0035145680905340586,3.6334747655996516e-05,0.003478233342878062,0.34564376993450363
683146,1327,-0.001439423326988249,4.142883043134038e-05,-0.0014808521574195895,0.38128149522787336
686780,1145,-0.002953821554621304,4.745039723602048e-05,-0.0030012719518573245,0.7422609139054002
663697,1938,0.002107037457516365,4.844453921116909e-05,0.0020585929183051964,0.6593148642463352
660821,2193,-0.003650326759817722,5.460725560555447e-05,-0.003704934015423276,0.45990167424101597
608841,1011,-0.0011907195334263103,5.774133842624068e-05,-0.0012484608718525507,0.30879762293736285
666801,62,-4.826919957528112e-05,5.850022442665019e-05,-0.0001067694240019313,0.20526073779706036
455117,791,0.0008395581558491291,5.8889029256129215e-05,0.0007806691265929999,0.9120960657965974
500743,1257,-0.0010612466290647164,6.051354314416508e-05,-0.0011217601722088813,0.7880946200164731
664058,89,-0.0007496394247620036,6.085253482048248e-05,-0.0008104919595824862,0.13812956385051567
457759,1709,-0.0018154587169569923,6.166766569571634e-05,-0.0018771263826527086,0.6560564633308209
663743,1064,0.00018828061058569838,7.55945022080031e-05,0.00011268610837769526,0.08447133852230518
408234,301,-0.0013190353325310262,7.841404060271585e-05,-0.0013974493731337423,0.550436949508555
685133,81,0.0016726892494185377,7.8602934847936e-05,0.0015940863145706018,0.047187900415911053
694192,1988,-0.0012286505671573326,8.13926421837769e-05,-0.0013100432093411094,0.1339915314017786
663611,327,-0.001134764697330265,8.359618405340754e-05,-0.0012183608813836726,0.19520585438658408
444482,844,-0.00033861395470303405,9.274875642662866e-05,-0.0004313627111296627,1.5985329093685678
572233,2708,0.0006420481348114841,9.517891687994533e-05,0.0005468692179315387,0.6414296618082956
502671,2698,-0.0007627738730840815,9.655922252388586e-05,-0.0008593330956079673,0.930807443574573
666397,1126,-0.004062240739698916,9.679159047475084e-05,-0.004159032330173667,0.10759202104548478
500871,276,-0.0013814886659900421,9.730683827492756e-05,-0.0014787955042649696,0.566135249757195
553869,1559,0.0009889926495628232,0.0001044452367702478,0.0008845474127925755,0.16063323383224137
467793,2258,0.00015609879460758798,0.0001088820570391964,4.721673756839157e-05,1.2232307223123966
624512,658,0.0014240983827359197,0.0001127553740976054,0.0013113430086383142,0.6488413987120963
668800,538,-0.0019838040542173364,0.00011317488503558849,-0.0020969789392529248,0.4059198131246724
607732,902,-0.002285536200553527,0.00011652148080459436,-0.0024020576813581214,0.5672335716084226
665861,76,0.0032950110445073575,0.00012267807194814233,0.003172332972559215,0.14409161215703906
622761,700,-1.1420564728897059e-05,0.00012347326037260393,-0.00013489382510150098,0.30756215793146596
687478,73,0.0007166358314705808,0.0001288798678158658,0.000587755963654715,0.10824701335126095
673995,85,0.003398750840747545,0.00013202755781134765,0.0032667232829361966,0.384202656761666
683357,58,-0.0010419959772917787,0.00013276402182985423,-0.001174759999121633,0.38161789726104556
687952,910,0.004080470331120843,0.00013385163977022927,0.003946618691350614,0.29321008416590355
622569,292,-0.0003480348139004157,0.0001357315888567203,-0.0004837664027571361,0.5169474925416659
607680,847,0.0033409538361815322,0.00013649106651154508,0.0032044627696699874,0.19613849263514985
657757,2139,0.0004987499456681749,0.0001407867042964086,0.0003579632413717663,0.6573080974564434
681481,1947,0.0019343859795346704,0.00014088008566738252,0.0017935058938672878,0.08559991158283492
673490,1400,-0.0007117158689072598,0.0001426009178910359,-0.0008543167867982956,0.13490451006573834
682868,198,-0.003472470841801588,0.00014616209498009074,-0.003618632936781679,0.5574579456380238
665923,353,-0.0012209724789834116,0.00014678505636031046,-0.001367757535343722,0.7151325455206483
474832,284,-0.0016408364271306391,0.00014848103554335895,-0.001789317462673998,0.3796612490766729
621439,1821,0.0052976835179864325,0.00014977520259643764,0.005147908315389996,0.16922311229373505
606992,403,-0.0006143691272980974,0.00015142395242495905,-0.0007657930797230566,0.49621882732905315
660844,283,0.004300888915979938,0.00015163253125302702,0.0041492563847269105,0.19546039259820253
571912,487,-0.0009895338451851442,0.00015271371554574333,-0.0011422475607308876,0.23508717918413194
672515,1366,-0.0027550283243452864,0.00015442315417123155,-0.002909451478516518,0.40228936239459606
663527,549,-0.003911351520565614,0.00015550234872724206,-0.004066853869292855,0.40309088913543867
689414,534,-0.0004471146414092509,0.0001555310026227842,-0.0006026456440320351,0.6892634786494323
453568,1100,-0.00020917241009048033,0.0001588221533364853,-0.00036799456342696563,1.0894645373463603
553882,319,-0.0034984048111283074,0.00016070286832982,-0.0036591076794581278,0.32203400044571334
663457,1758,0.0026588859169274803,0.00016709371526182142,0.0024917922016656586,0.8956104225176915
694359,200,-0.0005844509194446656,0.00016802397971169626,-0.0007524748991563619,0.1556944441532214
677942,767,-0.0027231932171060537,0.00017213778510105553,-0.002895331002207109,0.25217079149127486
650907,267,-0.000937501180322367,0.00017217007318238604,-0.0011096712535047532,0.25419054841987826
680574,1196,0.0008300908166564433,0.0001744300424891233,0.00065566077416732,0.10580524696421284
681807,1121,0.004165375547170282,0.00017522425476298773,0.0039901512924072945,0.24792030595774708
656448,173,-0.0005256073428591528,0.00017613830204164235,-0.0007017456449007953,0.5512448155127722
641584,1327,0.00015271390594986538,0.00017988220058113744,-2.7168294631272123e-05,0.24382782540977174
543877,1140,0.0011152860194148287,0.0001807730582224806,0.0009345129611923481,0.31205430577636156
519317,1672,-0.0023667761089505345,0.00018353813912111767,-0.002550314248071652,0.16220362814347253
547180,2813,-0.0028478092230881623,0.00018364212347869447,-0.003031451346566857,1.784568180455476
502054,1809,-0.00017612943981195554,0.00018419732164003943,-0.00036032676145199494,0.6894628848447251
676439,215,-0.001715455310046318,0.00018447190358013342,-0.0018999272136264516,1.5480655264250036
624424,1986,-0.001384072760966618,0.0001898418122576841,-0.001573914573224302,0.31810225820908095
666135,517,0.0011086716166626323,0.00018999233795236146,0.0009186792787102709,0.17726241831292094
458015,283,-0.0012983682649013205,0.00019736275633221913,-0.0014957310212335398,0.6717826059376901
676356,804,0.00541762607974451,0.0001990107569043191,0.005218615322840191,0.2891116798476155
683083,278,-0.001002158467456202,0.00020196076600783949,-0.0012041192334640413,0.18277474882788852
681351,1998,0.0027939394282854475,0.00020886904370044992,0.0025850703845849976,0.11271645360393134
656976,713,0.001371453658603345,0.00021983656082573587,0.001151617097777609,0.3552631679688855
666915,281,0.002060949274994416,0.0002281340360802763,0.0018328152389141398,0.25046173084331397
681082,2337,-0.002555582172970044,0.00023758663727990712,-0.0027931688102499513,0.6603801568709763
675656,71,-0.0020303907824259847,0.00023831756390280186,-0.0022687083463287863,0.13378491078878632
681508,190,0.003972709622238209,0.0002511395721819141,0.003721570050056295,0.33762851741264843
595453,115,0.0036242775967936024,0.0002513747131439895,0.003372902883649613,0.5590862061049928
641598,1450,-0.00031975565231558264,0.0002652551588185104,-0.000585010811134093,0.44719547935000203
642180,384,-0.004460094306018286,0.0002663669347697345,-0.00472646124078802,0.46082614301675534
660688,1661,0.005683406815823179,0.00026818559502962355,0.005415221220793555,0.2960730157871144
683011,2719,0.0009168892835234081,0.0002732932207919823,0.0006435960627314258,0.481319071508568
668731,487,-0.0026174417339076437,0.0002754943289328183,-0.002892936062840462,0.3037737316842522
595879,1613,0.0026104699021137524,0.00027585304328651603,0.0023346168588272366,0.1667539733873556
665155,224,0.00414146371493058,0.00028439084298513426,0.003857072871945445,0.300021042883821
666152,792,0.0048248209714946465,0.00028476083004598155,0.004540060141448665,0.062399484142497366
692225,420,-0.003165933055958194,0.00028681100633433046,-0.003452744062292524,0.17653636835878309
805367,738,-0.002077638267872595,0.0002947554533604254,-0.0023723937212330203,0.5433445850787785
682515,73,0.0045142863036278106,0.00029582301115713263,0.004218463292470678,0.2925966202127455
667670,2655,0.0015653376889010028,0.00030373702124413053,0.0012616006676568724,0.42050876552363675
669200,122,0.000357591150816925,0.000303860671525052,5.3730479291873106e-05,0.5997500196136759
661531,110,0.00453365141806129,0.0003099601611936651,0.004223691256867625,0.10020017848135954
624431,790,0.0005727964106003378,0.00031001210573005836,0.0002627843048702795,0.15269866791374298
671655,83,-0.0005893559067101794,0.0003120466689813838,-0.0009014025756915631,0.10903161026953288
670764,1101,0.004121929751013941,0.00031283415166617637,0.003809095599347765,0.29432630611326305
656577,497,0.005203767116332894,0.00031805291178880075,0.004885714204544093,0.32053367969592234
683737,2039,0.0042209533567642175,0.00032449255528157366,0.003896460801482643,0.20966806636968532
665966,885,0.00017583403327423868,0.000324561611450073,-0.00014872757817583436,0.15959361111502224
446334,119,0.0004813750441144309,0.0003270983502019038,0.00015427669391252714,0.650218398475942
665506,405,0.0006721822154695041,0.0003277170418675037,0.00034446517360200047,0.6596676021630613
642708,1265,0.0009824432618501838,0.0003282716463238542,0.0006541716155263296,0.3998954874710989
657088,86,-0.002405674344922196,0.0003331271614927202,-0.002738801506414916,0.6941718960150378
516416,92,0.0007469567086013134,0.0003464309273163457,0.00040052578128496765,0.7441239376427226
655316,929,-4.86446315027488e-05,0.00034662650385661604,-0.00039527113535936477,0.42131183104131187
621433,101,0.001008106868561791,0.0003519485165669328,0.0006561583519948584,0.09741860222374989
596847,127,0.008355678678727869,0.00035303876666784094,0.008002639912060029,0.24804780569491192
681393,1021,0.010418653718835632,0.0003559697765204604,0.010062683942315171,0.03133199042780736
592663,2131,-0.00017756002611487066,0.00035604394030473675,-0.0005336039664196074,0.586696630735254
672386,1785,-0.00048578804199411117,0.00035631077326355717,-0.0008420988152576683,0.1223834186542658
680718,1321,-0.00027581754636034816,0.0003624611090464015,-0.0006382786554067496,0.24888124231752057
690993,1683,-0.003711857319947491,0.00037196192467728133,-0.0040838192446247725,0.3402197810952856
592206,3010,-4.390687053074185e-05,0.00037450372740450635,-0.00041841059793524816,0.8279899289658972
571745,805,-0.0030673457678975116,0.00037844099586448616,-0.003445786763761998,0.49559783212454533
516782,1231,-0.0004804309686832449,0.00038006547864482355,-0.0008604964473280684,0.8040749335061255
668227,2646,0.0037326102360014787,0.0003849324990262352,0.0033476777369752437,0.1457361088950131
664034,2385,0.0052963458916615806,0.00039316760460607174,0.004903178287055509,0.36232441331285514
664770,938,0.00029281092351556693,0.00040490722245481003,-0.00011209629893924314,0.1309859483343766
678011,104,0.0018812970019336415,0.0004078958083466959,0.0014734011935869454,0.22806102366392444
656305,2296,9.939648099590457e-05,0.00040876108617381976,-0.0003093646051779152,0.39677402129542294
592669,1225,0.0007469100509006794,0.00040912592442353873,0.00033778412647714065,0.2122125128320323
672356,1686,-0.0009208761049474221,0.0004124752281764064,-0.0013333513331238286,0.45080777484932427
686823,1010,0.0008181078255921414,0.00041330613132242456,0.00040480169426971685,0.3881599289398631
641343,1246,0.005669127868880861,0.00041339097893532324,0.005255736889945538,0.4103742373541413
641355,2760,0.0033135252903549735,0.000418067290250543,0.002895458000104431,0.759667575578792
669304,793,0.001123379898556095,0.0004185946725425148,0.0007047852260135804,0.39247769185037323
656484,232,0.00443123463391873,0.000419942097866082,0.004011292536052648,0.3878258931707338
676609,1529,0.002877348770835073,0.00042618246295422324,0.0024511663078808496,0.4178171050339738
456781,1200,0.0004870995566809009,0.0004441463636648732,4.295319301602763e-05,0.6328393585741998
664056,1862,0.005160890761658345,0.0004449923344539035,0.004715898427204443,0.0803693324588284
623993,2279,0.005603382247918444,0.00045150535990628245,0.005151876888012162,0.15793587345686103
682928,2724,0.0041241883081637905,0.0004570088260216792,0.0036671794821421114,0.6475541937084829
605131,460,0.0023759861889905516,0.0004594855692685693,0.0019165006197219827,0.1783369547798971
641820,66,0.003698980179693022,0.00046612868616295475,0.0032328514935300668,0.48204188161728273
663728,3122,0.01218477263818632,0.0004719293819786169,0.011712843256207701,0.08251538317715859
676946,194,0.0034711774257788963,0.0004721292120955567,0.002999048213683339,0.16236649648978174
542208,81,0.006545524285642221,0.00047744617407945357,0.006068078111562767,0.13428486551425284
656555,1377,0.006286463758855881,0.00047866735599196464,0.0058077964028639155,0.22152717373400027
691019,519,-0.005240042621580968,0.0004790019994957766,-0.005719044621076744,0.5310016405005716
592192,1334,0.004091262043363135,0.0004821096350161275,0.0036091524083470077,0.4976722451566072
677595,555,0.0010832666727114287,0.00048393857402134874,0.00059932809869008,0.5299086238247889
663624,2084,-0.0022773044801885204,0.0004864253742308177,-0.002763729854419338,0.5523766556335081
669397,1116,0.0006967285702297977,0.0004911918147854308,0.00020553675544436687,0.2170059426773327
663586,2248,0.001248567024734575,0.0004915915044853939,0.000756975520249181,0.5667188537606073
621493,2039,0.0005776659005476414,0.0004947783336266739,8.28875669209676e-05,1.0708814374879487
696030,316,-0.0035216287174722662,0.0004997858531581985,-0.004021414570630465,0.42804782941282526
621020,2776,-0.0009663746656044165,0.0005313667181140654,-0.001497741383718482,0.5398040811144922
668942,1366,-0.0004012361243626054,0.0005323208665702111,-0.0009335569909328165,0.5132940375446932
572191,1314,0.0006410720179764734,0.0005357979730965474,0.00010527404487992587,0.595695427225603
666165,341,0.004789307606086994,0.0005409717801168287,0.004248335825970166,0.23617124893293284
677551,179,0.002738695294051323,0.0005413806495479706,0.0021973146445033523,0.21371226792234885
669357,1706,0.0038340768162324736,0.0005494965656120095,0.0032845802506204645,0.40828749987806606
663368,1017,-0.0013408314013850936,0.0005504326405903301,-0.001891264041975424,0.580580900479879
690022,368,0.001734323351889777,0.0005506695201128656,0.001183653831776911,0.4536420003841987
621563,294,-0.0011742796029453552,0.0005527686144196149,-0.0017270482173649697,0.768181904322016
669236,339,0.006011241339819725,0.0005531503534875232,0.005458090986332202,0.09155303396113541
542364,250,0.009186100457904434,0.0005590606206469596,0.008627039837257475,0.3809857388029739
641680,1997,0.0006893291448007402,0.0005607651792303627,0.0001285639655703776,0.27162056899443765
702616,1427,-0.000938984817000148,0.0005708503028334866,-0.0015098351198336343,0.6762704982552893
669699,87,0.0005878032822594231,0.000575355761713348,1.2447520546075135e-05,0.25582396310154154
600301,104,0.003917653308462517,0.0005775425864373644,0.0033401107220251526,0.22944161565809423
645801,356,0.009555667429010367,0.0005809291942934087,0.008974738234716959,0.15971374736410493
596117,438,0.002902782331972942,0.0005930942683513478,0.002309688063621595,0.2419701754496161
593871,2003,0.006414569987160024,0.0005946885137536588,0.005819881473406365,0.33799880220301787
663905,114,0.0011707461798476657,0.000595214031784404,0.0005755321480632619,0.40570548867505707
686554,213,0.006021254709128022,0.0005993578858017297,0.0054218968233262915,0.0720702023963755
672279,587,-0.0010755601591101232,0.0006067943286509484,-0.0016823544877610716,0.2118354384996171
545121,926,0.005733311868274627,0.0006189695485646207,0.005114342319710006,0.1040118047334392
692585,310,0.004892625890950154,0.0006245651854218214,0.0042680607055283325,0.14853444172331162
681584,121,0.002922439830106521,0.00062628225387139,0.0022961575762351313,0.21598934940299197
642215,414,0.005301786804866277,0.0006275781441969295,0.004674208660669348,0.23968191955741536
605204,722,0.0028142636540213184,0.0006311829118035092,0.002183080742217809,0.15144395111186293
672478,356,0.0018721665022730955,0.0006414975918697497,0.001230668910403346,0.17885061374002614
592626,1607,0.010574712671726312,0.0006440210711351681,0.009930691600591143,0.13997965521923839
650391,944,0.004678140863546214,0.0006457795391473943,0.004032361324398819,0.14573493348373456
650402,2697,0.0021878514976004337,0.0006501430290364944,0.0015377084685639396,0.5957751243534815
669242,1212,0.0001357915215004488,0.0006511131083145979,-0.000515321586814149,0.6857935012442011
606115,1803,0.003327500776781695,0.0006525347856091219,0.0026749659911725733,0.23206817833766513
702176,242,0.0037073785161587827,0.0006579616150965575,0.003049416901062226,0.2678551157613894
543305,272,-0.0029647065398174174,0.0006606526194249005,-0.003625359159242318,0.3495499259865989
623205,81,0.0024617621842719295,0.0006621634693598326,0.0017995987149120969,0.5341430037141415
670223,334,0.0096935207746537,0.0006659138280711063,0.009027606946582592,0.1582796534720209
608701,1008,0.0031621015023071564,0.0006688448851773554,0.0024932566171298005,0.38616805300728607
656024,79,0.00825708558508951,0.0006713161064142919,0.007585769478675218,0.14606990476080509
621512,357,0.005249720739096337,0.0006717732972991594,0.004577947441797178,0.16649431926005936
673237,2555,-5.4129180257941165e-05,0.0006776528087260363,-0.0007317819889839775,0.2438449248703069
607208,2669,0.0040896580327483105,0.0006814689131243502,0.003408189119623961,0.32377034241084074
609280,1308,0.005652158584177451,0.0006856668116070061,0.004966491772570446,0.20210910669883217
686894,335,0.0025946658939072506,0.0006861817233694168,0.0019084841705378336,0.45893551935895105
572761,303,0.012931158681797417,0.0006893192070746732,0.012241839474722745,0.09556875087253427
657136,1578,0.004235556377727307,0.0006968220713557591,0.003538734306371548,0.4441279763550728
700246,194,0.0021106436515612656,0.0007014959217636551,0.0014091477297976107,0.5815203215048014
680728,399,0.0032262133454990074,0.0007111124467627099,0.0025151008987362973,0.3628260618271942
657061,107,-0.002065965455179725,0.000712278176412305,-0.00277824363159203,0.32470904611237916
686531,75,0.006266295719938538,0.0007140327069289504,0.005552263013009588,0.11304107609926274
519058,400,0.0016236461890491718,0.0007191763943445048,0.0009044697947046668,0.9648178065843007
646240,3008,0.005334884274319946,0.0007199555806014674,0.0046149286937184775,0.1102746570256162
669222,613,0.0018547091288837235,0.0007325144121688572,0.0011221947167148662,0.45659120990279956
687263,2168,0.006216479908143513,0.0007372708347982772,0.005479209073345236,0.4164669511058251
545341,1437,0.0069562610972247,0.0007441423889803303,0.006212118708244369,0.14836480334339147
805904,84,-0.000510613668384994,0.0007487588114828972,-0.0012593724798678912,0.5764247511707854
683766,319,0.004395775991096512,0.000751659602893762,0.003644116388202751,0.11818225569473358
669221,1345,0.0076788814731087235,0.0007526277633849503,0.006926253709723774,0.29351299437087647
683227,211,0.0046904644840453725,0.0007548924794549989,0.003935572004590374,0.3817487705153151
696285,1471,0.002866791164531513,0.0007582851539172744,0.0021085060106142387,0.12306721634159727
621550,470,0.005867755706278543,0.0007599464100602556,0.005107809296218287,0.5125253384411774
571657,1176,0.0016645057810017847,0.000762346081315623,0.0009021596996861615,0.532934228496978
682617,193,8.413963491528441e-05,0.0007726945408274428,-0.0006885549059121584,0.3688675794426251
608385,959,-0.0006464764247736147,0.0007751876465015944,-0.0014216640712752093,0.3606428918836453
700932,1203,0.0038751092616539674,0.0007873699389223044,0.0030877393227316625,0.27098970293107955
682663,1009,0.0029681613422449793,0.0007876138443344866,0.0021805474979104925,0.28774355065621116
680869,1705,0.007169895304653557,0.0007927611452771129,0.006377134159376444,0.14984135529881712
665561,271,0.004515696953796782,0.0007992221402616718,0.0037164748135351095,0.24231462046834387
665487,2322,0.0027148048416923377,0.0008008526991947518,0.001913952142497586,0.5790115863200163
676694,1468,0.0016843271060665219,0.0008019417455201735,0.0008823853605463485,0.4429431190653296
689172,611,0.0004880885944211856,0.0008029547107994783,-0.00031486611637829276,0.4036378997218814
656582,1078,0.003532995617982034,0.0008055120127983909,0.002727483605183643,0.7319142184068237
670032,893,0.0016267263170079837,0.0008159334232576025,0.0008107928937503813,0.23202627739626458
688363,349,0.008924268560657842,0.0008161140546971804,0.008108154505960662,0.26928528276167174
681546,969,0.004065108777054874,0.0008219553603581903,0.0032431534166966836,0.6026918462069991
669134,742,0.006560933298333199,0.0008267642509522385,0.00573416904738096,0.20368053183802196
669450,189,0.009958254752998,0.0008362839859588096,0.009121970767039191,0.10979239891192623
645444,570,0.0018367538470499842,0.0008372248686309722,0.000999528978419012,0.41674481234140376
670224,438,0.007418205309647949,0.0008419977698485734,0.006576207539799375,0.25098487763240707
668715,2638,0.00410755339313828,0.0008465553121556385,0.0032609980809826414,0.315844920192765
666211,256,0.004590021428737876,0.0008525016538265348,0.003737519774911341,0.22668452027748154
676480,67,0.00981006349471431,0.0008592794908106947,0.008950784003903615,0.23288323390210186
686797,1198,0.004947162096990479,0.000866747533166839,0.004080414563823641,0.7375307334245157
694208,105,0.0051581232191699215,0.0008671446911981273,0.004290978527971795,0.4701696341546978
681962,194,0.00895018831370303,0.0008677414362153787,0.008082446877487652,0.12024796058664285
669743,899,0.002999463868612064,0.0008758053317620407,0.0021236585368500237,0.39986767912564314
643217,2139,0.00047996417256674197,0.0008766662867246692,-0.0003967021141579271,0.5184562412259152
686217,2037,0.004593689649240488,0.0008803128314089242,0.003713376817831564,0.43343336461301263
663853,1081,0.0022188994491570383,0.0008852943763812638,0.0013336050727757742,0.43559182254948264
678554,816,0.0011362718253692052,0.0008899475640061861,0.000246324261363019,0.41181683855709933
657656,1737,0.010740401938366432,0.0008956895429530801,0.009844712395413353,0.19096893416550054
669261,1093,0.0022581855063280062,0.0009063472560185992,0.0013518382503094073,0.40710803693007336
672569,213,0.001624505008788783,0.0009119818920973047,0.000712523116691478,0.7525610553990352
681146,608,0.008766074568448556,0.0009121247588944894,0.007853949809554067,0.17883612185210795
690291,263,-0.0009270133063298191,0.0009181619474942332,-0.0018451752538240524,1.0068261431611454
641933,1431,0.003433934009125071,0.0009210526791175457,0.0025128813300075254,0.7181064899338259
700242,797,0.0026264600430455087,0.0009291355653135129,0.0016973244777319957,0.47444746461009624
658668,585,0.005289365793004705,0.0009410862098921119,0.004348279583112594,0.5556983070716706
676369,636,0.0066342950123340905,0.0009465324862750745,0.005687762526059016,0.19009345322895557
702284,425,0.007533770608731603,0.0009480908737023804,0.006585679735029223,0.32966791115500615
691016,1605,0.00015966388165725625,0.0009511239989119936,-0.0007914601172547374,0.653463268003705
642715,3096,0.006739052106886731,0.00097753017125555,0.0057615219356311805,0.2194611713685687
690976,151,0.0020171894284104256,0.0009788231756331647,0.001038366252777261,0.3922675718486642
807713,765,0.00688498977563115,0.0009835260284002142,0.005901463747230936,0.29479566233820315
620443,746,0.0025486843080995917,0.0009923924802984262,0.0015562918278011653,0.20997353060181173
677592,316,0.006308110294577758,0.0009981715917612242,0.005309938702816533,0.2241092399960357
665120,133,0.0009264387706616901,0.001002602096427605,-7.616332576591519e-05,0.3491369046520209
661388,2823,0.002311983433883386,0.0010031471837449945,0.0013088362501383914,0.49154394113104966
668901,1984,0.007071876426760286,0.0010036977826766824,0.006068178644083604,0.4778763123454027
650968,342,0.00667115196832986,0.0010071902244712082,0.005663961743858652,0.2572692837611523
666164,72,0.0026587133032639054,0.0010125146660690675,0.0016461986371948377,0.22469836524204856
665862,2307,0.0052422605741828535,0.0010133824726771211,0.004228878101505732,0.35262395312847894
677950,1313,0.001695601331472773,0.0010157176454188817,0.0006798836860538912,0.5527502663692194
690924,206,0.009000121513878623,0.0010176576333841775,0.007982463880494445,0.1727493238485332
669326,319,0.0007949627483843563,0.001020098480758353,-0.00022513573237399658,0.5834222947655932
682177,1120,0.004461953092613821,0.0010259921387415103,0.003435960953872311,0.650859179699025
678489,172,0.010320808458546334,0.0010430576829866748,0.00927775077555966,0.14448607937401178
672724,803,0.017815115406225893,0.001047577364395979,0.016767538041829913,0.0684740787805227
656541,393,0.0026215776393349335,0.001053751476452756,0.0015678261628821776,0.3824568079936415
669720,1605,0.0034372864178129447,0.001056930615998739,0.002380355801814206,0.4791990249416204
689200,143,0.010091865873960024,0.0010597442794315784,0.009032121594528446,0.15311731761166042
676572,947,0.0047276563108698474,0.0010603718621930583,0.0036672844486767896,0.53685358738117
669911,1678,0.007260336558882389,0.0010664363936834565,0.006193900165198932,0.23808173863805276
694728,84,0.01770135172119461,0.0010736347847573133,0.016627716936437296,0.08565393007884532
679881,91,0.0059945761273545095,0.001073941347889141,0.004920634779465368,0.43072675473240224
608324,2203,0.007423119569295971,0.0010783217677146522,0.006344797801581318,0.34025966281490555
691728,77,0.008178079757058938,0.0010791985737947758,0.007098881183264161,0.12551158259391165
702332,736,0.003965669224092744,0.0010808243796590672,0.0028848448444336763,0.5070842065934482
670623,2350,0.017937595670259092,0.0010811708124367743,0.01685642485782232,0.14689328222108994
670242,1591,0.010172504736046946,0.0010949971900194684,0.009077507546027479,0.3464307101388383
605361,595,0.0017265352355765606,0.0011002944581130572,0.0006262407774635036,0.2941841835497468
680779,1025,0.01330981014847156,0.0011003316132211362,0.012209478535250423,0.17934733185389276
696100,1677,0.019519041801415053,0.0011009465333714048,0.01841809526804365,0.07207188913677239
630105,2209,0.0013024541098076105,0.0011027753555933432,0.00019967875421426714,0.37040679539902593
663993,2639,0.0016937500390515833,0.0011128785854175932,0.0005808714536339905,0.5453191134982182
695257,118,0.013718012258735948,0.0011137917312769817,0.012604220527458966,0.14604161607341012
701398,104,0.0011079921764649244,0.0011149286164827683,-6.936440017843897e-06,0.6040971288026503
670097,404,0.010286802794847992,0.0011151250737015384,0.009171677721146455,0.15576609750516276
666018,1189,0.0050164333041613504,0.0011200542970559858,0.003896379007105365,0.2704351185409494
679822,108,0.00865898105306691,0.0011376209876847669,0.007521360065382143,0.3835772673965457
695681,344,0.0018672001434758786,0.0011435036401860922,0.0007236965032897864,0.36223994497976747
681715,487,0.009551312193134322,0.0011548842651191188,0.008396427928015203,0.25449283044592885
687799,220,0.00812445999587199,0.0011566556361739082,0.006967804359698081,0.2334612563262033
518735,588,0.0038398438038766652,0.0011605570977959825,0.002679286706080682,0.38219169731585534
670770,1893,0.00806697941296275,0.0011612184796967854,0.006905760933265963,0.2554118102103188
657041,1492,0.00865745921190005,0.0011878684447222297,0.007469590767177821,0.1465591596537016
573262,1985,0.008087739922741513,0.0011935207209651407,0.006894219201776373,0.22646681164185942
680737,218,0.017564703414264658,0.0011946340104857173,0.01637006940377894,0.08678364132400644
642136,851,0.002482530926961335,0.0012016466154318097,0.0012808843115295254,0.3221483681756097
543063,364,0.007093468845803325,0.0012069064740514047,0.005886562371751921,0.26406609200725756
666624,2045,0.006398141062325601,0.0012113477252961532,0.005186793337029447,0.40904038629988404
681460,859,0.003882928975711028,0.001215713167981569,0.002667215807729459,0.2783387525472558
518626,111,0.030045941653887135,0.0012182450988698636,0.02882769655501727,0.047918913533939615
683748,70,0.0015012089578262178,0.0012206324901048225,0.00028057646772139546,0.4842843987362643
666163,879,0.004376550435757825,0.0012248570532087883,0.003151693382549037,0.379112657813691
642201,557,0.0025776446608333356,0.0012335599146198954,0.0013440847462134402,0.2836280457645012
701350,446,0.002403451744861545,0.0012383295461106628,0.0011651221987508816,0.8938634436582805
656669,152,0.003002912290280072,0.001239083306507293,0.0017638289837727788,0.38385702285205425
677800,1773,0.002494851858501462,0.0012577321734697664,0.0012371196850316957,0.3464868275344413
600869,1311,0.004309962221657533,0.0012580392566811163,0.0030519229649764172,0.612862924667848
670092,124,0.010406461102544467,0.0012583625002880675,0.0091480986022564,0.33889886580489936
686527,1121,0.004939177227911439,0.001260274850059381,0.003678902377852058,0.6244061097371142
695600,133,0.008638644070037366,0.0012617770783921872,0.007376866991645179,0.2222416348972347
669087,162,0.0037101699410700658,0.0012656199220035006,0.002444550019066566,0.6723663898902001
608369,2123,0.0005536469144581537,0.0012686799422784569,-0.000715033027820303,0.6286684812717643
691185,87,0.015586299524984642,0.0012740944781106872,0.014312205046873956,0.09493448938522174
669288,101,0.010484431730454468,0.001278605665733879,0.009205826064720589,0.1369321342835571
572816,73,0.01340878296980156,0.001282390473226711,0.012126392496574847,0.11285758964829885
594807,959,0.00730679810877728,0.001303863495886511,0.006002934612890769,0.7039990992174843
687859,223,0.00437874689407906,0.0013047429914511736,0.0030740039026278866,0.19895607438758817
542194,515,0.006314512847578436,0.0013095729980571427,0.0050049398495212935,0.5257625711942523
595978,628,0.013896097994700953,0.0013113890359287084,0.012584708958772242,0.14867594768790066
691406,1512,0.006762681371968057,0.001312850472539669,0.005449830899428387,0.2985521722057552
657557,1749,0.012503043618227174,0.0013245643479408882,0.011178479270286288,0.14525706310724001
543257,563,0.006429482108291638,0.0013249580845803941,0.005104524023711244,0.5152035200621439
664040,2333,0.004575818140542253,0.0013261989729474678,0.0032496191675947853,0.4957162770876444
663967,76,0.008775403077840546,0.0013271719241974053,0.00744823115364314,0.40767340333566354
672640,1679,0.005699840202928927,0.0013276900733298622,0.004372150129599065,0.4909935572310492
605346,148,0.006629685453303746,0.0013285371179977204,0.0053011483353060255,0.46005803836795883
668670,1091,0.011752657095412598,0.0013584784360812876,0.01039417865933131,0.23232345223927373
602104,1472,0.01069463046432582,0.0013604219519164182,0.009334208512409401,0.16560170324769202
664913,1243,0.003564747954119765,0.001364588175876663,0.0022001597782431016,0.7520569399213753
682988,304,0.005805166351208157,0.001368344616418766,0.0044368217347893904,0.448644918626908
682626,1332,0.008729489344760782,0.0013760145911801962,0.007353474753580586,0.2060869856269201
691182,262,0.01026549010765181,0.00138012641946389,0.00888536368818792,0.25029122884186156
621466,620,0.02396224374850327,0.0013832571922421167,0.02257898655626115,0.07304447099323823
668709,1758,0.0066995925257928865,0.0013836481382238353,0.005315944387569051,0.28357561807835496
672642,69,0.009395112896426899,0.001388306547018747,0.00800680634940815,0.27064936872851886
656775,2124,0.010701067753594825,0.0014069539879501642,0.009294113765644662,0.3354556893433211
666126,164,0.017970270683077865,0.001408302549099744,0.01656196813397812,0.09261534566130605
666197,94,0.013920237728007729,0.0014132654382761176,0.012506972289731612,0.18086218499077245
641796,85,0.017168391811902238,0.001423475250386787,0.01574491656151545,0.2774384950487005
699625,98,0.013928167718776132,0.001432702676224857,0.012495465042551274,0.17097901084939804
527038,1588,0.013007550124295171,0.001433915556599971,0.011573634567695201,0.38204825731094083
592200,187,0.013445037170956981,0.0014463268511931018,0.011998710319763881,0.33814477014348987
649966,860,0.012328129010506285,0.0014634333245009885,0.010864695686005298,0.23215305652647283
665828,976,0.006296183044576927,0.001463665110621486,0.004832517933955441,0.2878659312656382
645305,197,0.003933838917840753,0.0014685906542399579,0.002465248263600796,0.4778742003264607
670231,290,0.0074656121676122825,0.0014706463599302682,0.005994965807682014,0.44031001812538023
624414,62,9.00577457373657e-05,0.0014716199874019607,-0.0013815622416645953,0.728823217119754
543309,1191,0.010429353680673903,0.0014945968403788262,0.008934756840295077,0.33943771911842335
695391,331,0.005284313636660939,0.001499775420988831,0.0037845382156721074,0.47243290563470647
677870,429,0.0036216998871059143,0.0015166777226847303,0.0021050221644211844,0.6567018546153953
605113,522,0.010399780713634562,0.001532269537721064,0.0088675111759135,0.312549041759476
665742,2372,0.006694393913889175,0.0015556725955301084,0.005138721318359067,0.4097736036304547
665839,591,0.011631332041427512,0.001577800755235563,0.010053531286191948,0.24376988610282832
676914,1321,0.014971216301080044,0.001593689560692043,0.013377526740388,0.2908788278379639
645277,2551,0.015452089763171672,0.001614551571449617,0.013837538191722055,0.22991435425222365
686668,2330,0.010749762860319194,0.0016314039744376838,0.009118358885881509,0.15086129271899232
691783,169,0.01931795826716781,0.001667052274857388,0.01765090599231042,0.2275644068748877
668952,194,0.005793182553141577,0.0016710885136750966,0.00412209403946648,0.42879889862088916
670042,1554,0.012053077263376214,0.0016806562162771338,0.01037242104709908,0.19582460643489383
694362,163,0.0025792524692868674,0.0016815196088545317,0.0008977328604323359,0.3744189620135276
663757,1489,0.014872282971975055,0.0016824472400275635,0.013189835731947491,0.24482932223948944
676724,110,0.009023454661747567,0.0016853163408846131,0.0073381383208629535,0.3094909480526415
682998,2616,0.008476078833077251,0.0016884225599128233,0.006787656273164427,0.36806173107267903
668804,2916,0.00526060266547396,0.0016957913921810009,0.0035648112732929596,0.7919440381801925
665052,319,0.0141217988150418,0.0017000993201474032,0.012421699494894396,0.18247768502192596
685301,84,0.004367938588124635,0.0017022118271855455,0.0026657267609390897,0.4029034968202461
608336,594,0.015089419542864147,0.0017060974142154755,0.013383322128648673,0.44368839871163074
662139,1778,0.010960594762946956,0.0017120119124080025,0.009248582850538953,0.22009505623900832
687221,247,0.004697305864057187,0.001718476546670879,0.0029788293173863075,0.5140783860152611
664068,55,0.011794438890304463,0.0017367910377798785,0.010057647852524585,0.7197837094696945
677587,1528,0.006904830734854382,0.0017371074914366875,0.005167723243417695,0.44858767552822115
694376,145,0.010825967984096789,0.001766003875812576,0.009059964108284213,0.21467993329519036
667472,755,0.012297252007562924,0.0017795914046773258,0.010517660602885599,0.26533401781158583
680777,1795,0.008978405214790016,0.0017823252627302997,0.007196079952059715,0.3892197154234419
643376,1200,0.011856023962443528,0.0017842247128524787,0.010071799249591049,0.2867387074711636
656941,2663,0.01090073023432424,0.0018011220450676769,0.009099608189256564,0.351432272622504
622534,816,0.01434303149209338,0.0018178395575480465,0.012525191934545335,0.1888116093740446
666158,1617,0.009708235451050824,0.0018519897595470271,0.007856245691503796,0.3383803148867211
686482,67,0.015188498240815007,0.0018927345620725344,0.013295763678742469,0.1435834821006199
669208,182,0.011649129852017435,0.0018960162567791957,0.009753113595238238,0.20587343470592695
682848,426,0.008739639611256997,0.0019355492343452287,0.006804090376911768,0.4556481906452942
594777,307,0.021570939526065917,0.001940424940382935,0.019630514585682983,0.1807015329682246
687363,885,0.008461968510665755,0.0019514759393537038,0.006510492571312051,0.3096665956513287
676391,1702,0.01807744506774478,0.001963820625447642,0.016113624442297136,0.20059950797851694
680977,1860,0.01194943991555052,0.0019656452020461053,0.009983794713504414,0.5337019344620034
663897,149,0.011125578161078733,0.0019951840613994993,0.009130394099679234,0.3564727921205584
608070,2885,0.023589171467302678,0.0021163697238147663,0.02147280174348791,0.1612299305902763
668832,263,0.00780307786449191,0.002131570356653988,0.005671507507837922,0.3535468264622561
665019,932,0.010866840163825242,0.002165958662053665,0.008700881501771578,0.43142442758436295
663330,326,0.02121294648553884,0.002188053948377826,0.019024892537161015,0.16453532852936045
624503,546,0.007902219019477347,0.002246408309952133,0.005655810709525214,0.40435643703076624
592696,1003,0.009880632488472513,0.002251895813328389,0.0076287366751441234,0.39504669604298465
669137,59,0.007825427770455261,0.0024078947211202675,0.005417533049334995,0.3083154436756335
