pitcher_id,n_swings,mean_disruption_tax,mean_distortion_tax,mean_selection_tax,mean_distortion_share
643511,1153,-0.009020599136376182,-0.0018738193562701083,-0.007146779780106073,0.6655992546604855
502179,93,-0.00285584303211448,-0.001507943485008195,-0.0013478995471062857,0.5785033968927389
622379,69,-0.0012122993410125576,-0.0013131623702168688,0.00010086302920431109,0.7543959715410247
657044,801,-0.004655866114045031,-0.0010815675722918839,-0.0035742985417531476,0.6396052597778991
656266,62,-0.0013742111397423466,-0.0010382501903871705,-0.00033596094935517564,0.5870805036829656
682175,115,-0.0028890416433248224,-0.0009250188866655602,-0.0019640227566592623,0.5797955283442415
641427,53,-0.003456307947788637,-0.0008667587681064732,-0.002589549179682164,0.3740637154365749
801434,57,-0.00383432682081626,-0.0008278716981645833,-0.0030064551226516765,0.29771823060943914
687330,871,-0.004498286718737835,-0.000799503881355385,-0.0036987828373824497,0.5576122348189402
527054,200,-0.0020442800855913325,-0.00078898899465457,-0.0012552910909367626,0.49170187723514014
689981,133,-0.0028123049243147353,-0.0007840072491620905,-0.0020282976751526444,0.37191075083810793
650895,72,-0.0009392070946739407,-0.0007711159695353657,-0.00016809112513857508,0.5969564817437192
528748,88,0.000562377055257394,-0.0007614729965820067,0.0013238500518394007,0.38753078015035486
679775,178,-0.005564208028689435,-0.0007612663592495146,-0.00480294166943992,0.5071223512363994
621016,323,-0.004622015815070962,-0.0007514520580563257,-0.0038705637570146363,0.39473072234334
657612,973,-0.005476435790365829,-0.000747585106141892,-0.004728850684223938,0.641045886380172
687014,90,-0.00504988513221361,-0.0007368394635925883,-0.004313045668621021,0.27229300464939404
681810,137,-0.0021432162614412795,-0.0007070369773115345,-0.001436179284129745,0.4182623585268041
688297,422,-0.007526216501002325,-0.0006990081002979865,-0.006827208400704338,0.3175426431633344
668834,117,-0.0014377216848802717,-0.0006818750382906617,-0.0007558466465896099,0.6340480526972778
642232,1457,-0.0033938758924621066,-0.0006722024004977917,-0.002721673491964315,0.3980561729534475
667463,876,-0.004189965189186355,-0.0006708659134983739,-0.003519099275687982,0.4994853550929721
592254,52,0.0013127356797986499,-0.0006634156653547117,0.0019761513451533614,0.3209598119303824
607457,68,-0.004771717643975285,-0.0006624990196282764,-0.004109218624347009,0.26272248379806906
598264,85,-0.0033212469126088903,-0.0006495261224889338,-0.0026717207901199567,0.404867884585754
681799,269,-0.00278023580874225,-0.0006336704028504907,-0.002146565405891759,0.5789852753264667
663558,76,-0.0025825995760787447,-0.0006329069091835449,-0.0019496926668952,0.28986207518433826
682171,94,-0.00532089659331075,-0.0006264923198199397,-0.00469440427349081,0.4590877946205056
668873,98,-0.0010401065102534272,-0.0006197168029671,-0.0004203897072863271,0.819814948802947
669920,500,-0.002708468913978961,-0.0006025133023848441,-0.002105955611594117,0.4697845320851085
676969,99,-0.00706549903187371,-0.0005967900638990619,-0.006468708967974648,0.8810971621478068
661309,225,-0.00569194887509643,-0.00058731939305515,-0.00510462948204128,0.43453480997370497
571539,98,-0.001493485062934652,-0.0005789183541293705,-0.0009145667088052815,0.5107395300316624
669391,97,-0.003170543969866693,-0.0005772850574151558,-0.0025932589124515373,0.2893390255090402
605135,3021,-0.004330389046370594,-0.0005745798060388124,-0.0037558092403317815,0.45636766492302416
686930,182,-0.0017053631367657206,-0.0005677025966232249,-0.0011376605401424956,0.3499313573854527
571948,992,-0.0038806303904161234,-0.0005668284194159613,-0.003313801971000162,0.5045865058687127
643256,143,-0.005657020298390948,-0.0005657055603170288,-0.005091314738073919,0.44868630647526836
592866,1518,-0.003955930463479096,-0.0005649455258015839,-0.0033909849376775117,0.5711053184677773
687924,252,-0.0034506109159418864,-0.0005648591372908223,-0.002885751778651064,0.37141387007492266
676206,167,0.00125144264436767,-0.0005634496176844932,0.0018148922620521632,0.6168933932221411
656657,58,-0.0015888017812717707,-0.0005506481725549631,-0.0010381536087168076,0.6443613846715196
543294,2657,-0.0031239976584395836,-0.0005359841699188647,-0.002588013488520719,0.5988913852028469
687223,281,-0.003779898023004636,-0.0005358883301805175,-0.0032440096928241183,0.30293243625034644
668716,134,-0.00785704676088091,-0.0005291733958773178,-0.007327873365003592,0.48016575301875497
677976,105,-0.0023690470691834953,-0.00052068868377252,-0.0018483583854109755,0.6011188460048233
664079,72,-0.004769863403479609,-0.0005162898133148018,-0.004253573590164807,0.2589171475773461
678024,664,-0.001937625596506083,-0.0005159354163261078,-0.0014216901801799749,1.60598418301785
664208,1063,-0.0025949877471313555,-0.0005099391282986557,-0.0020850486188327003,0.49353324225162293
663321,176,-0.0005028867502711451,-0.0005098562621750176,6.969511903872488e-06,0.3006132552604106
448179,439,-0.0013485771615016017,-0.000499581789244955,-0.0008489953722566467,0.48434459529788426
425844,335,-0.00011522027842370745,-0.0004966310498292734,0.000381410771405566,0.6752142552424479
681151,89,-0.0004892332259028313,-0.0004957953975913171,6.562171688485842e-06,0.28062641389631515
570257,131,0.000573781465876111,-0.0004911651664756345,0.0010649466323517454,1.0544852544345276
694918,125,-0.002868148847515284,-0.0004885872099332783,-0.002379561637582006,0.3342674469930312
678821,243,-0.004884891867949574,-0.00048350602192965506,-0.004401385846019919,0.2991932534974666
681867,960,-0.0030886812478580074,-0.0004832948990638074,-0.0026053863487942,0.5482105615254571
502083,64,-0.0024821198444851364,-0.0004776787050664809,-0.0020044411394186555,0.42333210614314715
661440,240,-0.003010523880641319,-0.0004749633026042481,-0.002535560578037071,0.48259316122212964
687931,174,-0.0027566311513326095,-0.00047427743165958703,-0.002282353719673022,0.37828815714009584
681895,117,-0.002032875684966993,-0.0004683005840301875,-0.001564575100936805,0.46930305588581395
669947,430,-0.002560852428574014,-0.00046806196033463183,-0.002092790468239382,0.3357668606495514
519008,438,-0.0022525983392118645,-0.0004676653438649072,-0.0017849329953469578,0.7306174098944478
681982,807,-0.0018859408203623282,-0.00046735072178884175,-0.0014185900985734864,0.5593268007382818
642028,73,0.0010358866554995394,-0.0004571074482082761,0.0014929941037078152,0.5270941712180457
624647,187,-0.0008399595682755024,-0.00045340304499993185,-0.0003865565232755707,1.457093230096801
675848,479,-0.004537883373798772,-0.00045265487888712435,-0.004085228494911647,0.2769018036184015
641343,60,-0.0008643772397448671,-0.0004497231731002169,-0.0004146540666446503,0.31000344605434554
664028,96,-0.0040436880815578335,-0.00044803988481858836,-0.003595648196739245,0.28222155133526305
801403,785,-0.005597209547475381,-0.0004438293523846199,-0.005153380195090762,0.3343751221606976
572403,150,0.000923386415914373,-0.00043881432969365957,0.0013622007456080326,0.4062648648767278
668943,101,-0.005132790013370447,-0.00043817377000393164,-0.004694616243366515,0.23958292379005997
672841,496,-0.003847636916275256,-0.00043650437225006134,-0.003411132544025195,0.2985751749938775
676680,266,-0.0025520650356260187,-0.0004358938628720231,-0.0021161711727539956,0.4511228639685186
668338,487,-0.0028969019812685472,-0.0004327782197851433,-0.002464123761483404,0.3182150915244509
642629,158,0.0004056595271588238,-0.0004317707799268178,0.0008374303070856416,0.2692454885985705
643493,139,-0.0012783679218379973,-0.00042527609401103126,-0.000853091827826966,0.5877554065408903
594580,564,-0.0017725950351436955,-0.000421889770466978,-0.0013507052646767176,0.4209854924554826
694738,1080,-0.0016539936560887472,-0.0004099780999688718,-0.0012440155561198754,0.5941406959516741
669704,177,-0.0026095850570319267,-0.00038997146414956283,-0.002219613592882364,0.8425103029882209
595881,88,-0.0011341233476044362,-0.0003869281005530211,-0.000747195247051415,0.6320177982002924
695445,247,-0.0018868534664884865,-0.0003857677724524291,-0.0015010856940360572,0.42541128306515386
694335,392,-0.0041801052956619445,-0.0003837643252377451,-0.0037963409704242,0.3124261212715358
664875,738,-0.00219498685049711,-0.0003832951896226788,-0.0018116916608744314,0.4705789014817579
687911,673,-0.0027783770492150824,-0.00038292221304497733,-0.002395454836170105,0.3857488181655327
668868,380,-0.004797938310990257,-0.00038208491781474254,-0.004415853393175514,0.3168757598146546
686839,172,-0.004006999060035914,-0.000377235310429409,-0.0036297637496065056,0.4443859205911428
663687,1154,-0.0037577424834164784,-0.0003714060274904022,-0.003386336455926076,0.29950756565831005
641627,188,-0.0031453344453607887,-0.0003701525532449952,-0.0027751818921157934,0.33831076138268035
676714,145,-0.0015391269337995024,-0.0003686136023512934,-0.0011705133314482087,0.5044691583323246
671111,345,-0.0019341521979890542,-0.0003683103702914056,-0.0015658418276976486,0.46216539943291846
700241,767,-0.0033720883301141162,-0.0003658413216300428,-0.0030062470084840738,0.4555893140737778
676571,172,-0.0031234787132493227,-0.00036045548180685323,-0.0027630232314424692,0.5428232359421997
672552,79,0.0008893411804068061,-0.00035483647033430566,0.001244177650741112,0.30664148248081075
571510,1663,-0.0036109138048346853,-0.0003529772393549013,-0.003257936565479784,0.4661212648434682
664192,475,-0.003837070965120227,-0.0003469784785582399,-0.003490092486561987,0.284156845202415
519242,2408,-0.001108653222706191,-0.00034628281941367916,-0.0007623704032925119,0.4481537757983571
670036,601,-0.003476207221805032,-0.00034620681678376275,-0.0031300004050212695,0.34761295588669205
696147,143,-0.0018035061666336503,-0.00034554069897963017,-0.00145796546765402,0.4772029754590777
682010,147,0.0003348764324421627,-0.0003452638730335923,0.0006801403054757549,0.33736799338232615
608723,453,-0.002833968783025852,-0.00034379349099603897,-0.0024901752920298134,0.4654566377988367
691172,161,-0.004730521553681486,-0.0003410902834278249,-0.004389431270253661,0.40264315015687197
680704,734,0.0003891436409474972,-0.0003404786991979838,0.000729622340145481,0.675381353406171
605182,670,-0.0003295683117045066,-0.00033900400156536455,9.435689860857923e-06,0.2936852324854785
689690,363,-0.0018897740326169782,-0.0003380768960795753,-0.001551697136537403,0.4452417688010108
543521,165,-0.0022485240829706746,-0.0003370230795429126,-0.0019115010034277621,0.44326359196380044
605156,186,-0.004014757030334888,-0.0003370220447016291,-0.0036777349856332597,0.4803488950710318
663531,214,-0.0007025486064092548,-0.0003345555022525747,-0.0003679931041566801,0.449972326867388
687145,52,-0.0012027489622107189,-0.00032740043476251233,-0.0008753485274482066,0.22917706305100338
696131,334,-0.0019586919974643115,-0.0003249081335461906,-0.0016337838639181208,0.40590116855839886
678606,1004,-0.004370300129643493,-0.0003235013967797072,-0.004046798732863786,0.3129051468009758
670167,964,-0.0033473607208199516,-0.00032265134018493423,-0.0030247093806350174,0.9067239829354737
543766,333,-0.0023484508083634146,-0.00032178754121988735,-0.0020266632671435275,0.33155614549037743
506433,1311,-0.0018284722703599391,-0.0003208548836590958,-0.0015076173867008434,0.4542872102828097
656353,172,-0.0013988335956638654,-0.0003202586765924349,-0.0010785749190714304,0.339771366698221
621295,68,0.00026224637629121926,-0.00031328401765012853,0.0005755303939413476,0.3130708437712619
664123,102,-0.0031136320969244262,-0.00031306568786486404,-0.0028005664090595623,0.6903439492400585
691951,210,-0.00013072098578641427,-0.0003126701823558784,0.00018194919656946417,0.19834058803423024
518886,687,-0.0018079584972350677,-0.0003124919644676422,-0.0014954665327674254,0.3339397415362861
592789,249,-0.0022466961768455368,-0.00030439828378380743,-0.001942297893061729,0.36692937186009705
595014,538,-0.00044727595667721484,-0.00030359449926153047,-0.0001436814574156843,0.3967951793535906
683618,164,0.0009842919386122452,-0.00030010779110038835,0.0012843997297126337,0.20614797441050042
621097,72,-0.0012040786239904345,-0.0002990024301992937,-0.0009050761937911408,0.28883903795825305
660593,120,0.003304202256547533,-0.0002966842741981001,0.003600886530745633,0.31384087297998403
500779,2473,-0.0012924876396067312,-0.0002957364100539157,-0.0009967512295528157,0.3731375256731278
674285,453,-0.0038766509098731227,-0.0002950335284097246,-0.0035816173814633982,0.37827860826684584
594835,226,-0.001558383825870096,-0.00028638753218222183,-0.001271996293687874,0.40990991875109956
622786,421,-0.000580470471729977,-0.0002838431522040146,-0.0002966273195259624,0.46752498304916046
675989,229,-0.0017261989258049034,-0.0002810583300415128,-0.0014451405957633906,0.46595496325274754
682052,870,-0.000644172997710464,-0.00027848098193823564,-0.0003656920157722284,0.38681908173787827
547943,372,-0.0012939533755359361,-0.0002772339587306556,-0.0010167194168052805,0.5342772515961981
663423,987,-0.0006350319567389347,-0.0002722700280271736,-0.00036276192871176116,0.6427221228006285
660761,576,-0.002501654310071896,-0.0002708490957014007,-0.0022308052143704955,0.3405541549924101
623437,671,-0.002309405774052238,-0.0002676305647399328,-0.0020417752093123053,0.5163484263008529
691441,75,-0.0010086637997539997,-0.0002656257187635521,-0.0007430380809904476,0.22464175765585054
682825,157,-0.0006281262528546421,-0.0002645134923661927,-0.00036361276048844937,0.40000712647267445
680735,298,-0.0013583663837629324,-0.0002636868711971249,-0.0010946795125658074,0.32723355307652346
453268,137,-0.0017189310840566327,-0.0002621570621573952,-0.0014567740218992373,0.2611518324246745
656322,51,-0.006957803291098305,-0.00025783555523333553,-0.006699967735864969,0.18728163974016765
621051,828,0.000166327116625878,-0.0002569864909655722,0.0004233136075914502,0.3057582754268982
676254,1179,-0.0016940825144081467,-0.00025668160993259426,-0.0014374009044755523,0.5003854325409012
643410,958,-0.0004773178641133819,-0.00025633449495277385,-0.00022098336916060802,0.42334096948570005
680723,281,-0.0022531384314504544,-0.0002552250826366995,-0.001997913348813755,0.37659413130513913
688497,118,-0.0025296915265107596,-0.0002539093933653774,-0.0022757821331453824,0.3203761760968139
669145,55,0.0007304304447457827,-0.00025214718478893327,0.0009825776295347161,0.30126875816115817
608718,1122,-0.003169136417163625,-0.0002500303426194916,-0.0029191060745441333,0.3215636790323174
669467,2208,-0.004174813312076017,-0.000247764702560486,-0.003927048609515532,0.39759403971819096
622503,288,-0.0009257301510557468,-0.0002448677510600272,-0.0006808623999957194,0.4228055875500231
657277,3326,-0.0032151147065606882,-0.00023994316093487277,-0.0029751715456258158,0.6781078606496918
686610,541,-0.0016224154439400305,-0.00023988404028408073,-0.0013825314036559498,0.23592463232716057
571927,1043,-0.004271772611569949,-0.0002398694413750546,-0.0040319031701948945,0.31593049369201
669724,656,-0.0019378268971306704,-0.00023824349989442226,-0.001699583397236248,0.3741262126744987
542947,79,0.0025623823510304137,-0.00023818723942818472,0.0028005695904585984,0.5208145869190078
685326,208,-0.0008926499525774847,-0.00023812624961618811,-0.0006545237029612967,0.41263803509250124
608648,79,-0.000830846008883137,-0.0002372810128242815,-0.0005935649960588555,0.48422165857486554
593958,2076,-0.002492894190511055,-0.00023451507877230018,-0.002258379111738755,0.3028408823542819
623167,1962,-0.0007148740153101965,-0.00023192800031029075,-0.00048294601499990577,0.35563040034393617
658648,949,-0.0032309155128614833,-0.00023182053464375566,-0.0029990949782177276,0.48072977600467437
677944,1689,-0.0013634948041115536,-0.00023102339017759478,-0.0011324714139339589,0.49088193811612024
445926,490,-0.0028317487429462317,-0.00023038995515267747,-0.002601358787793554,0.31432776460158046
502171,527,-0.0007534592248673627,-0.00022818908999325138,-0.0005252701348741113,1.4763370403405007
670871,108,-0.00290662743478066,-0.0002271715731364956,-0.0026794558616441643,0.3428644777056735
676092,662,-0.002183245265014988,-0.00022556910218688965,-0.0019576761628280984,0.36858831345896254
663542,562,-0.004526819225594664,-0.00022512099178667269,-0.004301698233807991,0.40462090553684427
623465,589,-0.00331945469052056,-0.00022453937274818591,-0.0030949153177723737,0.356624265819487
685299,948,-0.0033430278815067774,-0.00022042086876364805,-0.0031226070127431294,0.35995222150907746
676428,722,-0.00035992057950323724,-0.00021824254481437385,-0.00014167803468886333,0.6141603954523038
668984,486,-0.0026770989147505016,-0.00021815118871100283,-0.002458947726039499,0.40681210420586605
543101,321,0.0005609380549811079,-0.0002178779213382468,0.0007788159763193547,0.5037004228412807
681892,592,-0.002076439664398835,-0.0002157847666951494,-0.0018606548977036857,0.4309577929039832
661403,1118,-0.004545264281144769,-0.00021393602671452856,-0.004331328254430241,0.32061486850701215
680880,289,-0.0022344037029254004,-0.000213053254546356,-0.0020213504483790447,0.32773937454218754
594943,195,-2.371145156215047e-05,-0.00021298720587839846,0.000189275754316248,0.46372624336780416
605488,1501,-0.0004211462167139215,-0.00021195012057132409,-0.00020919609614259742,0.36274957362582694
689672,320,-0.00026848722870304113,-0.00021159606459219814,-5.6891164110842925e-05,0.20143555543419017
453286,1481,-0.0013245726943806255,-0.00020932990444648108,-0.0011152427899341444,0.4074400822121369
621383,1289,-0.0028487744024566835,-0.00020849762037564683,-0.0026402767820810366,0.30534823062327693
628711,367,0.0004741805392814495,-0.0002071520498686481,0.0006813325891500976,0.2939533744796508
690916,514,-0.0022690869965741167,-0.00020191690245402208,-0.002067170094120095,0.4296445514451183
607359,54,-0.006045577201731993,-0.00020154904939470987,-0.005844028152337283,0.40588498179914123
605200,215,-0.002408912434809172,-0.0002015160930653884,-0.002207396341743784,0.4450254131975908
681035,378,-0.0008143535986015127,-0.0002004759543613357,-0.000613877644240177,0.22895862437759218
607481,934,-0.003273862308392481,-0.0001997318501268797,-0.0030741304582656013,0.6304229122809527
686826,719,-0.0037713320003042515,-0.00019882170312308676,-0.0035725102971811648,0.3058928498243158
701643,238,-0.002561464813794395,-0.0001975443520526592,-0.002363920461741736,0.3823576583516101
624133,2489,-0.0020733603648922017,-0.0001971573323718353,-0.0018762030325203667,0.5807088825971132
543272,155,-0.0005931993259381474,-0.00019714213931640726,-0.0003960571866217402,0.3684800744202521
605288,1743,-0.0023373089180920253,-0.00019626705437741733,-0.002141041863714608,0.9595299000152149
605513,385,-0.0018544644928419269,-0.0001936406641504015,-0.0016608238286915254,0.4721062585196488
668970,281,-0.00036657529187560155,-0.00019345292832448184,-0.0001731223635511197,0.35231880947492095
686228,98,0.0004703531122715337,-0.00019317218383301524,0.0006635252961045491,0.3566111423859913
612434,296,-0.0009614351597191285,-0.0001925478912607962,-0.0007688872684583322,0.4543289789524008
669952,194,-0.0021243703701839096,-0.0001917262277351914,-0.0019326441424487183,0.6900826292028379
696136,729,-0.0024329566893517294,-0.00019148088786442491,-0.002241475801487304,0.2676014266875511
700669,389,-0.002143809145614974,-0.00019093473750142644,-0.0019528744081135478,0.4260850714176433
690990,822,-0.0021664006839166305,-0.0001896371702423079,-0.0019767635136743226,0.2594106225826173
677161,698,-0.002768789455860383,-0.00018829284245930613,-0.0025804966134010767,0.2919688031933514
607200,2184,-0.001859704894420198,-0.00018576784670493816,-0.00167393704771526,0.4024291174599247
676477,857,-0.002952361431100039,-0.00018387762998833061,-0.002768483801111708,0.7861013897762086
669169,111,-0.00015448074011871314,-0.00018360522782023188,2.912448770151884e-05,0.5874364417041615
686654,122,-0.002760401706810606,-0.00018211272230141926,-0.002578288984509187,0.2586827594040995
606996,282,-0.0016099505823104062,-0.00018122205436325558,-0.0014287285279471504,0.35829139945984023
622259,187,-0.002996540869100744,-0.00018082857696462173,-0.0028157122921361223,0.3552965180857805
678368,1096,-0.0006485097213484024,-0.0001801958319643285,-0.0004683138893840739,0.33358309489490046
625643,1192,-0.0033257088209219386,-0.0001799518930759315,-0.003145756927846007,0.371404761287657
682227,596,-0.0012228009488187035,-0.0001789522563428148,-0.0010438486924758887,0.3207792321887996
675916,92,0.0010299755222981754,-0.00017750258023050333,0.0012074781025286788,0.2530997051617604
669620,254,-0.002676834176279177,-0.0001764649161009752,-0.002500369260178202,0.26584802026310245
683155,1239,2.3885890087939537e-05,-0.00017427137930111914,0.00019815726938905863,0.2276218192278578
661395,1156,-0.005519674730531969,-0.00017421738927191004,-0.005345457341260059,0.2969814695805121
670174,911,-0.003135019681275153,-0.00017389699974376628,-0.0029611226815313865,0.32641508651618983
806960,344,0.00016254201657337356,-0.000173542195451475,0.00033608421202484864,0.24957730309960538
641703,368,-0.001355771338076884,-0.00017313442369910025,-0.001182636914377784,0.3381536914421522
656427,2746,-0.00246559359437653,-0.0001728136189225846,-0.0022927799754539455,0.3974926977851434
650671,174,-0.005316008327454741,-0.00017223969483957547,-0.005143768632615165,0.08732536498676607
669713,844,-0.0007946928440002496,-0.00017164478246162098,-0.0006230480615386286,0.45472915333734276
667725,231,-0.001887565078927003,-0.00017077964373298838,-0.001716785435194015,0.5106286493159596
594902,1626,-0.0023283204568209917,-0.00016978515439717087,-0.0021585353024238204,0.3522581694200051
676265,183,-0.00024046985076693026,-0.00016666413784507917,-7.38057129218511e-05,0.36990279484075766
642547,3231,-0.0018541734792664837,-0.0001664899665290687,-0.0016876835127374152,0.29607519003941996
664776,235,-8.269506614256713e-06,-0.00016611596922473077,0.00015784646261047394,0.4175168302117392
829272,292,-0.0013072611144308425,-0.00016578756278829354,-0.001141473551642549,0.5072998492731221
518585,1020,0.0002444910578151334,-0.00016443231635927368,0.00040892337417440706,0.36223928866984884
687888,493,5.389346905126832e-05,-0.00016440639004375914,0.00021829985909502744,0.5012387422453988
805299,112,-0.006776316767325618,-0.00016432589086092276,-0.006611990876464696,0.5113440894065444
701121,75,-0.0030407824611885987,-0.0001642870752985103,-0.0028764953858900883,0.24725097173211896
691594,84,0.0027067045885803133,-0.0001641380354873418,0.002870842624067655,0.18288889085080995
663568,1073,-0.0035970953272904034,-0.0001633806378373965,-0.003433714689453007,0.36610840908731584
455119,822,-0.003803166786531597,-0.0001631018964484011,-0.003640064890083196,0.2653574554782584
663474,573,0.0005051734064864807,-0.00016253555491097446,0.0006677089613974552,0.27735315239517455
595897,94,-4.9644512507149446e-06,-0.00016245968544656157,0.0001574952341958467,0.2392966334708862
571670,549,-0.0017570602531759984,-0.00016232615186029226,-0.001594734101315706,0.35272098234151816
621053,794,-0.0008396234554151544,-0.00016126377548141642,-0.000678359679933738,0.2803732601066249
605154,740,-0.0011496265951321098,-0.00016011232165949184,-0.000989514273472618,0.45351655953777237
676534,901,-0.0027039586713304147,-0.0001593146196114954,-0.002544644051718919,0.4986731177780108
695534,68,0.002629061075145634,-0.00015902036712597484,0.002788081442271609,0.4471974971624048
686747,313,0.0015925830548877242,-0.00015838661751615727,0.0017509696724038815,0.371547755585457
674003,741,-0.0014800413601556808,-0.00015768294696535335,-0.0013223584131903275,0.30322256609208714
681402,301,-0.0022253884990230256,-0.0001562874982453187,-0.002069101000777707,0.3070457732124208
676664,2888,-0.0012328672866637807,-0.00015538734725803883,-0.0010774799394057419,0.37956576674718284
672860,163,0.0021980172679732625,-0.00015237423557594099,0.0023503915035492035,0.3800685477811392
593576,930,7.606185296161821e-05,-0.0001522850563762041,0.00022834690933782226,0.2653994175051704
592779,422,-0.0031426576706410784,-0.00015222921511516132,-0.0029904284555259167,0.22308450859074885
548389,924,-0.0007095956240069342,-0.00015180023545599238,-0.0005577953885509417,0.2733315131603228
664991,226,-0.00015055708537151327,-0.0001497390036959005,-8.180816756127548e-07,0.3831587857050076
657053,688,-0.000965435972845709,-0.0001485261834684074,-0.0008169097893773016,0.5709334775686253
665871,1622,-0.0028098397598210513,-0.0001483218814576536,-0.002661517878363397,0.35807165969564014
666159,542,-0.0018882210408417684,-0.00014744258534049256,-0.0017407784555012757,0.4137897911763831
571901,195,-0.003371589444175926,-0.00014677513784914223,-0.003224814306326784,0.4390736756366301
672582,1134,-0.002840836391930093,-0.00014576649404962662,-0.0026950698978804666,0.39029134075414357
690382,61,-0.0017255586356688026,-0.00014574637240330872,-0.0015798122632654937,0.4017106525714284
592767,797,0.0004912232547003802,-0.00014573607551817493,0.0006369593302185551,0.36762537423953195
573186,1521,-0.0002907277095734188,-0.00014477931160847233,-0.00014594839796494644,0.64447485933799
700270,206,-0.0013765319577782164,-0.00014413218058245063,-0.001232399777195766,0.2999214478514265
621111,1504,-0.0015361015678851356,-0.0001411691219725073,-0.0013949324459126284,0.3627788985165153
684974,63,-0.0014007617368462085,-0.00014041501232528206,-0.0012603467245209264,0.3926956220412898
663897,62,-0.0019189579865566315,-0.00013927076860534236,-0.001779687217951289,0.14889655481567585
666661,282,-0.004320639509998881,-0.0001381287730728313,-0.004182510736926049,0.16759288700450733
693433,2558,-0.003960354455910433,-0.00013731398186286084,-0.003823040474047572,0.2714779753685443
621389,987,-0.001972045697648148,-0.00013718298819208758,-0.0018348627094560601,0.4710685447808184
676614,183,0.002108638596702563,-0.00013660463632271354,0.0022452432330252767,0.2793755131954309
519141,372,-0.0007707169730224808,-0.00013610662354433535,-0.0006346103494781455,0.27413842210762823
592791,2649,-0.00035996997233856087,-0.00013575828458839195,-0.00022421168775016895,0.4588631639447816
596295,1929,0.00038351325467088826,-0.00013444101950184814,0.0005179542741727364,0.4707859469458408
456501,487,-0.002214708346230653,-0.00013401850340626686,-0.0020806898428243864,0.2627555504794734
572020,1072,-0.0017223730701282892,-0.00013277139852082263,-0.0015896016716074669,0.4114186474545094
669060,1360,-0.0018881823937581415,-0.00013260371268303153,-0.0017555786810751102,0.3639404829487749
663989,139,0.0007441129941356095,-0.00013170980376484245,0.0008758227979004517,0.6847839551364835
543475,620,0.0011805272777338808,-0.00012925412673411388,0.0013097814044679948,0.3476758367109755
605130,1118,-0.000737313695611389,-0.00012744247888355184,-0.0006098712167278372,0.5496198285699585
660813,229,-0.00508465263130571,-0.00012639521829014506,-0.004958257413015565,0.2061578060489185
623149,652,-0.0029906343271824632,-0.00012614550233177915,-0.002864488824850684,0.32869347389344095
542888,1284,-0.002362684961661207,-0.000125444589092791,-0.0022372403725684164,0.23455390240676868
521230,100,-6.451453684685783e-05,-0.00012540929539649933,6.089475854964166e-05,0.2899029640261138
544150,1125,-0.0014154768471567982,-0.0001231355998238528,-0.0012923412473329454,0.3493522025436933
608331,2885,-0.002391035934788292,-0.00012262262112312574,-0.0022684133136651663,0.5526083205464215
518617,416,-0.0023228045742643816,-0.00012216195287273132,-0.0022006426213916504,0.3376693536153214
676106,1230,-0.0027462900095492175,-0.0001214717843537534,-0.002624818225195464,0.34465684272165
641482,1546,7.051087346405922e-05,-0.00012130527331060842,0.0001918161467746676,0.2271553279685327
663795,183,0.0010897118049934074,-0.00011957594738225024,0.0012092877523756573,0.43246316407727003
701656,212,-0.0011360105908005615,-0.00011954443365946811,-0.0010164661571410933,0.3419143109781306
572971,345,0.0006622152918451541,-0.00011944697058818443,0.0007816622624333385,0.5890526897822902
680729,74,0.00016475781993976856,-0.00011793134428658266,0.0002826891642263513,0.6113427154001765
673540,1406,-0.001233229450772121,-0.00011784830378441304,-0.001115381146987708,0.3181184833773769
489446,1040,-0.003051543493167692,-0.00011776547992804595,-0.0029337780132396457,0.3459043028920242
672282,1665,-0.000955215725945953,-0.000117587975535719,-0.0008376277504102339,0.3203016351559528
571912,67,-0.00022661552689488736,-0.0001175520976927395,-0.00010906342920214772,0.15820386065833753
663455,217,-0.0012935766965435987,-0.00011726104101253667,-0.001176315655531062,0.24984216863088665
673929,756,-0.00029495680699715646,-0.00011680474303678558,-0.00017815206396037085,0.2231522379157456
608665,316,-0.00024262887080101427,-0.00011618281089588471,-0.0001264460599051296,0.31205962486456107
682847,1854,-0.0013143219732241812,-0.0001157960057254621,-0.0011985259674987191,0.47370235496932195
656629,891,-0.00046873781903142823,-0.00011505184951833195,-0.00035368596951309634,0.26425730714826107
493603,564,-0.0017019354746660965,-0.00011460361115223539,-0.001587331863513861,0.37495158000003703
573009,632,-0.001313846802026947,-0.0001135752222409434,-0.0012002715797860034,0.6609141042862158
690986,1405,-0.0017100818311673077,-0.00011162633459609678,-0.0015984554965712107,0.3712810902571323
814005,116,-0.0009891422358508115,-0.00011045824764917404,-0.0008786839882016376,0.28400308630000465
683627,700,-0.0027105967461564223,-0.00011034254325507392,-0.002600254202901348,0.3141113446626915
669212,636,-0.0009005481983570102,-0.00011004949729059675,-0.0007904987010664134,0.31520090855198796
682790,151,0.0015068013961852388,-0.00010965673619895603,0.0016164581323841946,0.21609745827303828
676755,419,-0.0026701543819831084,-0.00010898149342438884,-0.0025611728885587192,0.12615765542653753
607067,2636,-0.0016895187823337203,-0.00010881001280483126,-0.001580708769528889,0.33121604671060667
622608,1094,-0.0035117399745421686,-0.0001082670013607817,-0.003403472973181387,0.29544194719639366
657097,1178,-0.0006328189147524329,-0.00010819331269881937,-0.0005246256020536135,0.2660955770416566
663465,679,-0.0008134103538522,-0.00010750921445329734,-0.0007059011393989027,0.3628521846045798
605452,953,-0.0012627487585843086,-0.00010408231535329057,-0.0011586664432310181,0.36359229743727667
641360,335,-0.0008688070748183828,-0.00010352332076837445,-0.0007652837540500084,0.26193199227261454
668678,2893,-0.0007485784548247963,-0.00010296583613614525,-0.000645612618688651,0.458357389169138
694361,164,-0.004043612048489256,-0.00010180060437219957,-0.003941811444117057,0.2387572459791911
669160,919,-0.0009275582540456853,-0.00010172510230244662,-0.0008258331517432387,0.4749617183971534
607259,2410,-0.0006712636592591546,-9.898665787964698e-05,-0.0005722770013795076,0.3350136613640393
687424,188,0.0043385755603628515,-9.716958753505094e-05,0.004435745147897903,0.37908435932422396
669923,3001,-0.0028558441335133763,-9.711853520213726e-05,-0.002758725598311239,0.4767177507708799
656756,1403,0.0002261010358095252,-9.678662058162295e-05,0.00032288765639114814,0.4704033418664142
519326,668,0.00017813861153047344,-9.649724550616342e-05,0.0002746358570366368,0.4269127303579989
682842,746,0.0006312902351476362,-9.419366843584355e-05,0.0007254839035834798,0.40815292412084664
669912,157,-0.0031220052326764733,-9.374600649469978e-05,-0.003028259226181774,0.43876644548997373
695076,224,-0.0017558184892211392,-9.309162824860148e-05,-0.001662726860972538,0.7268502245065172
668933,1482,-0.003686782580573294,-9.155713127831965e-05,-0.0035952254492949737,0.38842967288421626
820862,270,0.0006187575158403031,-9.141684371215162e-05,0.0007101743595524548,0.27595408903959046
686539,530,-0.0027258852791897164,-8.960610142088903e-05,-0.002636279177768827,0.5160911948785321
676760,316,-0.0014440326453720692,-8.934334298623822e-05,-0.001354689302385831,0.43991145567703266
686294,176,-0.0034706114390278126,-8.896361251321561e-05,-0.003381647826514597,0.2719336244610973
702674,311,0.00010506679414043813,-8.855626115973025e-05,0.0001936230553001683,0.3264143887473437
671106,2197,-0.0011775323475050818,-8.73218585423086e-05,-0.0010902104889627731,0.3399360313055692
675512,302,0.0002457869478417093,-8.598060760738094e-05,0.0003317675554490902,0.32235943705505227
686799,1283,-0.001293749302577292,-8.549605142686382e-05,-0.0012082532511504282,0.37960478625422606
593833,83,0.0021455996358483178,-8.533217321866127e-05,0.002230931809066979,0.11963714607459468
693645,605,-0.004197985044181194,-8.517818149937382e-05,-0.00411280686268182,0.5445291245616952
815083,186,-0.0007793276450206309,-8.412801597114157e-05,-0.0006951996290494891,1.6185099535813714
670241,260,0.0004687653652279964,-8.266500320703012e-05,0.0005514303684350265,0.32845949865104807
677955,295,-0.0005126343288712136,-8.142269195300287e-05,-0.00043121163691821064,0.37338530740750003
676083,916,-0.0013436017566588947,-8.139940863297572e-05,-0.0012622023480259189,0.4797210382721644
670046,418,-8.373227070741833e-05,-8.117438437312619e-05,-2.5578863342920526e-06,0.2553657367508527
663992,346,-0.00044247034253445543,-8.100270006049622e-05,-0.0003614676424739592,0.45540259949121886
656550,1395,0.00010764262942536453,-8.096359351915761e-05,0.00018860622294452215,0.48980101948895455
687765,1756,0.0004186280204193417,-7.877224306544734e-05,0.0004974002634847892,0.5650409154885692
605177,811,-0.00030861959157830034,-7.829248935607145e-05,-0.00023032710222222892,0.4305454006018049
641149,69,-0.0021391942006344458,-7.812553514204254e-05,-0.002061068665492403,0.21675888476701768
670102,1366,-0.0002799611261941402,-7.811220630899559e-05,-0.0002018489198851446,0.34584862847417536
622072,585,-0.001733319006395245,-7.804711060183888e-05,-0.001655271895793406,0.6766815950592829
695418,1015,-0.005931076399694306,-7.546709855070915e-05,-0.0058556093011435965,2.6557908623830633
605540,870,-0.0014077129002205138,-7.53460961477946e-05,-0.0013323668040727192,0.21361700673592524
605121,416,-0.000980102746942788,-7.496263963165235e-05,-0.0009051401073111359,0.3099765461469596
701542,1322,-0.00131139513176427,-7.212664761882125e-05,-0.0012392684841454485,0.4227819794654813
694477,953,-0.0006019052814104621,-7.211864038459332e-05,-0.0005297866410258689,0.2462451767433202
669194,2676,-0.0036078069603324367,-7.073156790144284e-05,-0.003537075392430994,0.23631833115893616
657514,853,-0.0016592138775568008,-7.022254249163494e-05,-0.0015889913350651656,0.4683056528381049
542881,2843,0.0007618358243920504,-6.934294123874535e-05,0.0008311787656307958,0.22127464275118908
502043,1755,0.00045585414955498407,-6.832169003579926e-05,0.0005241758395907833,0.4436548873635118
458681,1513,-0.0010558033973811756,-6.77028525074169e-05,-0.0009881005448737587,0.34593041055249923
622694,106,0.0021246184222502595,-6.670611166080436e-05,0.0021913245339110635,1.3268320531766244
608372,1142,-0.00010830506811825218,-6.633287832327815e-05,-4.197218979497403e-05,0.3760974690542233
598286,222,0.00015664051333906818,-6.56126260299115e-05,0.0002222531393689797,0.3399493552744704
687830,378,3.424699626504343e-06,-6.548314844247124e-05,6.890784806897562e-05,0.5764760909074383
686563,1721,2.532482471344376e-05,-6.24555647707026e-05,8.778038948414638e-05,0.41618009727266575
687792,739,-0.0019223993747857192,-6.082652116206499e-05,-0.001861572853623654,0.31793749689810546
656232,363,0.00047419683202442665,-6.0710219880372285e-05,0.0005349070519047991,0.41997663747023617
660600,136,-0.0022937513868376996,-6.007507844901158e-05,-0.002233676308388688,0.3222552644182796
547184,535,-0.00012698619377705977,-5.9669371252136855e-05,-6.731682252492299e-05,0.4222347547859732
669111,98,0.0015971439468393744,-5.94291007977147e-05,0.001656573047637089,0.39136529378948165
666171,524,-0.00117307857874059,-5.9307535745883264e-05,-0.001113771042994707,0.34878545241157205
675911,1599,-0.0026726728244175295,-5.829136937696616e-05,-0.002614381455040563,0.27440252064579884
686973,999,-0.002895240446071836,-5.8052018869188146e-05,-0.002837188427202648,0.5585761409583092
663941,778,2.6436914625304563e-05,-5.7373407980058965e-05,8.381032260536356e-05,0.40561832993977953
640455,2284,-0.002632816474622675,-5.721356115970408e-05,-0.002575602913462971,0.4372381834682038
668909,2334,-0.001859088840933175,-5.574921820125731e-05,-0.0018033396227319174,0.4918231128580466
676702,532,-0.000838989492800249,-5.490445646190206e-05,-0.0007840850363383468,0.3697700688760371
657265,93,-0.0020207814283580102,-5.313492403858325e-05,-0.001967646504319427,0.3089198293299094
675540,661,-0.00026271289557097406,-5.240029430820213e-05,-0.0002103126012627719,0.36003726980998785
676742,63,-7.844906478114777e-05,-5.185512536626545e-05,-2.6593939414882544e-05,0.12241275233090877
663776,1066,-0.000630219371593044,-5.157227405787091e-05,-0.0005786470975351731,0.42631637240256814
579328,3234,-0.0014582567070394051,-5.115255188203788e-05,-0.0014071041551573674,0.4403761245609893
596271,311,5.197053650540652e-05,-5.0647842875351056e-05,0.00010261837938075758,0.4573913517286225
687922,392,0.00048651857070279814,-5.0320101810726244e-05,0.0005368386725135242,0.1880948204556369
608032,1129,-0.0010201040070039365,-4.996046103798517e-05,-0.0009701435459659513,0.18852311320894596
681751,63,0.0015741120918694317,-4.968311092463771e-05,0.0016237952027940694,0.15944584415167307
669711,1018,-0.00115583888955463,-4.9677946966634155e-05,-0.0011061609425879958,0.32715504305567367
679883,89,0.001419009525445081,-4.956160019656597e-05,0.0014685711256416472,0.30771676479328375
571760,2645,-0.0009724355314814616,-4.939255523571884e-05,-0.0009230429762457427,0.38524164171156283
665152,2763,-0.0005134412084730999,-4.830717489991681e-05,-0.00046513403357318305,0.291285437124919
608717,815,-0.001242720446437382,-4.7154619343139494e-05,-0.0011955658270942425,0.34834171965304683
458677,799,-0.0023877080405579764,-4.708506243050553e-05,-0.002340622978127471,0.21367810679563998
664139,457,-0.002925641620455952,-4.645872104806214e-05,-0.00287918289940789,0.21653427404504097
680744,196,-0.001506170937506566,-4.630541994328453e-05,-0.0014598655175632812,0.3046378308265809
681432,173,-0.004034999555416193,-4.567194683356022e-05,-0.003989327608582634,0.23211461271036174
686752,2515,-0.0002457284948880147,-4.4876924854112485e-05,-0.0002008515700339022,0.3032702613290263
683175,296,-0.0023030450678455175,-4.3156503977666706e-05,-0.0022598885638678507,0.2268757873050401
622098,375,0.0004484166063858738,-4.2887482279304e-05,0.0004913040886651779,0.249145114200958
542585,308,-0.001226145054188303,-4.2503805121646276e-05,-0.0011836412490666567,0.28562492836351305
663432,508,0.0004406636338142971,-4.239144302201396e-05,0.000483055076836311,0.1834010258929046
656793,69,0.0038663386322770124,-4.2147527493013036e-05,0.003908486159770025,0.2983713112500954
681806,134,0.0018179411123066891,-4.1554764852515065e-05,0.001859495877159204,0.2027007947713789
672715,121,0.0004101893743928299,-4.1529364314783224e-05,0.0004517187387076131,0.29709021157183546
595928,302,-4.265068403675404e-05,-4.151580644856605e-05,-1.134877588187991e-06,0.22464748111281443
671096,2794,-0.00020371311319958716,-4.15045055630932e-05,-0.000162208607636494,0.28465511804374366
657140,77,-0.0010720227132700732,-4.062627498572255e-05,-0.0010313964382843506,0.6162119775600041
668941,894,-0.0006750191461559803,-4.033726086998992e-05,-0.0006346818852859904,0.519555510015194
675921,276,-0.003064072588743559,-3.881484040493521e-05,-0.003025257748338624,0.3309711497046234
663765,603,-0.0010882581075409195,-3.867251159448098e-05,-0.0010495855959464385,0.45673580225188776
676684,1186,-0.0038257750004737174,-3.705092254417479e-05,-0.0037887240779295424,0.2672204680279472
664351,140,0.0026019726863861538,-3.661871955857528e-05,0.0026385914059447297,0.2167566522793017
573204,939,0.001673830194875917,-3.5962472087017514e-05,0.0017097926669629347,0.3389601640167352
661527,442,-8.391894804460185e-05,-3.575939452878897e-05,-4.815955351581286e-05,0.41822462977316366
680736,778,-0.0021533158878993767,-3.5216452520098246e-05,-0.0021180994353792782,0.3090891447510676
690997,301,-0.0033143605283738257,-3.3777090309131516e-05,-0.0032805834380646944,0.49868534915654483
676596,225,4.411122266963555e-05,-3.20991440254723e-05,7.621036669510782e-05,0.47915976722757514
641401,398,-0.000768013718169069,-3.187189308628438e-05,-0.0007361418250827847,0.2733951918071311
664129,144,0.0005968202936840021,-3.1572633476689645e-05,0.0006283929271606917,0.3249842638302349
641871,156,0.0012893579126193957,-3.154437174547061e-05,0.0013209022843648662,0.22346021554928797
660787,358,-0.002583971679009667,-3.0670269038388596e-05,-0.0025533014099712787,0.3104638801287587
608678,365,0.00012765956419863558,-3.0542726700165673e-05,0.00015820229089880122,0.3115867828518281
519293,443,0.001962629930648218,-3.032304855194344e-05,0.001992952979200161,0.3348668616636082
642016,156,-0.0013140551289334552,-2.9795818057016474e-05,-0.0012842593108764388,0.30484552951507415
678020,363,-0.002873430025800381,-2.9360791195517838e-05,-0.002844069234604863,0.3813827728787395
666204,253,0.0019433872669496323,-2.8965145104150488e-05,0.001972352412053783,0.4952911967160364
669330,372,0.0019113656393581185,-2.8803991385576153e-05,0.0019401696307436947,0.26775543842340493
445276,921,0.0009872998772535323,-2.7781051713084363e-05,0.0010150809289666165,0.12400009997128096
691587,1114,0.00019186445976217959,-2.68460330715901e-05,0.00021871049283376967,0.2500759494958007
656457,551,-0.0003412018041992056,-2.6316601672201506e-05,-0.0003148852025270041,0.47150061357984824
656605,3105,-0.002598687222497949,-2.5439521864124507e-05,-0.0025732477006338247,0.41284082714051074
664299,1028,0.001206393609417011,-2.5261001077565592e-05,0.0012316546104945765,0.294140610819453
663362,1258,-0.0006619233498458417,-2.433785952385592e-05,-0.0006375854903219859,0.42959175261142757
674444,430,-0.0030421364044071696,-2.431238819224313e-05,-0.0030178240162149262,0.33218409278026995
681190,1893,0.00028323214495579917,-2.429450869059815e-05,0.0003075266536463973,0.3602153702190858
669721,412,-0.0008448319923528713,-2.3824680118929332e-05,-0.0008210073122339419,0.2705450433791417
678906,281,9.891810180739122e-05,-2.3512510716825758e-05,0.00012243061252421698,0.40606902295496966
573124,916,-0.0014197759488010892,-2.3472765085303547e-05,-0.0013963031837157859,0.8030679287009852
693855,463,0.000370379851926232,-2.2821862194710572e-05,0.0003932017141209426,0.29094955501079595
668968,176,-7.918260075614358e-05,-2.1862355240446107e-05,-5.7320245515697494e-05,0.25766639479031056
571945,3027,-0.0013247419342677258,-2.1791803970236836e-05,-0.0013029501302974891,0.3721325320241478
694363,786,-0.0011094427690641648,-2.13888301408703e-05,-0.0010880539389232946,0.3808248107570829
663804,252,-0.0014207750297635417,-2.1095364567789488e-05,-0.0013996796651957522,0.25475795388325123
657756,265,-0.0023147604862912177,-2.0861881338257538e-05,-0.00229389860495296,0.3523884618332656
641771,389,0.00018710130926884557,-1.980367443962824e-05,0.00020690498370847391,0.7497961852957449
663372,1408,-0.0011184322328338984,-1.9499427022779723e-05,-0.0010989328058111185,0.4388626306554268
669093,1095,-0.001428804143702176,-1.8650692525233203e-05,-0.0014101534511769425,0.2547634813263088
687396,329,-0.00042619337296435314,-1.838074620022585e-05,-0.0004078126267641272,0.19310149978253557
621199,423,-0.0020799453693101542,-1.743393414539733e-05,-0.0020625114351647575,0.34397538925945215
663574,825,-0.0017411575133940446,-1.5034684369136387e-05,-0.0017261228290249083,0.26622754614775773
657697,102,-0.0013984386321196191,-1.4465525653783943e-05,-0.0013839731064658352,0.5532313941123213
663158,1251,-0.004210950007871765,-1.3795373209819115e-05,-0.004197154634661945,0.13852195510794807
608337,1630,0.0008796340076957864,-1.3659017279792683e-05,0.0008932930249755791,0.28326929740425755
670766,354,0.0003952301934942991,-1.353058542837713e-05,0.0004087607789226761,0.30956575675740583
622663,2955,-0.0021512791400433986,-1.3409671681502657e-05,-0.002137869468361896,0.3261102519389829
686218,869,-0.0003971590459116145,-1.2671833407967313e-05,-0.0003844872125036472,0.3387291822885124
687863,535,-0.0021207105502346443,-1.2498679156078274e-05,-0.002108211871078566,0.6487831464234342
666205,540,-0.002277880898243655,-1.2442904627991172e-05,-0.002265437993615664,0.25239448736155723
592229,161,-0.0011806459362415792,-1.1414184992094554e-05,-0.0011692317512494847,0.36893373853970973
679156,140,-0.0008101328917633518,-1.1266107047753776e-05,-0.0007988667847155981,0.34499673261018493
663671,257,-0.0007036727440605221,-1.0926111303158403e-05,-0.0006927466327573637,0.1735282213953839
687606,189,-0.0011257346068963188,-1.0814861430557774e-05,-0.001114919745465761,0.1985331455625761
571578,2856,0.0006028215476813406,-1.017342557146088e-05,0.0006129949732528014,0.4774709934916863
690829,329,-0.0022509763877561224,-1.0041290890043718e-05,-0.0022409350968660784,0.2670264983662653
657508,646,-0.0014809788470777,-9.581547047699515e-06,-0.0014713973000300008,0.33318994394039153
663623,3148,-0.0008337245889270571,-8.684280178338275e-06,-0.0008250403087487187,0.4511739617145834
608566,964,-0.0011046198079577465,-8.365688306608157e-06,-0.0010962541196511382,0.3003298694022373
622780,131,-0.001882082247325209,-7.942168980113576e-06,-0.0018741400783450952,0.28015146533020147
695243,1025,-0.002244569613864532,-6.665823860546612e-06,-0.002237903790003986,0.2492545891009841
674072,442,0.00012436800280617857,-6.419969824303093e-06,0.00013078797263048174,0.42233097200406283
686993,543,-0.0005383504130128471,-6.163367608677511e-06,-0.0005321870454041695,0.26355862694907106
502624,674,0.0003277824387922526,-5.867700915377318e-06,0.00033365013970762986,0.4251093574855764
669270,146,-0.0008475765679876833,-5.634678815346062e-06,-0.0008419418891723372,0.21984912827835798
680730,2462,0.0001676847186101332,-5.476451885708307e-06,0.0001731611704958415,0.33690666769460975
663562,345,-0.0014409522447156444,-3.885454165856871e-06,-0.0014370667905497874,0.3828601075413542
800311,126,-0.0009885923248640516,-3.557698765839571e-06,-0.000985034626098212,0.2746177568628964
642100,811,-0.0016354921409846514,-2.921091238617234e-06,-0.001632571049746034,0.46376052749804747
623352,1193,2.5551623940094327e-05,-2.3543958320520324e-06,2.7906019772146316e-05,0.23457949538662223
622491,3493,-0.001945287922587126,-2.3346021446625697e-06,-0.0019429533204424634,0.4146652451393914
676467,694,0.0013114735122760762,-1.7096731363685354e-06,0.0013131831854124448,0.28036889056718334
663978,1937,-0.000746037363971968,2.5252135608052987e-08,-0.000746062616107576,0.7415430711044856
672456,1360,-0.0007168157075205247,8.609552360120971e-08,-0.0007169018030441258,0.38545393270503
686642,301,-0.0022454086317048065,6.152478344576375e-07,-0.0022460238795392637,0.3455908769843295
670990,620,-0.002293059097435898,9.89486937447982e-07,-0.002294048584373346,0.4221912608163574
641778,816,-0.0005172865360336918,1.0379568167457895e-06,-0.0005183244928504377,0.27396341669476587
657006,1737,-0.0025412388598882907,1.515144163006486e-06,-0.002542754004051297,0.3716244023503126
669373,3338,-0.0018623196253890243,2.285918175783083e-06,-0.0018646055435648072,0.2693467164469971
670810,139,-0.0009688527402344007,2.443752826846121e-06,-0.0009712964930612467,0.49421864751901345
622554,1082,-0.001339600470773243,2.5239532915852637e-06,-0.001342124424064828,0.36256536935164874
670950,762,-0.0003092046449015128,3.970396960949613e-06,-0.0003131750418624624,0.3587033186426529
641729,708,0.0004827744486512643,4.339769360584978e-06,0.0004784346792906794,0.2745770587889835
656222,964,-0.001120801154503234,4.570980547851066e-06,-0.001125372135051085,0.21213271191010366
681916,75,-0.0041779492733354335,4.789564744751708e-06,-0.004182738838080185,0.12097400025341723
692230,199,0.0013928134836242194,5.557218336941502e-06,0.001387256265287278,0.3959847342194688
523260,282,-0.002542030726350783,5.977382777329994e-06,-0.0025480081091281133,0.5678701173973705
663903,2838,-0.0010530057945652125,5.993943804022218e-06,-0.0010589997383692348,0.4567521330195569
694297,3112,-0.0007546682703660475,6.499037858521383e-06,-0.0007611673082245689,0.6306338514044716
642520,260,-3.125387463018256e-05,6.734436863394029e-06,-3.7988311493576595e-05,0.2840696888920627
605463,758,-0.0008747212119496586,7.543900320571606e-06,-0.0008822651122702302,0.4208097450996659
642048,508,0.0002615294038825376,7.6850666756754e-06,0.0002538443372068623,0.43271421316747627
657376,1630,-0.0009310126902803193,8.401186796328559e-06,-0.0009394138770766478,0.5541521566093586
669387,1288,-0.0012059696494149267,8.569418263631084e-06,-0.0012145390676785578,0.4155974548845847
621107,2124,-0.001301434952950698,1.0000122816654053e-05,-0.001311435075767352,0.4692964818487648
621112,1294,-0.0006871812628681144,1.1702883072913033e-05,-0.0006988841459410274,0.6712448687144266
697812,57,-5.2711832804569945e-05,1.2250125938626482e-05,-6.496195874319646e-05,0.5025678589075406
687798,215,-0.0014533862014149913,1.358481617560458e-05,-0.001466971017590596,0.1995055673493194
600986,315,-0.0003126455473810574,1.4191878490641092e-05,-0.00032683742587169844,0.226272367881894
679885,683,-0.0024707814926261764,1.4771409711667238e-05,-0.0024855529023378436,0.27756814642414945
680742,380,-0.0015055736306779986,1.4994197323141422e-05,-0.0015205678280011397,0.28410110448318837
666711,136,-0.00429025723245282,1.5373535645753145e-05,-0.004305630768098572,0.44885658802258804
660604,70,-0.0008449614634016545,1.5488063933742115e-05,-0.0008604495273353964,0.15118128430800643
656731,1531,-0.0021109057355859022,1.6224532650786954e-05,-0.002127130268236689,0.35823228780388355
605400,2681,0.0004990074060805793,1.7453630652761137e-05,0.00048155377542781816,0.651369686003006
623451,124,-0.004020605462404037,1.8759723634364352e-05,-0.004039365186038401,0.40332770486108643
660853,1281,-0.0004803880292946333,1.9697826235155307e-05,-0.0005000858555297886,0.3597506361199548
621381,1187,0.00029124944291197797,2.0006787472909473e-05,0.0002712426554390685,0.21624159746844032
660730,135,0.0022885268014397413,2.0974757289740623e-05,0.002267552044150001,0.22523718804871662
663855,1439,-0.001379922554759046,2.2040224575744003e-05,-0.00140196277933479,0.4958643933054943
593423,1493,-0.0008400014487241259,2.2261058733545326e-05,-0.0008622625074576712,0.3131774813169453
541640,492,0.0010536831739069768,2.274572628679716e-05,0.0010309374476201796,0.3299012652150206
672851,460,-0.0009589395110642121,2.4315454244418488e-05,-0.0009832549653086306,0.24340826717324807
694037,713,-0.0021584273777256963,2.6433107082154696e-05,-0.002184860484807851,0.2386066457107381
592332,3338,-0.001782049685797078,2.8464341008564062e-05,-0.001810514026805642,0.29685112061310664
605483,1721,-0.0005932760281664522,2.9583699643285663e-05,-0.000622859727809738,0.40628192476806796
554431,124,0.00116883935033582,2.9863910455496573e-05,0.0011389754398803233,0.31524393858687294
666142,2446,-0.00012290551490336742,2.987428243232943e-05,-0.00015277979733569684,0.27633386837701235
502085,777,-0.0017699547402606499,3.0841235997602365e-05,-0.001800795976258252,0.541981504835237
701519,293,-0.0016060039936581067,3.225706973542636e-05,-0.0016382610633935328,0.344123617166844
571863,253,-0.0007689543253430142,3.245425913832296e-05,-0.000801408584481337,0.3121940242079021
687064,424,-0.0004774180482557312,3.389573642603518e-05,-0.0005113137846817665,0.4361795616762985
680686,503,0.00012416021239470198,3.6533669241488064e-05,8.762654315321399e-05,0.322239063628534
641540,1420,-2.0129155835086964e-05,3.728524049791014e-05,-5.7414396332997105e-05,0.38596807000852434
671212,813,-0.0009294700482277014,3.744884718757967e-05,-0.000966918895415281,0.3096379218052662
650633,2029,-2.528756500648171e-05,3.962676167985482e-05,-6.491432668633656e-05,0.351803435885155
656234,861,-0.0005037726517751024,3.986259577883504e-05,-0.0005436352475539373,0.5136460029966496
543351,338,0.0015607759740503993,3.995584959057926e-05,0.00152082012445982,0.2987473963618486
681343,1086,-0.0024749797074040607,4.1064081653420325e-05,-0.002516043789057481,0.36496809671390296
571882,863,0.0007468824592268087,4.1201318912252814e-05,0.000705681140314556,0.572477150567072
700249,1415,0.0006041280308094904,4.1527443590028456e-05,0.0005626005872194619,0.46130649834796444
425794,284,-0.0003765556653034883,4.215950358644368e-05,-0.00041871516888993183,0.40728367252687414
669203,2346,-0.000939472165516152,4.238633461157903e-05,-0.000981858500127731,0.49111369966880813
600917,834,0.0011991630410527925,4.444215701871853e-05,0.0011547208840340742,0.2141902508271856
672710,536,-0.0011238735159309345,4.5181432960746966e-05,-0.0011690549488916815,0.28306132840035364
608379,2752,-0.0005340470635743864,4.670475547036617e-05,-0.0005807518190447526,0.3218907116449826
650960,187,-0.0009430287755081882,4.7259233086224966e-05,-0.0009902880085944134,0.19239293979647315
660271,569,-0.0016068534092203005,4.753251193170207e-05,-0.0016543859211520025,0.3478215031579769
642216,382,0.001345890018167253,4.7856208762363845e-05,0.0012980338094048891,0.4502475781982961
672782,600,-2.77772848575308e-05,4.793893881606075e-05,-7.571622367359153e-05,0.36677823424508255
489119,478,0.000887684801711136,5.014783721408978e-05,0.0008375369644970461,0.2892594262606175
608650,380,-0.0016048843217725992,5.0283259949909356e-05,-0.0016551675817225086,0.4268179519177884
606160,1008,0.00019519256040461007,5.041797285856527e-05,0.00014477458754604477,0.872700002319634
674384,98,-0.0014551654738230555,5.042029597044651e-05,-0.001505585769793502,0.1704076248279242
641726,105,-0.001015923980755313,5.058872843283469e-05,-0.0010665127091881476,0.32805825249167386
669084,671,-0.00038628010309625654,5.066598644678846e-05,-0.0004369460895430449,0.38058229969065416
686730,933,-0.00024447040471414723,5.15373698736062e-05,-0.0002960077745877534,0.3337993119965963
592351,1326,-0.0007336345514612436,5.1593379868347605e-05,-0.0007852279313295911,0.3452988466751502
671345,639,-0.002767120663141628,5.2721287422033574e-05,-0.0028198419505636617,0.26435372549526215
664350,247,-0.0029482374981576027,5.413587014813107e-05,-0.0030023733683057345,0.29657132579442863
685126,581,0.0002592778552822013,5.49594726600096e-05,0.00020431838262219173,0.45263479112626215
801139,158,-0.0038091885300621333,5.589595205016746e-05,-0.0038650844821123006,0.18616305930282312
571479,96,0.000123426500860896,5.722131600639891e-05,6.620518485449705e-05,0.20261587471959672
594798,1342,0.00021192254596373312,5.777037503034448e-05,0.00015415217093338866,0.3554124536871237
570632,1391,0.0018875112267696887,5.815264404713423e-05,0.0018293585827225544,0.31285054029584697
669199,560,0.00147088175119207,5.840161741516069e-05,0.0014124801337769093,0.2736375550246325
664062,525,0.0015471995998676904,5.99029540611592e-05,0.0014872966458065312,0.4245836564397523
663567,811,-0.0009999549567220232,5.9956785682244125e-05,-0.0010599117424042674,0.3738802406272226
672578,848,0.000230111661275434,6.035167772317377e-05,0.00016975998355226024,0.22016587438342258
668390,399,-0.0006997781471800956,6.211904179553481e-05,-0.0007618971889756304,0.30602764776664726
669062,696,-0.00047673555339695884,6.232668052701118e-05,-0.0005390622339239699,0.4323199741925483
682989,180,-0.0014655991373664526,6.238049254373894e-05,-0.0015279796299101916,0.4030563764065045
680767,939,-0.00297849903955426,6.32059061513702e-05,-0.0030417049457056302,0.3121988205365181
607644,317,0.002192235266425922,6.322973697669161e-05,0.0021290055294492308,0.22351456626751118
681517,977,-0.0012351560134917898,6.511401257440988e-05,-0.0013002700260661998,0.4616636625603371
621363,503,0.0021220121490216366,6.570192017985305e-05,0.002056310228841783,0.5956824085626999
628452,1129,0.00018089994266883578,6.572376281622076e-05,0.00011517617985261506,0.32938253959946356
519043,603,0.0001478566842496092,6.622202109101509e-05,8.163466315859414e-05,0.30001882934199026
642152,368,0.0012491690924661184,6.690319595640031e-05,0.001182265896509718,0.24254807529376363
608334,889,-0.00011539809877990104,6.747407674983514e-05,-0.0001828721755297362,0.3454502660905677
671305,303,-0.0029920333685707202,6.792119091865364e-05,-0.003059954559489374,0.2812905272081704
680684,234,-0.0005386770737400502,6.876167803714397e-05,-0.0006074387517771942,0.32429743692199986
670955,939,0.001738389621976559,6.901990007865971e-05,0.001669369721897899,0.4399994846715155
500743,50,0.005937636484001199,6.996002589148897e-05,0.0058676764581097095,0.12081319147796857
656876,1248,-0.002124676146210837,6.999373509315051e-05,-0.0021946698813039875,0.245002155261977
671922,1104,-0.00369508006970029,7.04267484583077e-05,-0.003765506818158598,0.2786520147186657
663986,234,0.0011147201015132703,7.05790211314185e-05,0.0010441410803818515,0.3200824929444232
543243,2853,0.00010012389353148463,7.12227777777035e-05,2.8901115753781116e-05,0.6059648573775864
681676,768,-0.0004805378760464085,7.125385474043716e-05,-0.0005517917307868457,0.3925383856262931
681168,136,0.0005810623337816592,7.289898329521308e-05,0.000508163350486446,0.2836144682905731
676263,541,0.0003615408504721734,7.360416825497985e-05,0.0002879366822171935,0.37294707776729247
621244,2889,-0.0005410417889204194,7.39289152733124e-05,-0.0006149707041937317,0.3905441564829133
606965,376,0.0012288438419256343,7.404238151885468e-05,0.0011548014604067798,0.3083039175623978
640462,812,-0.0018325596613010778,7.480547733387871e-05,-0.0019073651386349564,0.42315694615573957
645261,1884,-0.00014242914347379736,7.48823460717664e-05,-0.00021731148954556373,0.39839068895682367
666214,1651,-0.00041966155953663815,7.501574858453027e-05,-0.0004946773081211685,0.33642772214428757
605397,779,-0.0002236529462645457,7.55442415100824e-05,-0.00029919718777462806,0.6523848944613188
607179,598,-0.002236526492282268,7.659740842252976e-05,-0.0023131239007047975,0.283379258685342
673513,947,0.0012125738133934051,7.78928409244346e-05,0.0011346809724689705,0.24191469713804234
684007,2437,0.0007341990379330082,7.796406718737056e-05,0.0006562349707456377,0.33635594651673223
683003,875,-0.0004309672575316988,7.848894302982414e-05,-0.000509456200561523,0.2707291522002924
554430,3213,-0.0025284263977877796,7.88739446392352e-05,-0.002607300342427015,0.31988497523142717
663947,1340,0.00011210277936241833,7.954998651762946e-05,3.2552792844788916e-05,0.33510597236022505
656186,221,0.0005456783135238523,7.96691052909953e-05,0.00046600920823285704,0.25914493623081775
571946,781,9.94425660179576e-06,8.085063839189188e-05,-7.09063817900961e-05,0.2184576761397799
669371,392,0.0008299909348418517,8.091125646520684e-05,0.0007490796783766449,0.3027246151753099
678495,761,-0.00135495958382903,8.098260808768396e-05,-0.0014359421919167142,0.5446291590111105
680689,407,-0.0007235177316006451,8.142232135041529e-05,-0.0008049400529510605,0.7841486453782354
681066,124,-0.00027304584511633246,8.178971115836216e-05,-0.0003548355562746947,0.2779042010953451
662253,1089,-0.0021846355935108866,8.255932749626266e-05,-0.0022671949210071487,0.45898767567983506
671131,814,0.000758273336329935,8.294766002488669e-05,0.0006753256763050483,0.29988684203041865
681293,1368,3.413789551703152e-05,8.420350628496144e-05,-5.006561076792992e-05,0.4416465332283129
656464,927,-0.0017613682252641447,8.505260381967002e-05,-0.0018464208290838145,0.3539097355648209
678394,2861,-0.0010719484724003487,8.536693582503182e-05,-0.0011573154082253807,0.48266883449562364
518876,2343,0.0010332123052533928,8.554339490836316e-05,0.0009476689103450295,0.4568186812378786
675627,475,0.0010662643309603751,8.569925217629704e-05,0.000980565078784078,0.34305902737589944
696149,218,-0.004061005643515932,8.603399161146973e-05,-0.004147039635127401,0.20026406963250962
669308,283,-0.0005372950167844358,8.615239221764097e-05,-0.0006234474090020767,0.23711954525487156
669684,489,0.00010686077220430479,8.765437012500084e-05,1.9206402079303905e-05,0.44084124310435896
554340,631,-0.0010270265290942785,8.852181911467904e-05,-0.0011155483482089574,0.29672535419888146
641835,551,-0.0017664875885748728,8.864594953338093e-05,-0.0018551335381082534,0.3119989467505341
592662,1695,0.0011710123469701305,8.936925496166249e-05,0.0010816430920084679,0.22781898277597362
682243,2596,-0.0009304577675220003,8.943355652178765e-05,-0.0010198913240437879,0.29635089564467243
642546,399,0.0018455993500960531,8.986524061208379e-05,0.0017557341094839693,0.40231754664242986
643338,848,0.000999534920781302,9.039320301598449e-05,0.0009091417177653174,0.19483513882742462
669461,1907,0.0005044293131573676,9.113041804835439e-05,0.0004132988951090132,0.36221917932342407
656271,949,-0.00021705159495469652,9.149981332747546e-05,-0.0003085514082821719,0.3734350372324595
606303,756,-0.0005950875114154395,9.238739169143071e-05,-0.0006874749031068702,0.40521229058593355
663546,674,-0.0016087844092904896,9.260577712957339e-05,-0.0017013901864200629,0.521973942000078
605155,162,-0.0009248684154057436,9.50756637687977e-05,-0.0010199440791745413,0.4868874376370811
676508,664,0.000732120345111079,9.53127937567632e-05,0.0006368075513543157,0.4178006991238732
672391,519,0.0011525454497095834,9.608967831410155e-05,0.001056455771395482,0.1930930861295312
670970,955,-0.0018017907343932775,9.618121777670695e-05,-0.0018979719521699844,0.45152596393238703
701487,257,0.0007729248948371546,9.633617621090103e-05,0.0006765887186262536,0.45201451203408205
657649,898,-0.001372565918702858,9.638550141061246e-05,-0.0014689514201134703,0.38474740076235453
669432,1774,-0.00015670145200140953,9.646804669469089e-05,-0.0002531694986961004,0.3559592101930364
527048,1594,0.0009598507067141904,9.650751815613477e-05,0.0008633431885580557,0.4595337387369984
641712,1082,2.909727820421527e-05,9.71577131049856e-05,-6.806043490077033e-05,0.5320022562149572
685107,368,-0.00020602787592793767,9.810540721700668e-05,-0.00030413328314494434,0.2974948425200655
608638,363,-0.001701203674459875,9.820365668488257e-05,-0.0017994073311447575,0.3838382295345205
543859,1056,-0.0004914793129430674,9.901675077522274e-05,-0.00059049606371829,0.39863148892980027
547179,2410,-0.00014803901878039834,0.0001016238761143877,-0.00024966289489478604,0.3545326060170706
641585,694,0.00015346898002398964,0.00010218197676297965,5.128700326100997e-05,0.33355139109583204
547973,1132,-0.0022409261182986828,0.00010447000763514423,-0.0023453961259338268,0.22868507121497061
663436,1491,-0.0005477041431640241,0.00010631605005733966,-0.0006540201932213638,0.3578716168793685
676440,3097,-0.0003361417108070565,0.0001084277255406721,-0.0004445694363477286,0.3870083508421092
692285,180,2.8441527169007944e-05,0.0001088283382520995,-8.038681108309164e-05,0.5286206466185871
664747,772,-0.00019184116534139845,0.00010887390800780436,-0.0003007150733492028,0.34260863412182596
669422,384,0.00022976546857977954,0.00011011824495367657,0.00011964722362610295,0.33461169651410266
657746,2804,-0.0004189101058631867,0.00011083545358455607,-0.0005297455594477428,0.4408418123471638
669358,1831,-0.0011854498140844649,0.0001110867795589392,-0.001296536593643404,0.4012247504034932
676710,1884,0.0005934651924624242,0.00011505834427070898,0.0004784068481917151,0.39104535570684296
666157,1971,-0.0002703168388126368,0.00011508721988158895,-0.0003854040586942258,0.5254400207284197
694813,1100,-0.0002968342559248942,0.00011584459330036959,-0.00041267884922526366,0.30975658287769114
804636,154,-0.001759191799310107,0.00011788230893904158,-0.0018770741082491486,0.2609858591694046
687849,124,0.0015609051572712035,0.0001197654434242566,0.001441139713846947,0.37512545046224377
681870,311,-0.00029186758217993335,0.0001211945921779926,-0.00041306217435792584,0.2663687416845698
680694,1005,-0.0015782145104525397,0.00012228318251511177,-0.0017004976929676516,0.4872558265088792
686701,577,0.0004648383467023129,0.00012279539766758252,0.0003420429490347303,0.2932549574054395
650644,2378,0.0013705063331481498,0.00012299937359219187,0.0012475069595559577,0.4226040193438224
687473,823,-0.0004218372257871453,0.00012332679737434439,-0.0005451640231614897,0.3083799106548717
663559,2072,-0.00043731023845165523,0.00012352888758418646,-0.0005608391260358417,0.2504838622568579
641941,1052,0.00031440399368107535,0.00012400593616239793,0.0001903980575186774,0.23236606551854083
620454,235,-0.001252045199674038,0.00012489234336477336,-0.0013769375430388114,0.5357139924768098
606149,323,0.001362019693421069,0.00012521039191495126,0.0012368093015061178,0.44911080016139215
621294,165,0.0002529690264436254,0.00012627780343009247,0.00012669122301353322,0.5988789494583558
668964,1411,0.0008933415747628764,0.00012784040645647663,0.0007655011683063996,0.24099153686378802
608371,660,0.002645962449889455,0.0001278538459172639,0.0025181086039721906,0.24852513395187453
702352,940,-0.0008816284991475412,0.00012796342951060122,-0.0010095919286581424,0.5896159866156776
477132,1228,0.0023464013771979358,0.00012893806458955524,0.002217463312608381,0.423337042065511
676617,375,-0.0013407860439293353,0.00012916269663189688,-0.0014699487405612321,0.5751077797503287
613534,344,-0.00043147122284694516,0.0001300556783005943,-0.0005615269011475394,0.4816952572570192
640448,1144,-0.0014631072133084657,0.00013081668986070232,-0.001593923903169168,0.24271217549074742
593334,310,0.00236732605488523,0.0001314434433691325,0.0022358826115160975,0.3088217506296882
677865,202,0.0014952928321243202,0.00013222678467426138,0.0013630660474500589,0.3794502561952589
689254,372,0.0006577229667411485,0.0001334986745062822,0.0005242242922348663,0.35624931807066484
596001,1085,0.001060222641903094,0.00013376290284459083,0.0009264597390585033,0.4883260202064736
622253,290,0.0008007871171157753,0.00013402121307972553,0.0006667659040360496,0.36600709701545686
676879,591,-0.0009130582232870219,0.00013503520979069665,-0.0010480934330777186,0.47025272037894467
642545,236,0.0007633101054312183,0.00013768332125289998,0.0006256267841783182,0.27726929223690955
694973,2415,-0.0007916739698752495,0.0001387226111959721,-0.0009303965810712216,0.3445783370180078
684320,1139,-0.0002106853190007202,0.000139377990416861,-0.00035006330941758114,0.3863115371097086
605498,229,4.6819962867088324e-06,0.00014020767302282784,-0.00013552567673611902,0.3190919396010986
681911,1152,0.00034208599470330925,0.00014035088719498943,0.00020173510750831977,0.18163580668167256
669211,1042,7.629548209724057e-05,0.00014043168846831718,-6.413620637107662e-05,0.23671977750110987
656420,124,0.002527395513938194,0.0001405806552472166,0.0023868148586909774,0.22534368682445166
595345,980,0.0005942335138599266,0.00014061600003461593,0.00045361751382531066,0.5392669142388585
642834,50,0.0009013334662928399,0.00014152416101709275,0.0007598093052757474,0.2348992092456416
621368,88,-0.0003480972259102433,0.00014168621026585117,-0.0004897834361760946,0.2768992024926107
800048,274,-0.0012944420948545494,0.00014179135750396924,-0.0014362334523585188,0.4046366163276267
674370,1315,0.0009699776372945032,0.00014181523286534804,0.0008281624044291553,0.27982819801661146
606930,693,-6.684655283800002e-05,0.00014199546056622707,-0.0002088420134042271,0.3882905174674327
669372,876,0.0004325897200971783,0.000143178672471749,0.0002894110476254292,0.5387122388503457
683769,1095,0.0017010364910948535,0.00014361217020043184,0.0015574243208944217,1.1108111948554877
641656,777,0.000993879911427342,0.00014365041288874538,0.0008502294985385965,0.330806781742327
696270,126,0.0004180895010885489,0.00014422188899293,0.00027386761209561894,0.7085777941377213
669395,88,0.0011649518282791404,0.0001444328018732854,0.001020519026405855,0.33223146196887277
656302,3372,-2.69511321528685e-05,0.0001451950857336635,-0.00017214621788653198,0.36937797623236274
663460,1033,-0.0012455455169352537,0.00014539413273239422,-0.001390939649667648,0.49437357636326806
656412,645,0.0009016103574909589,0.00014613992412598913,0.0007554704333649698,0.38255494274218915
665622,738,-0.0016116109229329493,0.00014682092742465412,-0.001758431850357603,0.4137150369107197
700187,195,0.00016067819216932227,0.00014705727122590938,1.3620920943412967e-05,0.3559133368093216
677960,1001,-0.0009040728156939253,0.00014726247423485443,-0.0010513352899287796,0.36260376410367096
689147,889,-0.0005243507867771577,0.00014781804130058318,-0.0006721688280777408,0.3759725976746839
630023,441,0.0005997984754087818,0.0001479203636002684,0.0004518781118085134,0.3689788739506433
685116,68,0.0005428791126915128,0.00014840745742114025,0.0003944716552703725,0.4168633895715276
518397,577,0.0004638141649678648,0.00014945460296840894,0.0003143595619994558,0.5267216186048097
669622,664,0.00010224618593196818,0.00015001616448244987,-4.77699785504817e-05,0.508183245821434
641302,1479,0.001474710779318708,0.000150206097473836,0.001324504681844872,0.590926027894184
668881,2349,-0.0009649530131677036,0.00015040443988589692,-0.0011153574530536005,0.2702945991274945
670124,290,-0.00015378366966191983,0.00015072075030503243,-0.0003045044199669522,0.34114043941651867
641329,773,-0.0009555371509274551,0.00015074796045227943,-0.0011062851113797345,0.3890512878876177
676130,1210,0.00041616270074992,0.00015379992577191018,0.00026236277497800986,0.8892924384162314
607192,1920,-0.0001085391265725519,0.00015428051576076628,-0.00026281964233331823,0.5838055670551136
642585,412,0.0011717263227202124,0.00015483328413366785,0.0010168930385865446,0.12691794850872037
680885,1707,-0.0014325537553747868,0.00015595686014920645,-0.0015885106155239933,0.48336448391679937
593974,919,0.0007992538963002881,0.00015865093961548956,0.0006406029566847985,0.26464938671206956
808967,1872,-0.0018039611812530566,0.000158686736092923,-0.0019626479173459796,0.57522302023175
543135,2364,0.0002027796137841348,0.00015910965889666916,4.3669954887465626e-05,0.39732250153984894
647336,1281,-0.0002878521807476636,0.00016040328961786657,-0.0004482554703655301,0.46778507922693147
647315,388,-0.00012824808877159622,0.00016108945735376811,-0.00028933754612536436,0.4182928761025608
676282,953,-0.0009638452433683916,0.00016116190279903223,-0.0011250071461674238,0.39826141085448913
669022,3082,-0.001975017838446616,0.0001612692783253135,-0.0021362871167719295,0.38346654432581956
695549,377,0.0037412890349259676,0.00016145879704873174,0.003579830237877236,0.3228101072470335
472610,1037,-0.002096724011375106,0.00016165598266504848,-0.002258379994040155,0.3714549887725102
624522,278,-0.00042070021541570815,0.00016179377538563154,-0.0005824939908013397,0.36596848108309105
660906,133,-3.9477848760040646e-05,0.00016201563319006033,-0.00020149348195010088,0.27296154789462485
676979,2665,0.00039721542997564837,0.00016206611201132065,0.00023514931796432773,0.4595059202156782
656641,1026,0.0009023535930497979,0.00016232681296231535,0.0007400267800874825,0.3307375494704099
683232,952,-0.0009790012354506385,0.00016240171069463818,-0.0011414029461452766,0.2968578322521024
686613,2840,-0.001928075720400903,0.00016317071705987133,-0.0020912464374607744,0.2964333247848902
665660,341,-0.00037116545410574895,0.00016434360057639884,-0.0005355090546821478,0.22538011640998853
670059,769,0.000633353801750143,0.00016445091585609608,0.0004689028858940468,0.3473098017772547
666745,534,0.0010485217421708313,0.00016452511241336426,0.000883996629757467,0.25951032451513634
689225,1008,-0.001034027198709815,0.00016520226120390332,-0.0011992294599137182,0.20839984275837345
607625,2867,8.581497645492493e-05,0.00016576947288945445,-7.995449643452951e-05,0.5403956658643191
592094,1106,0.002900108385479275,0.0001658305933096918,0.002734277792169583,0.5035784422046418
607455,847,0.0010918969537610267,0.00016796129349780397,0.0009239356602632226,0.40675273200139267
628317,1416,0.0004283569318028097,0.0001687914623692371,0.0002595654694335726,0.41662228015603175
805123,220,-0.001373454692334114,0.00017000488263491323,-0.0015434595749690275,0.2388480987884656
623474,755,0.0026893311857141456,0.00017089804318269337,0.002518433142531452,0.39957187121087995
670280,1208,7.126970969060595e-05,0.00017157486724371192,-0.00010030515755310599,0.2937320875515664
670912,826,0.0001975679532693154,0.00017189468392911188,2.5673269340203565e-05,0.4415767159890729
641927,2970,0.0017141333807130631,0.00017452587460112438,0.001539607506111939,0.3178023869885808
695505,384,-0.0014351109623564895,0.00017531659326456105,-0.0016104275556210505,0.23910765877284765
678215,84,-0.001694801529601935,0.0001760390390565328,-0.0018708405686584675,0.2771939356561888
663969,778,0.0005938708444886593,0.00017634448037570074,0.0004175263641129585,0.5395904194613291
641312,215,0.0009060415096849728,0.0001764218717233066,0.0007296196379616664,0.3537546137468165
641154,2588,-0.0005164917345610007,0.0001768733251965727,-0.0006933650597575733,0.40226782166699615
671737,2395,0.0006066062021884367,0.0001772524258989972,0.0004293537762894395,0.33470346009887175
676105,153,-0.00029471327833331787,0.00017744045701017665,-0.0004721537353434944,0.22327341605782272
592155,600,0.0011663721065432976,0.0001779089592836191,0.0009884631472596786,0.40811231260712166
605347,697,0.0004545738164729717,0.00017886431784723287,0.00027570949862573886,0.4597300610951894
572143,400,-0.0019655558124180026,0.00017898675398975058,-0.0021445425664077533,0.35717765167462967
663767,354,-0.00013541137036336703,0.00017926979854865726,-0.0003146811689120244,0.29691653571549104
671109,159,0.0001123133670033389,0.00018095891066036954,-6.864554365703063e-05,0.3843426247672738
661563,1512,0.0013523066895297963,0.00018133516796384877,0.0011709715215659474,0.23501208299244408
640451,634,-0.001286023194043964,0.000181569112977426,-0.0014675923070213899,0.2411417525553231
679358,338,8.423774823993358e-05,0.00018194607409710258,-9.770832585716905e-05,0.42080166541646613
669854,1557,0.002600001359931107,0.00018296933739738027,0.0024170320225337266,0.37741602623629195
657240,458,-0.0012452164636357398,0.0001836213316478008,-0.0014288377952835403,0.5560050936343646
677958,615,-0.0006741421532786414,0.000183966049131233,-0.0008581082024098743,0.3822499761527835
682120,762,1.4155441309602864e-05,0.00018449173199513007,-0.00017033629068552723,0.4726401360398757
656849,2449,-0.000834525273506068,0.00018490842955916855,-0.0010194337030652364,0.5028975755025472
666374,576,0.0007221438539703712,0.00018724962755611968,0.0005348942264142514,0.4818728468459951
682990,1791,0.00047885679640088214,0.00019033097760314796,0.0002885258187977342,0.46997226615750964
669456,355,0.0009387723357444396,0.0001903892799148829,0.0007483830558295565,0.3837941360537913
666168,191,8.506263638541345e-05,0.00019070145466686957,-0.00010563881828145622,0.4880268124151285
572955,946,-0.00043743244799305316,0.00019091954471492977,-0.0006283519927079828,0.5650010155157359
687209,74,-0.001468630105433597,0.0001910304849009572,-0.0016596605903345543,0.11670924120377912
664849,285,0.00020153697802282212,0.00019382456460827487,7.712413414547336e-06,0.8742980366631907
642397,1021,-0.0003088636538112654,0.00019388682439588553,-0.0005027504782071509,0.3606678077136436
668674,1074,-0.0025383706407557925,0.00019455150738470419,-0.002732922148140497,0.34924387396586987
621242,862,2.7854196343035968e-05,0.00019635092164932473,-0.00016849672530628874,0.3421702490760069
678061,306,0.0004630147961815632,0.00019935348824897173,0.0002636613079325914,0.3455978963621438
672335,696,-0.0013569439019067652,0.00019963249503185523,-0.0015565763969386203,0.34851170366475576
656848,347,-0.0016404859661351171,0.00020066418850645573,-0.0018411501546415727,0.23621805285778313
622103,106,-1.9687068623563808e-05,0.00020233503079626123,-0.00022202209941982515,0.2760370506494542
552640,973,0.0014394846920097897,0.00020276557480090461,0.0012367191172088852,1.0467515988204672
434378,2637,0.0011638969439611321,0.00020316927791886702,0.000960727666042265,0.30528841358741265
689266,374,0.001907778184281376,0.00020581590262597858,0.001701962281655397,0.3170448490827671
543507,155,0.0012058940593323764,0.00020692688568867734,0.000998967173643699,0.27836346188779576
676272,966,-0.0005117495889944036,0.00020725393515409266,-0.0007190035241484963,0.4270381145246427
601713,2875,0.0005328696705051029,0.00020883720968196663,0.00032403246082313625,0.32330206455172417
663773,532,0.000409590060973515,0.00020976551106635348,0.00019982454990716158,0.520322359036928
682610,746,0.002602447705629635,0.0002106360549152912,0.0023918116507143437,0.4156711328174224
608344,1056,0.0010636639617461116,0.0002107704507178523,0.0008528935110282594,0.382377737964104
657571,1086,-0.0026511022906832104,0.0002110357420741007,-0.0028621380327573114,0.44623033763029696
656794,863,-0.0009629184489197036,0.0002116573324052454,-0.001174575781324949,0.31377430336023576
701552,169,0.0008139558206320757,0.00021350696687508713,0.0006004488537569888,0.36481870640391967
641793,3013,0.001522758407526206,0.00021457245624437082,0.0013081859512818353,0.34689476565270355
677053,583,0.0017150081596798263,0.00021891275041205818,0.0014960954092677684,0.2066921081605215
666818,262,0.001577797860351542,0.000219712383320858,0.0013580854770306842,0.3983846926839262
623433,354,-5.902892549358103e-05,0.00021973723024696758,-0.00027876615574054856,0.2902578628367004
663485,1123,0.0009711530892277274,0.00022078545197049272,0.0007503676372572348,0.44572622739606615
694851,109,0.0020887162297087833,0.00022201476601920665,0.0018667014636895764,0.307020959455737
641745,811,-0.0011388029357350163,0.00022207651652949429,-0.0013608794522645105,0.3679938980744712
666720,212,-0.0005623840386083548,0.0002221241392012008,-0.0007845081778095555,0.24498541725720835
688138,576,0.0011331845319309745,0.0002223704810600459,0.0009108140508709286,0.6272221807309455
641672,459,0.0015453377979945987,0.00022446297828195296,0.0013208748197126457,0.2560889329332516
621345,487,0.0014107335513970896,0.00022447136385753472,0.0011862621875395548,0.3761319475791719
622766,101,0.00031073737944651604,0.0002250594903086482,8.567788913786788e-05,0.31735797817316014
670329,299,0.00086373424980295,0.00022604728179323913,0.000637686968009711,0.25698381254666225
800049,474,0.0019833051987861146,0.00022720010499906545,0.0017561050937870493,0.4426533943355388
664126,958,0.00019936136526585164,0.00022811743259689324,-2.8756067331041577e-05,0.3451438144017125
681006,259,0.0007876825433618045,0.00022837763782503214,0.0005593049055367724,0.9103769327249299
681857,1727,0.00012949594893651455,0.00022911006991833922,-9.96141209818247e-05,0.42482741922220724
650911,3169,-0.000106018348894807,0.0002295333035404936,-0.0003355516524353006,0.5221200211422243
666364,101,-0.0017225169641233648,0.00023016811720591755,-0.0019526850813292823,0.2564173115048614
674841,154,0.00010198859576856603,0.00023078203925539997,-0.0001287934434868338,0.514090443192339
678022,287,-0.001584457911202887,0.00023132490675272665,-0.0018157828179556138,0.38611284406733865
676395,1166,-0.0007042357154955176,0.00023192852816086336,-0.000936164243656381,0.34865737329501095
548384,367,0.002423047532695223,0.00023341222716319256,0.00218963530553203,0.49534876470268374
679525,1423,0.000635819498224889,0.00023401345321635752,0.00040180604500853146,0.4223812483372582
701581,919,0.0011772773970072981,0.0002345097482204404,0.0009427676487868579,0.23503267069634065
693821,1910,0.00026791870766756747,0.00023587902260698265,3.203968506058478e-05,0.40112941149460346
642528,348,0.0010237993850704384,0.00023723127332191333,0.0007865681117485251,0.3498690766721531
621121,429,0.00018699701586871785,0.0002378292427505855,-5.0832226881867694e-05,0.47613713362575993
657585,933,0.0009745942521983857,0.0002379988214326882,0.0007365954307656976,0.4689050388066026
669302,3036,-0.00022159404350680548,0.00023813706766752932,-0.00045973111117433483,0.48025101498645545
666154,117,0.0015695685171929193,0.0002407169251866966,0.001328851592006223,0.3195961843596867
592836,1957,0.0013430294782690653,0.00024230168019565023,0.0011007277980734152,0.35186604759651113
543518,564,0.0005921447668684871,0.0002432570361778003,0.0003488877306906868,0.3168625048804212
688107,235,-0.0005918349820255512,0.00024424519816185864,-0.0008360801801874097,0.5880057135910911
667755,2053,-0.00023480968531267753,0.00024445576721927474,-0.0004792654525319522,0.4820470438047767
681217,343,-0.0004966766004930388,0.0002462420876588264,-0.0007429186881518652,0.658078375980047
666619,265,0.00031949087765987833,0.00024678205280657717,7.27088248533012e-05,0.4178849995427743
596133,1527,0.0015066659322685578,0.0002468007451558535,0.0012598651871127044,0.5751957720915296
702070,959,0.0010815761832248378,0.0002477802829826977,0.0008337959002421401,0.5773928111368376
694819,554,-0.0017016695826273882,0.00024825437646264513,-0.0019499239590900334,0.3193304555345829
607755,103,0.002820489360462008,0.0002498996905539339,0.002570589669908074,0.539858977764723
682254,488,-0.0019381526863567328,0.00024993771870971223,-0.002188090405066445,0.16107153930997103
666200,2307,0.0006992592898375856,0.00025067796803598285,0.0004485813218016027,0.3449620224303007
642701,1039,0.0015166423530646855,0.0002511741485912478,0.0012654682044734374,0.29984793259948844
656730,800,-0.0023841817843076353,0.0002513092301594001,-0.002635491014467035,0.40185652770151775
687377,284,0.0028090066192473753,0.00025141659009184715,0.002557590029155528,0.24516790365473246
678692,655,0.0018652835089321145,0.00025145499502790677,0.0016138285139042075,0.4334640872901121
680897,277,0.0026878432040675325,0.000252161014613841,0.0024356821894536912,0.7674611318922409
592426,918,0.0004069218269906963,0.0002535425264796851,0.0001533793005110111,0.6340067995366316
688642,242,0.002238473104024097,0.00025365502137035555,0.0019848180826537417,0.3763608340458615
656945,1276,-0.001670786954111938,0.0002538020660634266,-0.0019245890201753648,0.26504749461924876
665625,588,-0.0005917754212314049,0.0002541608367740212,-0.000845936258005426,0.5935874894565722
665896,197,-0.00047494205083534305,0.0002558629557073887,-0.000730805006542732,0.4053488961992269
641743,83,0.003190598799257628,0.0002580029875451554,0.0029325958117124725,0.2873473547197802
656240,466,0.0010943146462916809,0.0002585394325813883,0.0008357752137102925,0.42526475426937216
663399,228,0.003410044833921895,0.00025927792740329465,0.0031507669065186004,0.39994533737844906
669276,994,0.0035780795724161996,0.00026048979558725475,0.0033175897768289446,0.26312597715721814
543339,457,0.000896188470765645,0.00026058789440744313,0.0006356005763582018,0.240362727323586
615698,2160,5.191530061304773e-05,0.0002621924034486276,-0.00021027710283557987,0.3757949109735985
681869,566,-0.0011583756318292054,0.0002622122923033416,-0.0014205879241325472,0.46928336866641224
802419,94,0.0006423555479199914,0.0002626509537637641,0.0003797045941562274,0.17041385447480123
689017,838,0.0017047135474329079,0.00026454688858183344,0.0014401666588510745,0.24608325045961002
660896,903,0.001042322643457251,0.00027080066117034414,0.0007715219822869069,0.20648377665631346
687134,704,0.0001942462818429074,0.0002713555701291048,-7.710928828619739e-05,0.28062066558414905
680570,1442,-0.0021544653323423623,0.00027385064622985724,-0.0024283159785722193,0.4783058059011947
676917,370,-0.001406441414946811,0.00027527020124874313,-0.0016817116161955542,0.6229236213054085
679346,62,0.0005313583460101035,0.0002757487674802394,0.00025560957852986395,0.36787018865367394
656257,97,0.0014664418113204418,0.0002763158947464827,0.001190125916573959,0.44841245902882315
620982,63,0.003198822804862526,0.00027754435366160587,0.0029212784512009198,0.33225620989556737
680573,1918,0.0005813302997683844,0.0002803597818468149,0.00030097051792156947,0.3027467707998461
664076,851,0.00024155577807923138,0.0002817780183194266,-4.0222240240195225e-05,0.39445994949236796
641816,758,0.0017536079775756,0.00028225969138816393,0.001471348286187436,0.33707046473892144
676962,1124,-0.0006085475767922279,0.00028256241041324005,-0.0008911099872054678,0.35769612554062613
656529,362,-4.603642492380817e-05,0.0002833761607559039,-0.00032941258567971204,0.47271824500171156
694350,265,0.0019153977222304008,0.0002852721599926111,0.00163012556223779,0.22569825700560947
518489,551,-5.5855071559330814e-05,0.00028564259380425876,-0.00034149766536358954,0.35878512260305173
622251,174,-0.0005796023033135825,0.0002867170512113008,-0.0008663193545248834,0.4338039700627592
686751,129,0.00017193556010064098,0.00028695524683088525,-0.00011501968673024432,0.3127714975593196
663554,1942,-0.00016796980755882254,0.00028787393356445855,-0.0004558437411232811,0.3430760621602867
686790,115,0.0021523771629323317,0.0002881821572530136,0.001864195005679318,0.3642381390277689
643361,189,0.002030900034469673,0.0002900592172948222,0.001740840817174851,0.16851241102907769
681882,307,0.0001547023825525001,0.0002904896355043787,-0.00013578725295187858,0.43655774615588183
650893,980,0.001750817999626476,0.0002912022673073091,0.0014596157323191667,0.32188094222033503
676661,380,0.0005803368940745453,0.0002912522624609468,0.0002890846316135985,0.471655550771628
693312,742,-0.0007157431744875547,0.00029431402160554786,-0.0010100571960931027,0.47577557982753305
663878,638,0.0009923774701607636,0.0002945537499223973,0.0006978237202383665,0.2853532794267203
666129,717,0.0018452184974482274,0.0002952094616171533,0.001550009035831074,0.3834095200395216
607074,3298,0.0011045345902256723,0.00029538860704708474,0.0008091459831785875,0.3515500857714941
666201,368,0.0011290662763830366,0.0002960124202169379,0.0008330538561660987,0.4159996531806917
660825,800,-4.7614471089201945e-05,0.0002985514538928426,-0.00034616592498204463,0.5816475115295622
656578,301,0.0017846805190589283,0.000300120998115481,0.0014845595209434473,0.31080333876155
607536,2359,0.001323322249301914,0.00030026087593266456,0.0010230613733692496,0.48585527195885264
656546,1209,0.0015934899640998375,0.00030370342092021974,0.0012897865431796178,0.5107325269740067
666808,1135,7.46859539422914e-06,0.00030589511458109807,-0.00029842651918686886,0.45072670710147217
592773,1154,-0.0005292954445125409,0.0003090641749537287,-0.0008383596194662696,0.29326302805347515
664141,203,0.002774874294469763,0.0003096845889523146,0.0024651897055174483,0.3827646320694379
687362,257,0.003379220376824642,0.0003109887999127565,0.003068231576911885,0.3426480174069671
680732,1189,-0.0010094538437282908,0.0003115027846643577,-0.0013209566283926483,0.4437289998763228
808963,249,-0.0019586332223494635,0.0003122089811416372,-0.0022708422034911006,0.3744162902289135
686580,640,-4.747391101846654e-05,0.0003125685154088876,-0.0003600424264273541,0.33958012148060146
663462,290,-0.002215521057320744,0.00031346258033311585,-0.0025289836376538597,0.37574862205740195
543037,1392,-0.00019882094917168694,0.0003140328766695731,-0.00051285382584126,0.34656434291762706
663704,515,0.0012301610272112845,0.0003155199149958652,0.0009146411122154195,0.632717568105436
675650,148,0.0003771637042374786,0.00031741141425701793,5.975228998046063e-05,0.40631427986113705
614179,550,0.0004026331379305145,0.0003178885939968541,8.474454393366033e-05,0.33289435241890614
656288,2213,0.0014248155790625111,0.000318602283986205,0.001106213295076306,0.41909285500045557
656354,52,0.0011850148607456818,0.0003193529842451867,0.000865661876500495,0.46125704944432183
691799,268,-0.005964061120636699,0.0003193776857489983,-0.0062834388063856975,0.41502585380681506
687075,131,-0.0003601782450621582,0.0003219810694124436,-0.0006821593144746018,0.2785862255724939
683004,1468,0.0011598300027906266,0.0003243976512690822,0.0008354323515215444,0.3676785869002513
657024,563,0.0008622338100038421,0.00032589213495362324,0.0005363416750502188,0.30568238460298974
661383,62,0.0031700947384915652,0.000329977941876112,0.002840116796615453,0.20641911395097767
680739,271,0.001543577197181505,0.0003320293917384084,0.0012115478054430967,0.2996284233454463
683409,741,0.0022558348258905304,0.00033288557479155804,0.0019229492510989725,0.34070171448178455
806185,1036,0.0011530187252353635,0.000332957115188397,0.0008200616100469665,0.34964419314982553
682274,158,0.0030853262470512378,0.00033718526067166323,0.0027481409863795744,0.2919723159728931
642121,336,0.00048563032476447586,0.0003390267074813558,0.00014660361728312016,0.30700830485026837
690544,237,0.000937916415918801,0.0003410166639365359,0.0005968997519822651,0.5214162265941041
677952,530,0.0011588090466570717,0.0003431638242834452,0.0008156452223736262,0.2649043149162076
669674,741,0.0009729895922747766,0.00034327018287805283,0.0006297194093967238,0.34330015189255586
669438,560,0.002432218884115843,0.00034480629751803486,0.002087412586597808,0.3916320448235462
605335,58,7.780601979786133e-05,0.00034528585538055797,-0.00026747983558269667,0.4863980246026489
691251,116,-0.0011161643306554013,0.00034731611701861666,-0.0014634804476740177,0.21666260133218246
688158,359,-0.00212122568403224,0.00034790949252145676,-0.002469135176553697,0.47873248268420987
690925,218,-0.0011320698526781675,0.00034969678985670774,-0.0014817666425348752,0.47228467726649553
664285,2849,0.00012698245739276926,0.0003503934868731626,-0.00022341102948039338,0.7781899152789886
689958,84,0.0014640116299325897,0.00035172963160992794,0.0011122819983226619,0.13958485144650495
656382,156,0.005945147511547011,0.0003535224522296849,0.0055916250593173265,0.21386171198583787
571656,696,0.0011330329634278446,0.0003572402642075578,0.0007757926992202868,0.4079754980221269
685314,273,0.001770430769697025,0.0003599809101957274,0.0014104498595012976,0.45896574758842684
676974,861,0.0021567844759270783,0.00036391261817948366,0.0017928718577475944,0.3701305195930287
596057,94,0.00021038935827595408,0.0003640342333541142,-0.00015364487507815998,0.33094846971217035
605242,164,0.001965451071122415,0.00036471210972869835,0.0016007389613937166,0.5340596174782358
650496,72,0.0010147999039319172,0.0003683478698359463,0.000646452034095971,0.5401070854310075
813349,156,0.0008269700365964099,0.00036870070759704933,0.00045826932899936044,0.556363758801473
702795,115,-0.0023672841066490606,0.0003690103519894759,-0.0027362944586385362,0.444270976736731
668820,273,-0.0002652978767383221,0.00037074347016268524,-0.0006360413469010074,0.2829043228447076
682967,73,-0.0009725195530016573,0.0003715018694139259,-0.0013440214224155831,0.22416256279803698
693313,254,-0.00017191116418266075,0.00037180061556911514,-0.000543711779751776,0.44109459144537916
676775,595,0.0006707205111425672,0.0003728269135904418,0.00029789359755212543,0.40498297511152453
667297,321,0.0019197281246254524,0.000372922079291343,0.0015468060453341093,1.0312360028342487
805673,995,0.0002952529418242972,0.00037638713563241643,-8.113419380811929e-05,0.30074578187739814
621237,773,0.002475615679224694,0.0003770990338928994,0.0020985166453317944,0.2003603015341091
686796,144,-0.0006235782077141378,0.00037790657032028775,-0.0010014847780344257,0.4520671967244543
641386,90,0.0031833763648912252,0.0003780021414398794,0.002805374223451346,0.14637317276989253
450203,2743,0.0001589522915370516,0.00037992607829518137,-0.00022097378675812977,0.8436565922784742
664854,961,0.00011717294276791655,0.0003817332460467151,-0.0002645603032787986,0.41919955944202475
657424,227,0.0007399932478242582,0.0003817376213476746,0.00035825562647658353,0.5951550792052706
681347,708,0.0027666157054842704,0.0003821813553581921,0.0023844343501260782,0.29397552040278396
676961,346,0.000562054834780911,0.00038296824476416404,0.0001790865900167471,0.3254630386188715
519151,922,0.00028402783970060295,0.0003838154490769088,-9.978760937630592e-05,0.5532998137899201
666120,83,0.0016442520158600105,0.00038491652444657873,0.0012593354914134317,0.1695325476654419
471911,1348,0.0010467015152575037,0.00038605083496382115,0.0006606506802936825,0.6032621160334523
666974,1072,-0.0005091019038007584,0.0003866601754874488,-0.0008957620792882072,0.5746473610245689
656887,224,-0.00453988938935585,0.0003891753425765638,-0.0049290647319324135,0.21637455407325865
690953,335,0.0012838798053829877,0.0003899936470602118,0.0008938861583227759,0.43893739147685956
596112,236,0.0035066289280994067,0.0003905309737777979,0.003116097954321609,0.5232178657613571
664353,308,0.0021812547393136403,0.00039057709056813906,0.0017906776487455014,0.3272004386797961
666277,748,0.0012364015007287053,0.00039163213152734505,0.0008447693692013603,0.4163025224823548
673380,346,0.0016836479638704797,0.000392203450709395,0.0012914445131610847,0.3514636696463071
664294,254,0.0035597711602225646,0.00039461397565846405,0.0031651571845641006,0.29242118836980935
669796,214,0.002323297621625776,0.0004020079177400954,0.0019212897038856803,0.45079904019532857
628708,288,0.0011050428969668897,0.0004032517154366075,0.0007017911815302825,0.27352654537847465
600921,227,0.0003187639043815392,0.00040413326307909783,-8.536935869755862e-05,0.3533935042417776
622075,152,0.0005214889162760344,0.0004049694279554823,0.00011651948832055213,0.4555229379426339
621366,522,0.002909664377104444,0.00040561350724214806,0.0025040508698622966,0.4331997464530081
656686,141,-0.0010808246182943077,0.0004066072771412922,-0.0014874318954356,0.3844287541520803
665734,73,-4.664559043933102e-05,0.00041329500186581696,-0.00045994059230514795,0.4556352889329173
685801,262,0.0006342915231604023,0.00041482519336247595,0.00021946632979792636,0.21290175974650039
642207,897,0.00025525372646387467,0.0004187235080510998,-0.00016346978158722502,0.646565367669233
640470,310,0.0017501676318854632,0.0004188825604024646,0.0013312850714829988,0.6906054498031937
665620,146,-0.0009294178390778081,0.0004190818065378112,-0.001348499645615619,0.40350347229556716
592741,91,0.0003354936851977722,0.00041943256843153407,-8.393888323376184e-05,0.5113469741112189
674944,165,0.0023973924936208143,0.0004204612142231594,0.0019769312793976547,1.026465296616578
656061,135,-0.0005491848996925058,0.0004248471244603382,-0.0009740320241528439,0.21073944283763935
678226,476,-0.0013529218969788172,0.00042873623305563494,-0.0017816581300344524,0.36073053031832386
663752,62,-0.004097812389623604,0.00042962958251230456,-0.004527441972135909,0.29729490857054874
694462,413,0.002532396585602751,0.0004315582932024765,0.002100838292400274,0.3635012874699413
676604,133,-0.0015912000468884066,0.00043281909934307866,-0.0020240191462314854,0.47713852020687625
622250,220,0.0010938469801554493,0.00043584357800420396,0.0006580034021512454,0.3932708024294453
680755,338,0.003127623083664027,0.0004391038895781888,0.0026885191940858384,0.5012768807837134
668676,84,0.001780379581810062,0.0004479207452473504,0.0013324588365627118,0.1532880492007369
699911,67,-0.0007989283067677846,0.00045101725430022005,-0.0012499455610680047,0.26635760242745243
663556,155,-0.003123550304307244,0.0004520318934651344,-0.0035755821977723782,0.34152653331948785
656638,354,0.001747845197967841,0.00045483667546417154,0.0012930085225036695,0.5864545540199015
605447,541,0.0009837678598718946,0.0004680270067052775,0.000515740853166617,0.5343949827139233
666659,92,0.0026371347178491965,0.00046845656771177577,0.0021686781501374206,0.35897769716251987
656557,1768,0.0007759174773585044,0.0004700653296375438,0.00030585214772096053,1.6370402490578368
543056,646,0.0025555968514897015,0.00047154299079096114,0.0020840538606987404,0.6193265573558333
656986,398,0.0023874994452000933,0.00047282977193214475,0.0019146696732679485,0.35532030508368073
700363,386,0.0006788305716886641,0.0004741560183394412,0.00020467455334922306,0.29186380689096697
690928,412,-0.0007524433352111966,0.00047443392904005237,-0.0012268772642512493,0.4401239120190228
806188,359,-0.0011764454180262468,0.0004755208640529765,-0.0016519662820792234,1.0514211141497896
605280,1726,0.0017557900500953212,0.0004817826649997691,0.0012740073850955522,0.5405288729387676
643377,1239,0.001742199130095031,0.0004874080640624971,0.0012547910660325337,0.350391600944493
656786,142,0.0010830856277792768,0.00048807217088402767,0.0005950134568952493,0.5784617630085972
669020,292,0.0006970364927637727,0.0004911403086863942,0.00020589618407737846,0.5461362499097009
663738,750,0.0024683526230048023,0.0004955290500890954,0.001972823572915707,0.3429858751166895
592848,76,0.0004597072284520024,0.000500208494477751,-4.05012660257485e-05,0.9128827685920948
642239,273,0.00039244662455623823,0.000503011384241641,-0.00011056475968540282,0.6099726939935777
660261,252,-0.0013348206380998824,0.0005057657362172874,-0.0018405863743171697,0.3011076527997498
641755,1197,0.004131469274781799,0.0005068678758958402,0.003624601398885959,0.33916135705533806
592288,115,0.002144715765837282,0.0005363850556966144,0.0016083307101406679,0.5750407616519456
664199,568,0.003343784154117982,0.0005414203861223006,0.002802363767995682,0.34655870067176214
694646,99,0.0013965385601958779,0.0005505626710320481,0.0008459758891638298,0.28268609334129335
547001,183,0.0015750221520169077,0.0005627330360337497,0.001012289115983158,0.5150753042146243
665795,1912,0.0022913246278677304,0.0005715381944591204,0.0017197864334086105,0.40964037806353215
666215,146,0.0013309215570975349,0.0005738359971859544,0.0007570855599115804,0.22129249849356147
650556,1210,0.0006283502693157772,0.0005827187069246809,4.563156239109626e-05,0.38231241843401753
655889,474,0.00011362773223235167,0.0006006951036238874,-0.00048706737139153573,0.37254755409491247
669459,227,0.004730639077065285,0.0006091670243855824,0.004121472052679703,0.2813825732813227
621114,281,0.0022761668777368216,0.0006103261883694323,0.0016658406893673894,0.43125807567084046
623211,977,0.002689206971347029,0.0006176945818115038,0.002071512389535525,0.6312638728973891
664948,86,0.0014445901885607423,0.0006589251470965861,0.0007856650414641561,0.6217833628243699
622065,263,0.003868883723963163,0.0006591701170165527,0.00320971360694661,0.6346423550453785
677020,172,0.0032773083087119237,0.0006611936775221776,0.0026161146311897455,0.2411003043400005
621139,136,0.0020197290656630276,0.000665674180389037,0.0013540548852739908,0.5158874990605762
646241,60,0.004174526461918123,0.0006684632962155524,0.003506063165702571,0.3808178928268516
571771,57,0.007121560658537964,0.0006819613558029036,0.00643959930273506,0.1936307373137462
669424,99,0.0010551608407512241,0.0007058731836370783,0.0003492876571141457,0.39304124972880417
646242,146,0.0020652588498233366,0.000728104160218208,0.0013371546896051288,0.3786754012199833
702056,81,0.001109320578841385,0.0007531232151553286,0.0003561973636860566,0.29459434729819545
663893,737,0.0018782685202904093,0.0007540318097624002,0.001124236710528009,0.5589738391777114
656924,139,0.002493318026685611,0.0007641521210272163,0.0017291659056583946,0.4979725065739438
687003,65,0.0021896449353174265,0.0007668063045516381,0.0014228386307657886,0.30519395221670853
592454,934,0.004530813862765913,0.0009002110963411794,0.0036306027664247333,0.47197031120855193
640454,53,0.0021809245176397382,0.001751055775387598,0.00042986874225214047,0.9138222652282613
