pitcher_id,pitcher_full_name,game_year,n,distortion_tax_mean,distortion_tax_sd,distortion_tax_shrunk
663531,Logan Allen,2024,214,-0.03023038634638326,0.03116775948322613,-0.02931532035391907
663399,Brandon Waddell,2025,228,-0.029551455069418166,0.027873898924366848,-0.02871973663482326
681006,Josh Simpson,2025,259,-0.029048449928902327,0.02348122480250674,-0.02833185170334918
621199,Matt Bowman,2024,207,-0.029130879432566075,0.030713751214389646,-0.028238933241034356
664141,JT Brubaker,2025,203,-0.02821157029203139,0.026903336588642624,-0.027347695372820453
663455,Konnor Pilkington,2025,217,-0.028073803182886974,0.029240991401790917,-0.027269412857369
642520,Gerson Garabito,2024,205,-0.026000089170502214,0.026097291304830763,-0.025250982068784875
805123,AJ Blubaugh,2025,220,-0.02591206334869153,0.029376491514984688,-0.025215699178047984
620454,José Castillo,2025,235,-0.025700740014367097,0.026252380921785796,-0.025055894814035133
664350,Sixto Sánchez,2024,247,-0.025478197014630315,0.026574395091953595,-0.024872404067704287
676596,Josh Fleming,2024,208,-0.02558450947476822,0.02744016337245882,-0.02486547662451595
688297,Chris Roycroft,2024,248,-0.025425108699251645,0.02555333781936462,-0.024823796280539098
829272,Shinnosuke Ogasawara,2025,292,-0.025025296925464395,0.02630896208673952,-0.024525224291431853
689672,Drew Thorpe,2024,320,-0.024956331863497504,0.024600840352111436,-0.02450080886203498
680684,Gunnar Hoglund,2025,234,-0.025108411042841113,0.029821025146733567,-0.024486125992411605
657424,Matt Gage,2025,227,-0.025127280971636717,0.026258436824986367,-0.02448582050625019
606996,Kyle Hart,2025,282,-0.02495561775210468,0.023756397515932382,-0.024440920251989344
594835,Marco Gonzales,2024,226,-0.025067592266505814,0.02572063512103054,-0.024426043502841686
701519,Travis Adams,2025,293,-0.02486998094084408,0.02374616889630619,-0.024376879047248945
690997,Nolan McLean,2025,301,-0.024216747915122,0.023263783382773965,-0.023758124567131302
667725,Kyle Tyler,2024,231,-0.02428666197377043,0.026125735497910297,-0.023692036409919216
680689,Lyon Richardson,2025,257,-0.02415268404623853,0.02418911295800703,-0.023621085507322226
687223,Carson Palmquist,2025,281,-0.023960870755069155,0.025952860401212623,-0.02347989955997396
523260,Joe Kelly,2024,210,-0.024008992682057213,0.02566256423651739,-0.023370808493828558
688642,Zach Agnos,2025,242,-0.023854268676108025,0.024816564719376405,-0.02330336984990195
622253,Dillon Tate,2024,234,-0.023571853879701225,0.028967065950764904,-0.02301493653918814
800048,Parker Messick,2025,274,-0.02344036189217102,0.022482925042962124,-0.02296658121866476
680897,Nick Nastrini,2024,277,-0.02301955288654428,0.02437513784988052,-0.022565941237232403
676961,Caleb Boushley,2025,300,-0.0228045635553962,0.02496198663492812,-0.022391765194726264
670124,Adam Oller,2024,290,-0.02277982373839332,0.025245292643688064,-0.022354139891201483
664991,Grant Wolfram,2025,226,-0.02282503919164031,0.02835152683415212,-0.022282120916725556
677955,Jaden Hill,2025,227,-0.022758926570730593,0.02323978016499363,-0.022221190732043813
666661,Juan Morillo,2025,282,-0.022468820087540784,0.029117868773128077,-0.02204254817920637
693313,Carson Seymour,2025,254,-0.022490331437729105,0.028334327243255093,-0.022018070862777666
543101,Anthony DeSclafani,2025,273,-0.022415629594412366,0.022223630672597125,-0.02197777174208129
702674,Caden Dana,2025,223,-0.022488665734669778,0.02521494213816281,-0.02195375330177283
695445,Chase Lee,2025,247,-0.02222657829577678,0.025793115855052538,-0.021752128236048097
670990,Yohan Ramírez,2025,279,-0.02190557124443109,0.019961000391809203,-0.021495116068852363
687924,Julian Aguiar,2024,252,-0.021930500852366024,0.02738301236199987,-0.021476823072154292
622503,Nabil Crismatt,2025,244,-0.02190767383688438,0.02127929092184239,-0.02144066222170563
690829,Ben Joyce,2024,250,-0.02184044600646238,0.0251596818971362,-0.021386879402701498
664849,Danny Young,2024,237,-0.021791228488714703,0.021125162492808828,-0.021315896677206195
800049,Adam Mazur,2025,234,-0.02176225333366491,0.021736943101902117,-0.02128231942494044
806188,Cade Gibson,2025,359,-0.021491993205574027,0.019716068183021542,-0.021182070528928305
685326,McCade Brown,2025,208,-0.02160837480868633,0.02863543120591644,-0.021078630717105064
695076,Rhett Lowder,2024,224,-0.021409222776193736,0.02822368598766279,-0.020924472853917967
642152,Lou Trivino,2025,368,-0.02119608347639694,0.023584038019754297,-0.020901662757213193
670329,Rico Garcia,2025,264,-0.02116297010263912,0.027415206223160266,-0.020758214844343613
642528,Jonathan Loáisiga,2025,238,-0.021192748791006112,0.02494141061421318,-0.020744380908898626
678022,Jack Perkins,2025,287,-0.021115320668023036,0.024318693710849285,-0.02074353407781902
676661,Max Lazar,2025,280,-0.021036765511943407,0.02195521615571833,-0.02065882953609495
663992,Richard Lovelady,2024,243,-0.020897457939015526,0.023707416796138338,-0.0204700531886391
670990,Yohan Ramírez,2024,265,-0.020837017172760073,0.023353273918154196,-0.020446037323821803
656457,Tyler Gilbert,2025,363,-0.02060869642368751,0.025661954524208597,-0.020326688749438052
675512,Troy Melton,2025,302,-0.020659340593241204,0.021779348530483706,-0.020320581365048065
695549,Jackson Jobe,2025,356,-0.020499698263415387,0.02017864259590624,-0.020215395829007932
678906,Kai-Wei Teng,2025,230,-0.020549662454970283,0.02269874279656152,-0.020114186842760937
621121,Lance McCullers Jr.,2025,429,-0.020137189042623654,0.01968004436927059,-0.019908697422344225
669422,Matt Sauer,2025,242,-0.020304116926942572,0.024884545644477334,-0.01989946044869366
600986,Thyago Vieira,2024,294,-0.020187328128375814,0.022996134106336906,-0.019855787983735277
688158,David Morgan,2025,359,-0.019939218325189037,0.021298651890507378,-0.019673000091341784
647315,Zach Pop,2024,333,-0.019802159724933863,0.021685783758296613,-0.019519934750426425
676917,Cade Cavalli,2025,370,-0.019502569184835294,0.0202657470568681,-0.019255983772623216
669920,Jason Alexander,2025,498,-0.019379106201969837,0.02090599581374669,-0.019197128922558388
806960,Luis Morales,2025,344,-0.01916478660993792,0.02588129070241174,-0.018910020330677804
696149,Bubba Chandler,2025,218,-0.01929019893335621,0.027626418115984087,-0.018889176521680078
691799,Grant Taylor,2025,268,-0.019149145087400354,0.02447015224639143,-0.01882541395834266
608638,JT Chargois,2024,237,-0.018903538189045454,0.020221442643648176,-0.01854956387314392
674285,Eduardo Salazar,2024,211,-0.01891752484613899,0.02296467165390936,-0.01852132434916874
687888,Brandon Walter,2025,389,-0.018733775428114708,0.01906471036658102,-0.01851893365767943
685107,Anthony Veneziano,2025,220,-0.01883941359539025,0.020878420904830122,-0.01846221478098244
669684,Chris Murphy,2025,230,-0.01879397741861722,0.022784181920139097,-0.018434434355836478
687377,Orlando Ribalta,2025,232,-0.018746300962414038,0.028225288265696324,-0.018391769433499697
663767,Chase Shugart,2025,279,-0.01867692800913446,0.020291397175257034,-0.01838246708567455
605513,Spencer Turnbull,2024,330,-0.018604479990545295,0.02058704918287864,-0.0183563495303294
666159,Matt Manning,2024,202,-0.018690922388874202,0.01853659014489745,-0.018289025931376563
572143,Burch Smith,2024,400,-0.018490562191743422,0.024375344498988493,-0.01828764049194719
661527,Seth Martinez,2024,343,-0.01846400606260888,0.01960059151026382,-0.01822913607423311
694350,Zach Brzykcy,2025,221,-0.018588419481906444,0.027763616428912972,-0.0182241283488967
700669,Gordon Graceffo,2025,337,-0.018416832067331506,0.021379057573966204,-0.01817931741322005
664776,Jake Cousins,2024,235,-0.018423900001001654,0.021897003035208078,-0.01808736223509814
674072,Tommy Henry,2024,270,-0.01829629358176678,0.01972097436009315,-0.018006495083937393
669020,Ryan Rolison,2025,292,-0.018268514344617282,0.020969492995980974,-0.018000754385602218
700363,AJ Smith-Shawver,2025,310,-0.018231030837958063,0.020912446133767543,-0.01797953007157445
675921,Spencer Howard,2024,261,-0.01826652466191823,0.025037209554917245,-0.017968256369839952
445926,Jesse Chavez,2024,389,-0.018124537868614444,0.02067105986959651,-0.017925555701900225
669721,Davis Daniel,2024,228,-0.018144317298414613,0.02046777394995921,-0.017810091111368453
663671,Nic Enright,2025,257,-0.018064975985068305,0.023241639926558973,-0.017770082600691368
665660,Elvis Alvarado,2025,341,-0.017929570535446235,0.021807600150359045,-0.017709176530303183
641672,Thomas Hatch,2025,274,-0.01797538869572368,0.019840841875061858,-0.017701397889999013
681869,Shawn Dubin,2024,339,-0.01792009793959895,0.020180895283202105,-0.017698724244273982
681869,Shawn Dubin,2025,227,-0.01802001123854177,0.02041462798454676,-0.017689821290624096
670766,Darren McCaughan,2024,303,-0.017900933152689567,0.021105464847510504,-0.017654766003274477
687922,Easton Lucas,2025,214,-0.017973966419582106,0.026238457237295593,-0.017626780978871815
519008,T.J. McFarland,2024,326,-0.017791339064314248,0.018347855270805142,-0.017565389989024394
679358,Eric Orze,2025,320,-0.017770610192039866,0.02085452147379754,-0.017541210192768737
502624,Chase Anderson,2024,424,-0.017692181196219774,0.021828344941086944,-0.01751957953459463
666205,Kyle Muller,2024,307,-0.017615867126133524,0.020696529839784886,-0.017382140284179604
668820,Max Kranick,2025,273,-0.0175414547230541,0.025849283996988336,-0.01728241695350053
669622,Anthony Bender,2024,357,-0.017473708947074187,0.01902600186911265,-0.01727581355447945
671305,Michel Otañez,2024,266,-0.017475700594446888,0.019833532436924466,-0.017212575897163195
630023,Yonny Chirinos,2024,232,-0.017503939829920392,0.01989832221615134,-0.017202696498940257
701487,Pierson Ohl,2025,255,-0.017413004255661592,0.017147246276880482,-0.01714142990140987
687830,Sawyer Gipson-Long,2025,227,-0.017342423895002405,0.019947737478971172,-0.017041909613124493
518617,Jake Diekman,2024,228,-0.017336799618377502,0.027009794479637503,-0.017037791186533546
689690,Alek Jacob,2025,252,-0.017300381103404115,0.02162305750081816,-0.017030164335022007
664875,Justin Lawrence,2024,430,-0.017157079667363608,0.018390151625817742,-0.016999462420835516
678020,Seth Halvorsen,2025,281,-0.017213595530313965,0.02080796958650604,-0.016973367400317706
641771,Chad Kuhl,2024,389,-0.017115559529707162,0.02111165678942021,-0.016942842973785767
660787,Yerry De los Santos,2025,262,-0.01719192365162958,0.01852602598646273,-0.016935766529338626
622786,Jesus Tinoco,2024,297,-0.017126330402212436,0.017877478014748777,-0.016901557692671338
642546,Jonathan Hernández,2024,339,-0.01709739404398963,0.019610502729339556,-0.01690050166879567
666277,George Soriano,2025,307,-0.017077794987674758,0.019432272969482342,-0.01686169391702094
624522,Keegan Thompson,2024,231,-0.01710671609628214,0.019932242675566418,-0.01682133342006224
621114,Ryan Burr,2024,266,-0.017005434088049106,0.01925856118268026,-0.016759999118750753
800049,Adam Mazur,2024,240,-0.016973244639373965,0.022965050906742175,-0.016703661488755794
694462,Hurston Waldrep,2025,361,-0.016824637333639335,0.02022950092779402,-0.01664704371106017
669084,DL Hall,2024,289,-0.01683162115758715,0.017548369885567752,-0.0166110767054834
663765,Jake Woodford,2025,269,-0.016624987087330213,0.019906397718882966,-0.01639634483224185
701656,Logan Henderson,2025,212,-0.016601966184193937,0.029506406244127537,-0.016315799522632148
663704,James McArthur,2024,381,-0.016413551101402687,0.018382467620809462,-0.01625595241806786
669622,Anthony Bender,2025,307,-0.01644193311414475,0.016529348655552556,-0.016246661138997337
669711,Greg Weissert,2024,450,-0.016340269363592185,0.019628964809172728,-0.016207945002699342
623433,Nick Anderson,2024,235,-0.016440052970173296,0.022836057136224826,-0.016187567455968294
681870,Erik Sabrowski,2025,214,-0.016432449316205532,0.026365675624819087,-0.016156687471327605
641703,Brent Honeywell,2024,209,-0.016360227406149314,0.016124595022822007,-0.016081603564223872
656234,Jake Bird,2024,246,-0.016307587907520685,0.019171193100449496,-0.016071306119636666
664192,Joey Lucchesi,2025,266,-0.016271291930256265,0.02017846691445009,-0.016053472738176245
674444,Steven Cruz,2025,296,-0.016246879800374793,0.018623181435522218,-0.016051216141184457
641401,Connor Brogdon,2025,390,-0.01612283116534602,0.020043253343342855,-0.01597632402348772
668390,Cole Winn,2025,265,-0.016182159287768554,0.020908901091755673,-0.01596691419065927
623474,Jimmy Herget,2025,554,-0.016049442274021893,0.018013272460422537,-0.01594685846506197
663969,Tyler Phillips,2024,286,-0.016127569705966426,0.01849356571758526,-0.0159294898201918
681347,Mike Burrows,2025,676,-0.01598956962587837,0.018951410911091746,-0.015906125939959485
595928,John Curtiss,2025,263,-0.01611691003221052,0.02329677794450494,-0.015902571712195265
663465,Kolby Allard,2024,201,-0.016151167901726143,0.018427364254090816,-0.015872282056857794
689266,Dylan Dodd,2025,277,-0.015962575332614033,0.01829388413398118,-0.01576426140591636
663765,Jake Woodford,2024,262,-0.01582868686156278,0.017223476899048656,-0.015624562804173073
669371,Cole Henry,2025,392,-0.01575861708342686,0.025053789417819442,-0.015622248608413223
673380,Dedniel Núñez,2024,260,-0.015781508173367823,0.01833487057772281,-0.01557768837782384
621366,Ryan Borucki,2025,243,-0.015738459212323353,0.017322190633977178,-0.015522731804564751
672841,Carlos Vargas,2025,496,-0.015583692766695823,0.018728252289749413,-0.015478922065829275
676617,Riley O'Brien,2025,314,-0.01562346053409994,0.019162821911696534,-0.015458634617462216
663773,Bryan Hoeing,2024,281,-0.01562974727216133,0.01578516009179629,-0.015446030914935257
690928,Hunter Dobbins,2025,411,-0.01555729874581855,0.01840917561234059,-0.015432045962368166
681035,Christian Scott,2024,378,-0.015546695237466704,0.024288599944096923,-0.015411084248539467
493603,Adam Ottavino,2024,395,-0.0155055919658951,0.01824991365530841,-0.015376721874327995
687134,Bradley Blalock,2024,246,-0.01556721800464313,0.018436488901410298,-0.015360958674386919
681799,Ethan Roberts,2024,209,-0.015596215021798086,0.020504593443463243,-0.015353797144335166
666171,Ryan Zeferjahn,2025,428,-0.015456435523373223,0.018454971232505644,-0.015338431826486499
605121,Justin Anderson,2024,416,-0.015447178489204924,0.0186649134788635,-0.015326079558897747
613534,Austin Adams,2024,298,-0.015446945906543098,0.01804538578777844,-0.015279519505965239
518397,Scott Alexander,2024,256,-0.015444324575470274,0.016395523873269056,-0.015250604135816167
655889,Manuel Rodríguez,2025,202,-0.015485881240460716,0.020021283308591972,-0.015240874917251753
696131,Mason Black,2024,293,-0.01535668178799856,0.02586042184289891,-0.015189589436137883
672710,Roansy Contreras,2024,446,-0.015283111303482295,0.019712603093004738,-0.01517371004754313
605347,Jorge López,2024,296,-0.01533602553718157,0.01775787706984697,-0.01517127015723421
676467,Colton Gordon,2025,694,-0.015188936854675886,0.01951774117808878,-0.015119442989654234
681402,Gus Varland,2024,204,-0.015328640749943613,0.017554670753591007,-0.015093545250003478
669438,Mason Englert,2025,338,-0.015228746446308169,0.017617240874284602,-0.015087054157223431
660761,José Suarez,2024,381,-0.015198863854304103,0.017955150451560528,-0.015073532085465555
592779,Brock Stewart,2025,292,-0.015175005703308733,0.021126751422846837,-0.015013607205396354
656412,Alex Faedo,2024,414,-0.015118395092835513,0.018502014929167084,-0.015004780150854604
660271,Shohei Ohtani,2025,356,-0.015093311202869344,0.018676204476898606,-0.01496242301106574
690953,Mick Abel,2025,335,-0.015033577415363224,0.022312393928405286,-0.014896529367146012
688138,Logan Evans,2025,575,-0.014956337605628808,0.017241502768351596,-0.01487684809468259
621051,Steven Wilson,2024,254,-0.01501281482749361,0.018911662774571826,-0.014834597554204526
642048,Tayler Saucedo,2024,247,-0.01499505428814413,0.019370604859803086,-0.01481270773873547
687064,Brandon Young,2025,423,-0.014888980128237512,0.019724960395783923,-0.014783228127215884
608650,Dietrich Enns,2025,380,-0.014871934481189746,0.020982355130201285,-0.014754988462861643
678024,Mike Vasil,2025,664,-0.01480959688669064,0.01741992737709969,-0.014742859860833617
519293,Will Smith,2024,273,-0.014797239461288532,0.018555346928973232,-0.014638879409137306
656234,Jake Bird,2025,384,-0.014674156912082554,0.01596022796005873,-0.014563610761972049
686539,Declan Cronin,2024,451,-0.01464208423787541,0.017833248660288795,-0.014548313343259983
669456,Shane Bieber,2025,280,-0.014680734808520038,0.01870219279177274,-0.014530363219351446
677952,Braxton Ashcraft,2025,530,-0.014600571355454261,0.01837149398451759,-0.014521307409835699
666374,Matt Brash,2025,321,-0.014510090568870893,0.019012355235895985,-0.014383676444698679
657514,Brennan Bernardino,2025,340,-0.014490645294827402,0.016851173010063416,-0.01437166285981634
694335,Matt Svanson,2025,392,-0.014431074077528453,0.01865743293859127,-0.014329006408532638
663878,Nate Pearson,2024,439,-0.014367172260426641,0.018555446630140714,-0.014277257700393757
683627,Anthony Molina,2025,261,-0.01436927432877142,0.018116917263114367,-0.014220307371298245
680742,Jonathan Bowlan,2025,318,-0.01432827092561268,0.019930886193086736,-0.014206458387275843
681892,Kody Funderburk,2025,279,-0.014344471453480397,0.020790285406779244,-0.014205661068462277
670912,Johan Oviedo,2025,262,-0.014292133301247395,0.017988633962300108,-0.014146657595861313
672782,Yoendrys Gómez,2025,489,-0.014205554774372266,0.01958569849123507,-0.014128007276753191
674285,Eduardo Salazar,2025,242,-0.013988722084266308,0.01619347907764516,-0.013844217350315827
670059,Colin Holderman,2025,216,-0.013906651995625985,0.01853873176747903,-0.013749320966560567
693855,Ian Seymour,2025,463,-0.013771154228104876,0.018174621628825795,-0.01369888824479032
669674,Sam Long,2024,312,-0.013804617023168394,0.017744288346663632,-0.013697424920585155
642585,Félix Bautista,2025,267,-0.013816501769724331,0.01989296321518824,-0.013691475263838846
571670,Dylan Floro,2024,387,-0.013683182969554944,0.01939521480188772,-0.013599398097954987
687134,Bradley Blalock,2025,458,-0.013662995847090121,0.02008145849777667,-0.013592359248886254
669711,Greg Weissert,2025,477,-0.01365142305111542,0.018956886792181566,-0.0135837869191326
547184,Michael Kelly,2025,255,-0.013683915981044547,0.01749796739637915,-0.013558430480806936
689254,Mason Fluharty,2025,372,-0.013635147432454689,0.018159936877831833,-0.013549382041592633
677161,Zack Kelly,2024,418,-0.013587073884283384,0.018273124723799,-0.01351168445520184
641835,Tim Mayza,2024,281,-0.013620418554646081,0.016399384179591525,-0.01350839513095726
677958,Kumar Rocker,2025,521,-0.013540352704956238,0.01756867989082786,-0.013480490034869433
676879,Aaron Ashby,2025,393,-0.013544044108094429,0.01449265958335158,-0.013465091557877111
680755,Braydon Fisher,2025,338,-0.01355596028507694,0.017194587785406796,-0.013464188213737486
676428,Brant Hurter,2025,428,-0.013414557865765472,0.01589717933698015,-0.013344979501166815
593974,Wandy Peralta,2024,252,-0.013456917810371736,0.015822148264530992,-0.013338992063151192
655889,Manuel Rodríguez,2024,272,-0.01343988730035646,0.016157435695882523,-0.013330940337029652
657508,Mike Baumann,2024,468,-0.013374110508363981,0.016611906519321065,-0.013311228815699582
676282,Joey Cantillo,2024,292,-0.013408830492600679,0.020144755717837144,-0.013308156885986742
669062,Erik Miller,2025,214,-0.013439843286085012,0.018076519574566907,-0.013302738795778521
664199,Taylor Clarke,2025,386,-0.013371385015655417,0.015731318483788385,-0.013295566895821757
671212,Joe Boyle,2024,317,-0.013369736892598788,0.014949787044589147,-0.013277992195278697
680704,Nick Sandlin,2024,422,-0.013326839924552433,0.016199507279481155,-0.013258405273691204
519043,Matt Moore,2024,376,-0.013325703001270922,0.016339727623336138,-0.013249151898163187
657514,Brennan Bernardino,2024,357,-0.01330868685396053,0.01551795528520547,-0.013228658441951702
621051,Steven Wilson,2025,437,-0.01326499076880001,0.015537119350009121,-0.01320028785705845
820862,José Fermin,2025,270,-0.013233758219314764,0.017001468225923754,-0.01313167738495276
657044,Ryan Thompson,2025,289,-0.013215409726366843,0.015827900647489342,-0.01312044421313767
801403,Chase Dollander,2025,785,-0.013151539558709737,0.01770599740289162,-0.01311662827364767
519141,Drew Pomeranz,2025,372,-0.013163735711431673,0.021646187253539846,-0.013090787614899374
663542,Bryan Hudson,2024,398,-0.01314430353043242,0.01694225540620821,-0.013076494276116355
554340,Yimi García,2024,280,-0.013160949045444058,0.018501038427237864,-0.013064990207125284
683409,Angel Chivilli,2024,261,-0.013093328576130952,0.015752764035377086,-0.012993242339029445
682610,Roddery Muñoz,2024,636,-0.013030905589639288,0.015836438545872657,-0.012989887310623721
681982,Grant Anderson,2025,519,-0.013028643264741985,0.017550767218684697,-0.012978604125043895
663893,Brendon Little,2024,294,-0.013056192650983506,0.017621990027433,-0.012968225289967812
671345,Jason Foley,2024,407,-0.012971921620419456,0.0166483227641438,-0.012909868391909309
607481,Aaron Bummer,2025,368,-0.012966655478559786,0.01613212966803683,-0.012898351346498676
506433,Yu Darvish,2025,501,-0.01289472355983745,0.01749054752647203,-0.012845645838672985
623437,Justin Topa,2025,433,-0.012900813853024603,0.014831458263780633,-0.0128440666940343
608723,Austin Voth,2024,423,-0.01290107340690265,0.017935035988982197,-0.0128430106640277
543518,Scott McGough,2024,237,-0.012943251865785044,0.01679014339812086,-0.01283976335210899
663738,Daniel Lynch IV,2025,440,-0.012881520739597968,0.016064191801275194,-0.012826100902237767
657649,Jared Koenig,2024,460,-0.012844505729098368,0.016144272953891713,-0.01279226032486846
679885,Justin Martinez,2024,515,-0.012824191552584633,0.017228824665893563,-0.012777817336396607
614179,José Ruiz,2024,376,-0.012835095450101851,0.017972597702153714,-0.01277174547190737
678495,Randy Rodríguez,2025,386,-0.012807947847302872,0.019505278663131214,-0.012746908065409982
607481,Aaron Bummer,2024,372,-0.012778933434082691,0.01731562844053111,-0.012716447792825875
663474,Triston McKenzie,2024,479,-0.012761372372032636,0.016801983415816065,-0.012712921443260871
668941,JoJo Romero,2024,352,-0.012773061807953482,0.013916456931050786,-0.012707296158902046
676702,Hunter Stratton,2024,268,-0.012793382477696706,0.016192297347493292,-0.012707014636427247
519326,Hunter Strickland,2024,510,-0.01272284870461153,0.01600743839131429,-0.012678053660544966
694819,Jacob Misiorowski,2025,554,-0.012718718812080079,0.020710591342677217,-0.012677492037272448
669724,Brenan Hanifee,2025,409,-0.01271288144015177,0.017229242541231017,-0.012657545861498266
682120,Tim Herrin,2024,422,-0.012704257645456062,0.01436617714736702,-0.012650793089305029
594580,Sam Moll,2024,262,-0.012727895018751737,0.017478731767841985,-0.012642124357028774
672335,Cionel Pérez,2024,360,-0.012699642244896555,0.014525745207788019,-0.012637357921404479
663969,Tyler Phillips,2025,492,-0.012670925298017457,0.01616083997908831,-0.012625599876541072
672391,Kaleb Ort,2025,349,-0.012665286246367816,0.01945427007499513,-0.012602089488584175
676534,Calvin Faucher,2025,426,-0.01264784252044863,0.017779258344598533,-0.012596212095881729
687330,Kevin Kelly,2024,435,-0.012640971669379641,0.01547455239617512,-0.012590544913441505
677161,Zack Kelly,2025,267,-0.012671547784409206,0.01603335030416781,-0.012589435052055845
687330,Kevin Kelly,2025,251,-0.012673744760608723,0.014591224512453503,-0.01258651855906487
676263,Jack Dreyer,2025,541,-0.012623594591896548,0.017209388352361618,-0.01258318948286777
656240,Scott Blewett,2025,317,-0.012590617448548872,0.015985235185009546,-0.012523615035559215
669060,Bryse Wilson,2025,380,-0.012571250005381071,0.016254951545576473,-0.012515575844920043
666129,Braxton Garrett,2024,257,-0.012573463782155936,0.015303180350280457,-0.012492093981956146
690916,Richard Fitts,2025,363,-0.012526099286754041,0.01965213171323916,-0.012469147596080248
623465,Evan Phillips,2024,387,-0.012521547584819968,0.015949628966771753,-0.012468154463234925
670059,Colin Holderman,2024,367,-0.012490885240579248,0.014106112922820956,-0.012435507301680646
685126,Brandon Eisert,2025,535,-0.012430602333710117,0.015089982684894174,-0.01239343178798857
621345,A.J. Minter,2024,240,-0.012417912827671176,0.016860985678969258,-0.012337477486962496
640462,A.J. Puk,2024,521,-0.012365572318834235,0.017430648757746515,-0.012328694836997785
676477,Garrett Whitlock,2025,587,-0.012358930542171298,0.015430873453488583,-0.012326242851208917
669199,Lake Bachar,2025,495,-0.012323984571934206,0.01635528692289403,-0.01228606548480245
656986,Bennett Sousa,2025,355,-0.012334841595971613,0.017257569565601955,-0.012282085078754326
663465,Kolby Allard,2025,458,-0.012318715891319987,0.016289917520332146,-0.012277918418400818
506433,Yu Darvish,2024,498,-0.012278166027182779,0.013743916812403507,-0.012241407716616269
592155,Cam Booser,2025,255,-0.012292042123081702,0.017910759188187946,-0.01222108396086021
695505,Chase Burns,2025,384,-0.012267140502254444,0.01814518153990354,-0.01222004789970974
665625,Elvis Peguero,2024,347,-0.012216405918940567,0.01890671302764872,-0.012165913915683566
621381,Matt Strahm,2025,477,-0.012197237967637123,0.020440628770580567,-0.012160622229370241
669854,Ronel Blanco,2025,355,-0.012201748958770783,0.015899442018157343,-0.012152779478197349
669062,Erik Miller,2024,482,-0.012158906387218558,0.01651190260008056,-0.012123471838803244
686826,Bryce Jarvis,2024,416,-0.012161203692914473,0.01593335155748073,-0.012120228380633325
663432,Tanner Rainey,2024,412,-0.01215610186676502,0.01767418396241756,-0.012114864106492861
670167,John Schreiber,2024,350,-0.012149504029391056,0.017307120387680088,-0.012101362375302311
663738,Daniel Lynch IV,2024,275,-0.012110646986722458,0.014505330018825403,-0.012051269669998928
686973,Louis Varland,2025,519,-0.012069500990807287,0.015334491568073242,-0.012038298863913733
605130,Scott Barlow,2024,379,-0.01205849562953625,0.01529852251645023,-0.012016369243540694
663941,Tristan Beck,2025,376,-0.012053481511145816,0.017068656236979323,-0.012011162972882315
663423,Trent Thornton,2024,511,-0.012033388608401236,0.015204554595221917,-0.012002427843761664
657649,Jared Koenig,2025,438,-0.012003211524336857,0.01686331300686483,-0.011967910002230964
605397,Joe Musgrove,2024,641,-0.01193849756011453,0.01706631233599588,-0.01191523024019596
595014,Blake Treinen,2025,214,-0.011981543538400944,0.01551591201850617,-0.01191200690806362
658648,Pedro Avila,2024,593,-0.0118833465283222,0.015929788147143114,-0.01185917860274999
678692,Ronny Henriquez,2025,523,-0.011882004313604005,0.01488169185960205,-0.011854690889431127
681517,Kyle Leahy,2025,629,-0.011864346801025723,0.015416491473061334,-0.011841848552531366
592155,Cam Booser,2024,345,-0.011854717864043048,0.016567182688063994,-0.011814522817624996
666745,Jhony Brito,2024,265,-0.011856864089658808,0.016892891735787313,-0.011804911771192176
680736,Justin Wrobleski,2025,515,-0.011821498901373852,0.017080146109147543,-0.011794966926133181
676428,Brant Hurter,2024,294,-0.011788765075189483,0.014506914790323098,-0.011744088276196869
675627,Michael Grove,2024,302,-0.011752168952229018,0.01860744371377855,-0.011709854231987326
669724,Brenan Hanifee,2024,208,-0.011694051287433756,0.018153436936740926,-0.011636290704964846
676272,Bobby Miller,2024,413,-0.011659258648608091,0.017561024100886814,-0.011630318909996523
650893,Génesis Cabrera,2024,453,-0.011654396576413057,0.015190404747041496,-0.011628063977344897
668984,Casey Legumina,2025,403,-0.011652665700341028,0.022511027025437027,-0.01162319172930955
595014,Blake Treinen,2024,324,-0.011654312572669641,0.017086526933391542,-0.011617824286544697
622072,Alex Wood,2024,215,-0.011658257907295277,0.014638226573027949,-0.011603942223257968
682842,Abner Uribe,2025,492,-0.011566979188998202,0.01634601299521427,-0.011544499827317131
669372,J.T. Ginn,2025,644,-0.011559171066387096,0.014246970512131623,-0.011542037151235533
543339,Daniel Hudson,2024,457,-0.01155704900110355,0.016210455082971805,-0.011533107214933919
682120,Tim Herrin,2025,285,-0.011558730628631978,0.015098782281854918,-0.011520789139110562
642397,Gregory Soto,2024,391,-0.011541209418981685,0.016067636566563293,-0.011513741267139882
680767,Victor Vodnik,2025,376,-0.011465024464399407,0.01883105192133342,-0.011438539956740759
600917,José Leclerc,2024,511,-0.011457493062543253,0.01538609281745459,-0.01143801609913616
519151,Ryan Pressly,2024,429,-0.011448818119989324,0.01655589326484482,-0.01142591164545049
681892,Kody Funderburk,2024,240,-0.011464432345897146,0.014595916028520353,-0.011423587698550404
681293,Spencer Arrighetti,2025,251,-0.011460047699146932,0.015810981952030567,-0.01142109625807664
656794,Sean Newcomb,2025,670,-0.0114188056239519,0.01624530455000219,-0.011404471352933244
668941,JoJo Romero,2025,380,-0.01142473997276739,0.012900644013362876,-0.011399599681900447
678495,Randy Rodríguez,2024,375,-0.011419600810220979,0.018127626780153616,-0.011394273000341218
543056,Danny Coulombe,2025,337,-0.011421325183475932,0.016799933093660357,-0.011393175285267922
605447,Jordan Romano,2025,311,-0.011419415122305028,0.016434514395363645,-0.011389049776527823
686973,Louis Varland,2024,391,-0.01137377818766393,0.01622341572965536,-0.011350646869924862
663687,Hogan Harris,2025,486,-0.01136361808130331,0.017221456618519308,-0.011345126417186055
660825,Eduard Bazardo,2025,503,-0.011314191849007452,0.014573312544325008,-0.011297313450388105
660896,Jorge Alcala,2024,411,-0.01130071993523748,0.017936875929275405,-0.01128048901112247
519151,Ryan Pressly,2025,292,-0.01129138567720127,0.01621212086799354,-0.011263514364191053
687863,Porter Hodge,2025,267,-0.011278899191308457,0.017372694007662455,-0.011248984020691787
702352,Spencer Bivens,2025,603,-0.011249762827237608,0.014809657712252124,-0.011236728125277184
689017,Landon Knack,2024,501,-0.011248849741968133,0.01711922273603117,-0.011233233785043591
643410,Mark Leiter Jr.,2025,349,-0.011243141952773683,0.014915035866755995,-0.011221086652040354
663893,Brendon Little,2025,443,-0.01123021299681709,0.016722295740682416,-0.011213026764698458
607455,Anthony Banda,2025,500,-0.011208376469456936,0.01726063288090188,-0.011193554378903023
664126,Pete Fairbanks,2024,276,-0.01121084003897099,0.014980661982380222,-0.011184335698013586
660896,Jorge Alcala,2025,477,-0.011191243550018583,0.01661543857659168,-0.011176087489247444
643410,Mark Leiter Jr.,2024,425,-0.011182037030285117,0.01818251211086892,-0.011165290709743701
663567,Peter Lambert,2024,433,-0.011173524319611997,0.014004480502545453,-0.011157279756396358
675848,Juan Mejia,2025,479,-0.011159526981223576,0.01656023227597385,-0.01114510666490384
702352,Spencer Bivens,2024,337,-0.011129521684382016,0.01682338182827557,-0.011110105015856128
680736,Justin Wrobleski,2024,263,-0.011124381952412138,0.013724245838495304,-0.011099905261018946
664062,Tony Gonsolin,2025,243,-0.011117982329918015,0.016310569138323947,-0.011091836335125132
686701,Ryan Bergert,2025,577,-0.011098238445702664,0.017706469040963034,-0.011087308803213085
681982,Grant Anderson,2024,207,-0.011096604054019873,0.016695743191304936,-0.011067150817581818
641329,Bryan Baker,2025,542,-0.011037552747375796,0.018619441506462886,-0.011027072809167449
669713,Hayden Wesneski,2024,438,-0.011035883081387421,0.016160050723707912,-0.011023011169514749
689017,Landon Knack,2025,337,-0.010982496645603267,0.017474133833347408,-0.010967480210236557
641745,Brad Keller,2025,476,-0.010940743856534414,0.01581114534056197,-0.010930911232819064
666974,Yennier Cano,2025,423,-0.010917607041713854,0.01452003721078597,-0.010907127034235674
669674,Sam Long,2025,338,-0.010907141258134585,0.017516416647472006,-0.010894416721774429
676974,Max Meyer,2025,455,-0.010893905788564228,0.016058928366057466,-0.01088467586112888
502085,David Robertson,2024,473,-0.01088944138868422,0.015321471478582394,-0.010880651172911168
676775,Keaton Winn,2024,360,-0.010873828562570758,0.015863864134989022,-0.010862794897826055
592426,Luke Jackson,2024,388,-0.010862221046347447,0.014348477873993187,-0.01085226576970396
671212,Joe Boyle,2025,391,-0.010843697951357641,0.017487252768223036,-0.010834296867983482
678226,Daysbel Hernández,2025,291,-0.010841692428538004,0.015834973286787353,-0.010829241359210404
518585,Fernando Cruz,2025,304,-0.010841064023884003,0.014539163365175273,-0.010829148574902518
663568,Stephen Kolek,2025,753,-0.010832830568755307,0.016390880580858646,-0.010828035451517028
669160,Dustin May,2025,919,-0.010831650645917781,0.015499714199458194,-0.010827725186250728
605130,Scott Barlow,2025,497,-0.010805257392217398,0.014886989323117102,-0.01079860796770334
573009,Joe Mantiply,2024,391,-0.010801870458606101,0.015349016728106464,-0.010793552798530984
686730,Carson Spiers,2024,697,-0.010796948762465891,0.014260517569879482,-0.010792301424617297
662253,Andrés Muñoz,2024,384,-0.010751137094031811,0.01571174888103337,-0.010744009235383658
676755,Isaac Mattson,2025,374,-0.010743548367525425,0.02036661198287062,-0.010736440336952228
656271,Brock Burke,2024,275,-0.010745679722326066,0.01532339057371727,-0.01073602837595718
681867,Cooper Criswell,2024,745,-0.010727864385938866,0.013368923533441329,-0.01072446320939149
622554,Seranthony Domínguez,2025,459,-0.010728662375656147,0.015263706993468042,-0.010723171213201517
593974,Wandy Peralta,2025,511,-0.01070995873266234,0.01304099351703459,-0.010705388180184367
657571,Caleb Ferguson,2024,407,-0.010707341932800218,0.01590437992365106,-0.010701697749293835
663362,Matt Waldron,2024,621,-0.010693385745589921,0.014855137921261368,-0.010689884363602074
690990,Cade Horton,2025,822,-0.010682280538776573,0.01559385668265742,-0.010679763349686937
650893,Génesis Cabrera,2025,324,-0.010682402555386768,0.014785449113947899,-0.01067613285488789
608566,Germán Márquez,2025,933,-0.010674008955189527,0.01579052427552647,-0.01067187909838074
680694,Kyle Bradish,2025,206,-0.010671266957163396,0.014036279364163632,-0.010662113450458727
668338,Tyson Miller,2024,454,-0.010661291242340705,0.01751002076902501,-0.010657249283425227
608717,Chris Stratton,2024,385,-0.010652590871207155,0.013686145205467681,-0.010648072335935595
681517,Kyle Leahy,2024,337,-0.010643078050885277,0.014612546241253957,-0.010638219891739584
663687,Hogan Harris,2024,502,-0.010638057548413108,0.01830346234198184,-0.010634865664874909
606303,Joel Payamps,2024,397,-0.010633585854839993,0.015158713056754466,-0.010629685435731397
605154,John Brebbia,2024,453,-0.010629178925055481,0.012920850159632236,-0.010625848735246851
595345,Steven Okert,2024,247,-0.01061670945664136,0.018894869370868046,-0.010611217729718748
663568,Stephen Kolek,2024,319,-0.010609600137105286,0.015236505636438481,-0.010605533196295645
687473,Ryan Gusto,2025,823,-0.010576882998391646,0.01843419043015866,-0.010575683718531173
664076,Garrett Cleavinger,2024,446,-0.010564851662669874,0.014923608822110841,-0.010562935818167673
683627,Anthony Molina,2024,439,-0.010560184595857397,0.014718965225477052,-0.010558346884619714
686580,Justin Slaten,2024,384,-0.010498150079027052,0.015187042081872758,-0.010497691441047518
672578,Carlos Hernández,2024,256,-0.010486177562337815,0.016660959005199087,-0.010485965823876793
686580,Justin Slaten,2025,256,-0.01047553432766475,0.01473647873176705,-0.01047573797795937
605452,Joe Ross,2025,408,-0.010469621733888141,0.01554784057576985,-0.010469898326243855
657044,Ryan Thompson,2024,440,-0.010469289880345515,0.0157122555596273,-0.010469554481827225
670036,Matt Festa,2025,390,-0.010466534991436623,0.016379649649083984,-0.010466904171153124
605463,Tayler Scott,2024,464,-0.010463463220153365,0.017209384614621164,-0.010463842134520101
702070,Noah Cameron,2025,959,-0.010451411373829846,0.014671200582445964,-0.010451726063894544
607455,Anthony Banda,2024,377,-0.010444158187704765,0.015449325955235946,-0.010445140310364266
684320,Yariel Rodríguez,2025,489,-0.010428828788700913,0.014550308102746613,-0.010429909796472125
683409,Angel Chivilli,2025,480,-0.010426765378135278,0.014666970781315687,-0.010427909972079251
669387,Carmen Mlodzinski,2025,696,-0.010422467263085778,0.01485508600246251,-0.010423325128012738
596001,Jakob Junis,2025,426,-0.010419993334717725,0.01328035874050815,-0.010421440903688085
669084,DL Hall,2025,247,-0.010415382797952144,0.01611152464190693,-0.010418023274374504
676974,Max Meyer,2024,405,-0.01041259964913822,0.014954265345430717,-0.010414305456663815
657585,Reed Garrett,2025,393,-0.010405072742057382,0.014740683214107313,-0.010407023289567956
687863,Porter Hodge,2024,268,-0.010402590258085043,0.015380641287988817,-0.010405509310696602
676534,Calvin Faucher,2024,400,-0.010399511464293305,0.01359092939553049,-0.010401569632220786
643511,Tyler Rogers,2025,489,-0.010373456046423755,0.01382557795899437,-0.010375689871736173
675540,Xzavion Curry,2024,307,-0.010362960444780226,0.01505510643959729,-0.010366818984579544
596001,Jakob Junis,2024,403,-0.010355870767502405,0.013094664884432856,-0.010359011575962628
622608,Antonio Senzatela,2025,1007,-0.010350055002209898,0.0154627293076751,-0.010351390633983326
642397,Gregory Soto,2025,449,-0.010342860960430382,0.015194738028715724,-0.010345981713358706
700241,Michael McGreevy,2025,631,-0.010339749385116836,0.014170887657215489,-0.010342035045660844
663776,Patrick Sandoval,2024,576,-0.010331237185491053,0.013511177673934298,-0.010333888150007083
608334,Carson Fulmer,2024,631,-0.01028290225321411,0.014976025511419683,-0.01028610940692361
573204,Caleb Thielbar,2025,395,-0.010258632680162949,0.01511197954297788,-0.010264329295609945
676092,Collin Snider,2025,241,-0.010233335228301374,0.014234230128133327,-0.010243567687926673
689147,Orion Kerkering,2024,447,-0.01022709225985042,0.015178620128803008,-0.010232858188423307
640451,Hunter Harvey,2024,403,-0.010219304988755649,0.01670573726562193,-0.010225880467299128
676106,Emerson Hancock,2024,450,-0.01019369471959171,0.01532529530278271,-0.010200177287024754
607179,Jordan Weems,2024,324,-0.010188682485975866,0.016097229745807573,-0.01019776350923484
670167,John Schreiber,2025,467,-0.010179925525681692,0.01487443241027644,-0.010186477124709792
694738,Landen Roupp,2024,323,-0.010158002705965582,0.01486783345440245,-0.010168067722660868
628452,Raisel Iglesias,2024,441,-0.010150057597697874,0.014416753450531072,-0.010157674512030666
676282,Joey Cantillo,2025,661,-0.01015253875582183,0.015146925287948969,-0.01015762137561492
806185,Hayden Birdsong,2024,551,-0.01015136253119944,0.015952897183701124,-0.010157462821899312
593576,Héctor Neris,2025,234,-0.010133512876828121,0.013872258332640696,-0.01014828502337498
641712,Dakota Hudson,2024,528,-0.010140392377947853,0.013918057901653673,-0.010146965115546431
571948,Hoby Milner,2024,392,-0.010111239063300182,0.01552851236202172,-0.010120786477351545
672582,Angel Zerpa,2025,431,-0.010062606278913776,0.014095219198666827,-0.010072455663258713
680767,Victor Vodnik,2024,480,-0.010044129364640803,0.016603233487699768,-0.010053386342786963
621237,José Alvarado,2024,432,-0.010039413436133625,0.014471897063322844,-0.010049785626800565
678368,Valente Bellozo,2025,629,-0.010031205689932697,0.01485639019899785,-0.010038515643906624
684320,Yariel Rodríguez,2024,650,-0.010028323305276969,0.016567182018184304,-0.010035446188900957
683004,Jack Leiter,2025,1164,-0.010030193794567804,0.014831812683170832,-0.010034182636138854
669212,Eli Morgan,2024,307,-0.01001725905512054,0.01281042704642894,-0.010032441826740748
676083,Janson Junk,2025,804,-0.010020724513030902,0.01391463233658212,-0.010026597491621375
678368,Valente Bellozo,2024,467,-0.009990309384869535,0.015005234571113935,-0.010000990565843563
701581,David Festa,2024,497,-0.009982336306123834,0.013493293515740223,-0.009992549335279525
671131,Jackson Rutledge,2025,596,-0.009981457859748884,0.016340914535660084,-0.009990018577746786
669713,Hayden Wesneski,2025,228,-0.00996647729372998,0.013117924715244133,-0.009988906043767716
676508,Ben Casparius,2025,590,-0.009971498438849022,0.01565496351744085,-0.009980317174430719
592094,Jason Adam,2025,487,-0.009961555114668143,0.013151052298186198,-0.009972407861263508
806185,Hayden Birdsong,2025,484,-0.009955515008982459,0.01707288996525811,-0.009966560632083692
676106,Emerson Hancock,2025,679,-0.009957361200705662,0.01553410856672166,-0.009965254661435252
656731,Tylor Megill,2025,509,-0.009947188285599508,0.014510946690704404,-0.009957868933319078
677960,Ryan Weathers,2024,562,-0.00992686638286313,0.015132793403598181,-0.009936927205072365
543859,Michael Tonkin,2024,597,-0.009925593746984877,0.016575244770578878,-0.009935096619330386
686799,Jack Kochanowicz,2025,834,-0.00992710872437364,0.01564873106772554,-0.009933925736991728
685299,Tanner Gordon,2024,311,-0.009908435089961002,0.01362526030754665,-0.009926949311297851
656731,Tylor Megill,2024,603,-0.009874056782213638,0.01596662946663336,-0.009884340251143613
676092,Collin Snider,2024,321,-0.009849750300181977,0.012865501955108091,-0.009869546992256761
572955,Pierce Johnson,2024,350,-0.009849492993951301,0.012652408712813347,-0.00986770413246199
548389,Ross Stripling,2024,564,-0.009848693701532445,0.014824306708323378,-0.009860134482697187
667463,John King,2025,361,-0.009841685993647079,0.013558056848313566,-0.00985957630926815
694363,Jared Shuster,2024,580,-0.009847190081075543,0.014245791433227815,-0.009858347291607977
657612,Tim Hill,2024,453,-0.009818478091778547,0.015704230290324236,-0.009833337280907534
670970,Adrian Morejon,2025,442,-0.00978247575936297,0.013950971801866503,-0.009798523659730442
608344,Cole Irvin,2024,766,-0.009772194749288754,0.014177638226585108,-0.009781683341651227
672582,Angel Zerpa,2024,372,-0.009744113450318632,0.013681224475767853,-0.009764142051357949
664747,Alexis Díaz,2024,402,-0.009724378565474208,0.013941443665269108,-0.009743447719174196
676254,Ryan Walker,2025,409,-0.00971977908555766,0.01550667450127539,-0.0097386439864902
641745,Brad Keller,2024,323,-0.009695355000387058,0.012402587628772017,-0.00971984778582378
682052,Jacob Lopez,2025,722,-0.009688961129737602,0.014511986931372714,-0.009700201344301848
664299,Cristian Javier,2025,261,-0.009650289459416277,0.01641897199311987,-0.009682103996265831
623211,Huascar Brazobán,2025,452,-0.009661228100141923,0.0155164653790805,-0.009679655211380036
592454,Tommy Kahnle,2024,320,-0.009650371725289823,0.014456680773470778,-0.009676502455507566
605154,John Brebbia,2025,207,-0.009635943999812244,0.017578015877392713,-0.009676347132986882
641816,Tyler Mahle,2025,661,-0.009662218705141558,0.01703989201409516,-0.009674894278487499
621053,Tyler Ferguson,2024,371,-0.009651950031018552,0.016437735502689673,-0.009674543563068962
676130,José Buttó,2024,501,-0.009637549393349756,0.01608487725742092,-0.009654692297888222
642701,Dennis Santana,2024,540,-0.009616434883837248,0.015995123169944756,-0.00963276193287662
682990,Quinn Priester,2024,377,-0.00960776794015878,0.013238100540419706,-0.009631197313944516
672456,Keider Montero,2025,660,-0.009597727074990313,0.01382324206498755,-0.009611421744217826
641656,Ian Hamilton,2024,271,-0.009575552023910342,0.015288260067331819,-0.009608997367379472
621053,Tyler Ferguson,2025,423,-0.009574019321633142,0.015857188954677116,-0.009595771561743828
665622,Luis Medina,2024,325,-0.009555714465744061,0.01618928246246645,-0.009584389951421912
643511,Tyler Rogers,2024,463,-0.009552163193070482,0.013101651090892622,-0.009572557481911818
670955,Edwin Uceta,2024,329,-0.009539978523609181,0.013561793141507395,-0.00956879810476719
670174,Josh Winckowski,2024,523,-0.009546334655615633,0.015176991260782684,-0.009564548471842951
670036,Matt Festa,2024,200,-0.009504229660140182,0.01616703603228992,-0.009552485867636344
694738,Landen Roupp,2025,757,-0.009532899883335697,0.013644785713127695,-0.009545741837863199
666974,Yennier Cano,2024,438,-0.009514866083644,0.013739040957422942,-0.00953726225332744
673513,Yuki Matsui,2025,474,-0.009508124624440048,0.014311999658111847,-0.009529001026935378
621383,Tanner Banks,2024,517,-0.009498774050091602,0.014142646617309438,-0.009518132683732887
681343,Shane Smith,2025,1078,-0.009498353534002222,0.014229914787624127,-0.009507738030679115
641778,Eric Lauer,2025,777,-0.009494571990835353,0.01574798521470717,-0.009507593852415357
681293,Spencer Arrighetti,2024,1117,-0.009497872624478343,0.0142027481995152,-0.009506936918683082
571656,Buck Farmer,2024,467,-0.009482769612764834,0.013296288976517686,-0.009504504320462619
472610,Luis García,2025,449,-0.00947903395465936,0.014450587920500602,-0.009501704812445517
672456,Keider Montero,2024,700,-0.009462572776683192,0.01449523873446039,-0.009477474405435667
573204,Caleb Thielbar,2024,392,-0.009390438247152078,0.014098192475433324,-0.009418609576859907
621381,Matt Strahm,2024,462,-0.009382224612687694,0.01547459666244763,-0.009406402277751127
455119,Chris Martin,2025,334,-0.00936761962237052,0.016164193124945506,-0.009401224168388143
663423,Trent Thornton,2025,303,-0.009357388779708788,0.014589445928108975,-0.009394656766626434
682254,Mason Montgomery,2025,411,-0.009358281508173064,0.017251153473402496,-0.0093859760435251
669372,J.T. Ginn,2024,232,-0.009319802921372841,0.011269851590499591,-0.009369599152156812
477132,Clayton Kershaw,2024,233,-0.009301753184725689,0.013151956251869167,-0.00935211584779718
681676,Ryan Fernandez,2024,529,-0.009315124295861505,0.01493876175049941,-0.009337592167436074
477132,Clayton Kershaw,2025,765,-0.009315814341840452,0.014196808747296556,-0.00933143463503396
592454,Tommy Kahnle,2025,465,-0.009290984157385216,0.011760491288358831,-0.009317004701827343
693645,Cam Schlittler,2025,605,-0.009286170797487696,0.018543091094623838,-0.009306353108908805
663460,Kris Bubic,2024,220,-0.009233792194358673,0.0119342486063425,-0.009290063392359556
668674,Lucas Erceg,2024,399,-0.009250704470370932,0.014836657100178178,-0.0092819428007798
592094,Jason Adam,2024,496,-0.00924892126084908,0.015225232700077314,-0.009274212522927858
694037,Daniel Palencia,2025,401,-0.009229579889282429,0.016054300096822773,-0.009261200227437294
621363,Colin Poche,2024,235,-0.009173311639389484,0.017852689687418145,-0.009228705695469687
628452,Raisel Iglesias,2025,467,-0.009178736842978288,0.014297443527272378,-0.009207092971361583
621242,Edwin Díaz,2024,403,-0.009173267606360797,0.013129058987823471,-0.009206151237182604
592773,Ryne Stanek,2024,469,-0.009151865211177522,0.01682307433224339,-0.009180685826546365
673929,Jordan Leasure,2025,518,-0.009143385024939842,0.013926319505124124,-0.009169699870964245
657376,Clarke Schmidt,2024,577,-0.00914092817961784,0.014763372877356205,-0.009164643366818112
472610,Luis García,2024,396,-0.0091259119256721,0.01327569061916975,-0.00916057348579648
663947,Tyler Holton,2024,578,-0.009134215587228003,0.012896083666420342,-0.009158009082152302
570632,José Ureña,2025,426,-0.009122857960267095,0.013773668300058745,-0.009155209480664247
664208,Phil Maton,2024,442,-0.009120779054856809,0.01603124889069995,-0.009152034171524008
608371,Lucas Sims,2024,366,-0.009113113512932272,0.013507894174751317,-0.009150891230932576
674003,Cody Bradford,2024,505,-0.009118919583243281,0.014641499828089138,-0.009146391714971575
605280,Clay Holmes,2025,1100,-0.009107931892878498,0.011976724778997713,-0.009120786119622474
689225,Beau Brieske,2024,529,-0.009068561359741432,0.01614659305812356,-0.009095781814678862
696136,Jordan Wicks,2024,358,-0.009010676669975685,0.013784864988323984,-0.009052165773963434
656222,Jalen Beeks,2024,494,-0.009016166432875984,0.015103849026627416,-0.009046355717748745
608372,Tomoyuki Sugano,2025,1141,-0.009029018821859126,0.013580523098996912,-0.009042127904725245
642232,Ryan Yarbrough,2025,432,-0.008999011521709439,0.012185924700481516,-0.009033834870595142
670970,Adrian Morejon,2024,473,-0.008999554091397596,0.013370677648476005,-0.009031412179312553
681190,Randy Vásquez,2024,759,-0.008995369305594006,0.014706768781566857,-0.009015441666534235
665871,Javier Assad,2024,952,-0.008993447182038183,0.013784153563273087,-0.009009514978343585
606930,Jacob Barnes,2024,527,-0.008979360648497067,0.013575705769810193,-0.00900840818079794
657097,Jacob Webb,2024,419,-0.008942649323368242,0.013362190893477201,-0.008979891656353517
657097,Jacob Webb,2025,470,-0.008939568220780125,0.012753386393389635,-0.008972923509623169
657585,Reed Garrett,2024,398,-0.008922573958328635,0.014093946256552728,-0.008962242395352904
656557,Tanner Houck,2025,305,-0.008898066398002787,0.012355555518097108,-0.008950239616178498
518585,Fernando Cruz,2024,468,-0.00891196123557277,0.013339544423654162,-0.008946055956307266
458677,Justin Wilson,2024,403,-0.008899243966894326,0.015168281974731287,-0.008939019374010438
687792,DJ Herz,2024,739,-0.008888832133643089,0.01364761818582494,-0.008910918274199887
571946,Shelby Miller,2025,337,-0.00883562323333703,0.013762521645399262,-0.008884859415454272
455119,Chris Martin,2024,307,-0.008820992853342965,0.015420889961658612,-0.008875362033214988
672578,Carlos Hernández,2025,354,-0.008826687310243038,0.016545250799645268,-0.008873881467723428
664126,Pete Fairbanks,2025,459,-0.008824266586372895,0.013942471835793543,-0.008860957443870983
657571,Caleb Ferguson,2025,452,-0.008821235816118817,0.014422089337765096,-0.008858550265603407
689147,Orion Kerkering,2025,424,-0.00881079816329453,0.013512746066665105,-0.008850767615746916
593423,Frankie Montas,2025,318,-0.008790353341606178,0.012896503947878332,-0.008843871417159924
663485,Cole Sands,2024,542,-0.008798495706141654,0.013684385160233748,-0.008830158658887527
641729,Joe Jiménez,2024,515,-0.008791588952220871,0.014801471781050951,-0.008825015732225171
680732,Sean Burke,2025,1037,-0.00880706823081904,0.015412485767271226,-0.008823682171811363
647336,Michael Soroka,2024,555,-0.008768982193393558,0.014029608255148866,-0.008800459852213543
683232,Nick Mears,2024,436,-0.008758495566621458,0.013398086209281136,-0.008798608747114004
605135,Chris Bassitt,2025,1230,-0.008753277265009352,0.01565723276375361,-0.008767757032331026
685299,Tanner Gordon,2025,637,-0.008736852641283644,0.014571748063787218,-0.008764859300152125
608718,Brent Suter,2025,498,-0.008728548833072471,0.013697267397013432,-0.008764382564691194
674370,Osvaldo Bido,2024,479,-0.008711923120398922,0.014168478408999432,-0.008749501242194204
669387,Carmen Mlodzinski,2024,395,-0.008702669949010798,0.013778228458159958,-0.008748271730395935
701581,David Festa,2025,422,-0.008694276932432124,0.01606508447018008,-0.008737233031149639
656271,Brock Burke,2025,498,-0.008693554167035962,0.013560529700093995,-0.008730103562945863
623211,Huascar Brazobán,2024,410,-0.008657718574750112,0.014046792924394034,-0.008702804975239864
670955,Edwin Uceta,2025,610,-0.008666666517400017,0.013673343505829156,-0.008697068269967594
695418,Brad Lord,2025,1015,-0.008678336836686514,0.014659212083538048,-0.008696612509235892
678606,Jose A. Ferrer,2024,226,-0.008612097357360132,0.011544823086568342,-0.008694283306462717
808967,Yoshinobu Yamamoto,2025,1455,-0.008677085274974282,0.013460407638540471,-0.00868988237548148
623149,Paul Sewald,2024,301,-0.008607661037561973,0.015727496168292106,-0.008670200617767427
663485,Cole Sands,2025,520,-0.008633267746497138,0.012430862234969892,-0.008669482892410606
650556,Bryan Abreu,2025,509,-0.008629357899384725,0.01268154681629679,-0.00866641828981729
683003,Jared Jones,2024,875,-0.008628923637658745,0.013666565433041839,-0.008650669330905969
663460,Kris Bubic,2025,813,-0.008622475487356117,0.013340375656603561,-0.008645940004792527
677053,Andrew Nardi,2024,413,-0.008572677961389651,0.018720182392647642,-0.008619533181689717
592426,Luke Jackson,2025,343,-0.008559564147642067,0.013298767390471346,-0.008616086144817037
681676,Ryan Fernandez,2025,239,-0.008524424549251364,0.014090662391058224,-0.00860598146950396
605540,Brandon Woodruff,2025,462,-0.008549615636190286,0.014197327840029868,-0.008592118320019096
663546,Sean Hjelle,2024,503,-0.008543738881103942,0.014499003777849885,-0.008582966304518682
605135,Chris Bassitt,2024,1188,-0.008563260141880517,0.01428225502422591,-0.008579895930465532
640455,Sean Manaea,2025,537,-0.008539406010417404,0.014442175532297333,-0.008576279231776923
571946,Shelby Miller,2024,365,-0.008518265694326706,0.01583633891373626,-0.008572619050470505
518886,Craig Kimbrel,2024,379,-0.008515840452135768,0.01528226248677797,-0.008568304395965905
693312,Kyle Nicolas,2025,296,-0.008489682818083603,0.014190232620217928,-0.008557246351387163
547179,Michael Lorenzen,2025,1035,-0.008528276730609338,0.013048725529571883,-0.008547695194190477
656641,Jacob Latz,2024,342,-0.00848734117353462,0.013430252783156215,-0.008546154417264694
663947,Tyler Holton,2025,551,-0.008500412884983858,0.011109069750783433,-0.0085370887215224
621111,Walker Buehler,2025,931,-0.0085072858036482,0.014036301190593585,-0.008529081334487413
694813,Gavin Stone,2024,965,-0.008499989359694283,0.014426764818671663,-0.008521102925705943
664076,Garrett Cleavinger,2025,395,-0.008462195597841058,0.015745551396528727,-0.00851396473059983
676254,Ryan Walker,2024,471,-0.008467190113851317,0.011233045238591133,-0.008510678385122695
641941,Emilio Pagán,2025,533,-0.008453601543444423,0.014680830189276664,-0.008492387927576162
680694,Kyle Bradish,2024,266,-0.008414193909883171,0.01341378239930168,-0.00849193037580482
678606,José A. Ferrer,2025,568,-0.008442291123868377,0.013616550929440096,-0.008478933775903955
673929,Jordan Leasure,2024,238,-0.008388454475998654,0.01444772065019721,-0.008476030975753978
445276,Kenley Jansen,2024,357,-0.008412735427160027,0.01697166611391801,-0.0084712587440187
668674,Lucas Erceg,2025,447,-0.008422101192372385,0.015876750382108888,-0.008468896242019243
700249,Cade Povich,2025,796,-0.008441334490689567,0.012957803080213742,-0.008467629165391944
571927,Steven Matz,2025,528,-0.008412789800922487,0.012773455416390486,-0.008452724508620862
621112,Paul Blackburn,2025,289,-0.008378732505895005,0.015446802150914238,-0.00845172863002527
572955,Pierce Johnson,2025,401,-0.008394471359305171,0.014060635521711504,-0.008447197033013193
677960,Ryan Weathers,2025,303,-0.008375690542101437,0.01489315653821521,-0.008445526718714897
676130,José Buttó,2025,474,-0.00837805479652438,0.01271358611459537,-0.008423186926607087
647336,Michael Soroka,2025,654,-0.008381638102490183,0.013589952076605903,-0.00841448685602196
592767,Drew Smyly,2024,431,-0.008357239476272293,0.012438508091281563,-0.008407258588876892
606160,Rafael Montero,2025,483,-0.008359422272592404,0.014667329947488648,-0.00840412378455776
805673,Zebby Matthews,2025,655,-0.008365834440208391,0.013915165688739113,-0.008398880764288385
605177,Andrew Chafin,2025,258,-0.008314588415636624,0.013691175481818576,-0.008398500418542459
694477,Chad Patrick,2025,952,-0.008373130984873679,0.015513466638355377,-0.008395900240083312
691587,Eury Pérez,2025,800,-0.008362248920315596,0.015596537438557469,-0.008389428443580814
570632,José Ureña,2024,776,-0.008356671720324912,0.01266664798101127,-0.008384754470566148
656756,Jordan Montgomery,2024,883,-0.008353452024884314,0.012314684818753946,-0.008378208841958588
621389,Ty Blach,2024,531,-0.008332440677046611,0.011978372690495866,-0.008373697132762339
665795,Edward Cabrera,2025,944,-0.008347206752913098,0.013135829119040968,-0.00837044928055855
677944,Slade Cecconi,2024,600,-0.008330773224590258,0.01383934083281664,-0.008367394404302217
656641,Jacob Latz,2025,644,-0.008319173424086666,0.014519155172492734,-0.008353516586085716
650556,Bryan Abreu,2024,512,-0.008302522200662427,0.013669455945442164,-0.008345874642208793
805673,Zebby Matthews,2024,338,-0.008277208800392948,0.01321624105044233,-0.008342968175478601
669211,Keegan Akin,2024,526,-0.008294672443393256,0.013264364297409788,-0.008337045536190553
605177,Andrew Chafin,2024,404,-0.008278127275692514,0.014388443057918764,-0.008333390272728851
666808,Camilo Doval,2024,440,-0.008277246394771487,0.014533723298101224,-0.00832811258396735
669060,Bryse Wilson,2024,746,-0.008293412721271895,0.013328149115399672,-0.008323478808252446
573124,Taylor Rogers,2025,372,-0.008254486291010643,0.012919612735244324,-0.008315016620986642
571927,Steven Matz,2024,295,-0.00822547836731787,0.015063023219682694,-0.008302257814176298
608032,Carlos Estévez,2024,388,-0.008230777879226882,0.012936236163449013,-0.008289495978170506
662253,Andrés Muñoz,2025,442,-0.008232240323752974,0.013468057039342219,-0.008283915975360977
661395,Jhoan Duran,2025,538,-0.008227619879376796,0.014321407751072443,-0.008270337015552144
471911,Carlos Carrasco,2024,743,-0.008201207957759764,0.012528773804766571,-0.008232666214579883
621112,Paul Blackburn,2024,505,-0.00817489668273748,0.011960818115520602,-0.008221412505119608
605288,Adrian Houser,2024,460,-0.00816471105505943,0.013093117788296645,-0.008215901890899224
641540,Dane Dunning,2024,683,-0.008175079123899538,0.01250634838554089,-0.008209651265351016
445276,Kenley Jansen,2025,445,-0.008154326225873122,0.015358874827694052,-0.008207440293770194
594902,Ben Lively,2024,1060,-0.008184239954172572,0.012091420411030444,-0.00820654660693605
605463,Tayler Scott,2025,211,-0.008078893923527578,0.01647814681840266,-0.008191687944047982
663372,Ryan Feltner,2025,231,-0.00806995131734961,0.012046682163312922,-0.00817378539606988
657612,Tim Hill,2025,455,-0.008111351115238013,0.01218636356703388,-0.008164283991828296
663855,Jordan Hicks,2025,484,-0.008105523362466284,0.011371490333511312,-0.008155473895409032
643338,Chad Green,2025,347,-0.008076833532231676,0.013669598847434745,-0.008146766078720342
608032,Carlos Estévez,2025,484,-0.00808665408333663,0.014500057401111226,-0.008137001432991871
656557,Tanner Houck,2024,1153,-0.008109013550995308,0.011613847107519854,-0.008130209331666605
681911,Alex Vesia,2025,563,-0.008079840460949696,0.013642817579880413,-0.008123374732438318
676684,Will Vest,2025,552,-0.00807486372830822,0.012689829689329208,-0.008119341497566542
656730,Trevor Megill,2025,335,-0.008040080053129135,0.014509690726804504,-0.008113548584159965
625643,Reynaldo López,2024,919,-0.00808386007789443,0.01303580281999172,-0.008110673839360956
666214,Joey Wentz,2024,536,-0.008054636352613028,0.01440094250154955,-0.008100801447084239
670102,Bowden Francis,2025,500,-0.008048787728367519,0.013671906371243412,-0.008098328139884354
571882,Derek Law,2024,616,-0.008044092749393408,0.012436884450577758,-0.0080845368957294
641302,Tyler Alexander,2025,730,-0.008037356234036496,0.013863333893598824,-0.008071667734821755
552640,Andrew Kittredge,2024,490,-0.008007051532943054,0.011798372629742166,-0.00805844914525735
657024,Erik Swanson,2024,315,-0.007965146564825706,0.01551140339324216,-0.008045524987891468
669093,Jeremiah Estrada,2024,496,-0.007988072753936109,0.016444855630510857,-0.008039251047873008
656464,Kevin Ginkel,2025,208,-0.007902667293416873,0.011453005112249268,-0.008025400187689219
679525,Alec Marsh,2024,924,-0.007997152464115883,0.012719523337389006,-0.008024787541740304
621111,Walker Buehler,2024,572,-0.007978466125220246,0.01263763156056558,-0.008023137398579358
664854,Ryan Helsley,2025,454,-0.007962561884126456,0.012734907064134581,-0.008018939880182575
640455,Sean Manaea,2024,1294,-0.00798803087966435,0.01409690812389326,-0.008007899808942436
641941,Emilio Pagán,2024,279,-0.007908804247587891,0.01391262588674345,-0.008001205659609498
640448,Kyle Finnegan,2025,400,-0.007935202055040726,0.013343458952094413,-0.007999691399555094
596295,Austin Gomber,2024,1124,-0.007974536430113118,0.011922800242919916,-0.007997506584435451
663855,Jordan Hicks,2024,788,-0.007962646591195562,0.01289485755426513,-0.007995438413974015
673513,Yuki Matsui,2024,473,-0.007933834772252665,0.012252915656785195,-0.007988614693968494
693312,Kyle Nicolas,2024,395,-0.007920763413357198,0.014895969608398995,-0.007986418445008985
573186,Marcus Stroman,2024,1023,-0.007955065767460703,0.011134404632944662,-0.007980476825983037
683769,Hunter Gaddis,2024,510,-0.007921696657046761,0.013331445891981396,-0.007972824259126078
621107,Zach Eflin,2025,519,-0.007919683537839105,0.01243728760745097,-0.007969981483064534
701542,Will Warren,2025,1133,-0.007945527357476589,0.01207942343389059,-0.007968580490551928
595345,Steven Okert,2025,515,-0.007904054218134261,0.013958513898639878,-0.007955044384108954
656222,Jalen Beeks,2025,425,-0.007880366537186146,0.012985598187290235,-0.007942462421628799
606160,Rafael Montero,2024,273,-0.007826615453647568,0.014564617951349139,-0.00792398844246331
669211,Keegan Akin,2025,505,-0.00786419739795839,0.012770472091011254,-0.007916980929590506
656546,Jeff Hoffman,2024,454,-0.00784935956288298,0.012597334421680586,-0.007908271966152403
641302,Tyler Alexander,2024,749,-0.007865117830995466,0.013623604830889518,-0.007900929014162702
656876,Drew Rasmussen,2024,208,-0.007762225656842014,0.014169411489435993,-0.00789164444716304
670950,Trevor Richards,2024,464,-0.007827281995269999,0.01278463647277747,-0.007885436421136533
682990,Quinn Priester,2025,1064,-0.00785346315322995,0.01224163473902376,-0.007878887721669203
622554,Seranthony Domínguez,2024,442,-0.007815789842942143,0.01510579254849994,-0.007877036424096399
683769,Hunter Gaddis,2025,491,-0.007819777500842137,0.014684790672272798,-0.007874955952286435
681190,Randy Vásquez,2025,944,-0.007840149939434953,0.01251391772349593,-0.007868916268471476
663574,Tony Santillan,2024,238,-0.007733059733139011,0.013736767252240354,-0.00784806883649564
544150,Albert Suárez,2024,1052,-0.007806268851666981,0.0158159994047735,-0.007832442459055938
667463,John King,2024,396,-0.007758300677607299,0.012166147044474475,-0.007827950520843556
527048,Martín Pérez,2024,925,-0.007797030224315169,0.012202181019892521,-0.007826860142851706
642100,Gabe Speier,2025,452,-0.007762708429916697,0.013704888898963577,-0.007823824008490956
571510,Matthew Boyd,2024,315,-0.007724437502398743,0.012140152116906338,-0.007812507041120768
669276,Dylan Lee,2024,431,-0.007744084026856916,0.011578531646041494,-0.007808545948917989
641755,Tyler Kinley,2025,538,-0.007753491751255511,0.011099414349400505,-0.007805197882215863
683004,Jack Leiter,2024,304,-0.007711929607810133,0.011091147850033022,-0.00780349412276051
664208,Phil Maton,2025,435,-0.00772570786811868,0.012656516872376043,-0.00779001983482406
677944,Slade Cecconi,2025,902,-0.00773727881457137,0.013027825790972064,-0.0077685415819632175
571945,Miles Mikolas,2025,1132,-0.00771850881413307,0.01342263662313965,-0.007743648243204588
663574,Tony Santillan,2025,579,-0.007675667789348471,0.014079253576763488,-0.0077251499339578466
605452,Joe Ross,2024,545,-0.007669723414983622,0.014138342923979504,-0.007722346010015879
690986,Kyle Harrison,2024,873,-0.007687575788907557,0.01372566544292454,-0.00772044981994237
656546,Jeff Hoffman,2025,512,-0.007626414635318174,0.014019411392039167,-0.007683223374876099
669276,Dylan Lee,2025,540,-0.007619407417913487,0.01218877886283655,-0.007673458529634919
690986,Kyle Harrison,2025,277,-0.007558658420289085,0.013126530875492861,-0.0076643699538340455
471911,Carlos Carrasco,2025,335,-0.007567136792076233,0.010916874684526921,-0.0076548417476509445
621237,José Alvarado,2025,206,-0.007496529921116907,0.014171609302739039,-0.007639910508947525
571948,Hoby Milner,2025,470,-0.007562238900801943,0.013076666192642446,-0.007625403228773595
667755,José Soriano,2025,1158,-0.007592461133890147,0.011729501333839187,-0.007618162786271312
672282,Reid Detmers,2025,484,-0.00754912750129562,0.011737229451908497,-0.00761077891454007
572020,James Paxton,2024,707,-0.0075492765196329215,0.01498035456736503,-0.007591761678533243
686799,Jack Kochanowicz,2024,436,-0.007517405574950986,0.012333789588985268,-0.007586425053281753
640448,Kyle Finnegan,2024,514,-0.007522888107008445,0.012264993190842368,-0.007581532772163232
641482,Nestor Cortes,2024,1273,-0.007556396402825724,0.01311929132726079,-0.007580087202171068
573124,Taylor Rogers,2024,402,-0.007498710773329742,0.012655616171841405,-0.0075738918698586505
605280,Clay Holmes,2024,440,-0.0075005125902777425,0.011642035053901654,-0.007569309064158787
682847,Luis L. Ortiz,2025,650,-0.007514087117977557,0.012319979922251142,-0.007560793253208135
700249,Cade Povich,2024,617,-0.007499734784532461,0.014754732473159563,-0.007549135424782678
687911,Bryan King,2025,486,-0.007477159070449715,0.014616586955173292,-0.007540069470248303
458677,Justin Wilson,2025,396,-0.007435978893366783,0.013592949076539943,-0.007513874856146214
663436,Davis Martin,2024,407,-0.0074295217822887664,0.011292107386035758,-0.007505525732162418
621242,Edwin Díaz,2025,459,-0.007429542797819199,0.011435122203034245,-0.007497126533262286
682847,Luis L. Ortiz,2024,955,-0.007448162834068849,0.012269384952657315,-0.0074808229843667815
592773,Ryne Stanek,2025,529,-0.007413892829318342,0.013655836047274595,-0.007473007575638268
623167,Chris Flexen,2024,1209,-0.007420268130247145,0.01232099495094945,-0.0074463630233782725
669203,Corbin Burnes,2024,1306,-0.007394212533969779,0.012422461616709388,-0.0074185903896496035
666808,Camilo Doval,2025,493,-0.007350797146643637,0.011572758807328883,-0.007415442597554815
669461,Matthew Liberatore,2025,1083,-0.007383397331397596,0.013508269703844677,-0.0074128499292055545
573186,Marcus Stroman,2025,313,-0.0072940186879993305,0.010330663865985518,-0.007396470636575295
628317,Kenta Maeda,2024,838,-0.007351380617282852,0.011954902404446657,-0.007389730895790602
663372,Ryan Feltner,2024,1114,-0.0073578915529979826,0.011506120048656537,-0.007386767979395847
641656,Ian Hamilton,2025,291,-0.007268697103183631,0.015197400169973927,-0.00737950086811427
808967,Yoshinobu Yamamoto,2024,621,-0.007324214655897538,0.012563598736265046,-0.007376192581892934
543037,Gerrit Cole,2024,704,-0.007322216218647048,0.013941083992975075,-0.00736818433548884
656288,Griffin Canning,2025,573,-0.00729294814517661,0.013231928371914501,-0.00734975986347743
571945,Miles Mikolas,2024,1212,-0.007318964478282369,0.012555184888385452,-0.007345856964469787
656629,Michael Kopech,2024,465,-0.007262572612364122,0.013897285463554525,-0.007332955053637939
571510,Matthew Boyd,2025,1347,-0.007300064707220498,0.012645410977676713,-0.0073244273635623735
676395,Robert Garcia,2024,444,-0.007248108967312776,0.013438871859572217,-0.007322075081961462
552640,Andrew Kittredge,2025,380,-0.007230612000249624,0.012025955237937732,-0.007317169778244601
686218,Emmet Sheehan,2025,535,-0.007243794140309113,0.012368865149101332,-0.0073055011956077555
660853,Enyel De Los Santos,2025,534,-0.007234711333030554,0.012358207291402471,-0.007296705203879201
676962,Ben Brown,2024,343,-0.007177653911573131,0.012704687643981482,-0.0072748321689390496
518876,Merrill Kelly,2024,473,-0.007186004235381498,0.012048963361133935,-0.0072568687367511224
608718,Brent Suter,2024,443,-0.007180029221811796,0.011699279524555836,-0.007255719642465003
605288,Adrian Houser,2025,869,-0.007215199888537512,0.012415332527684255,-0.0072538083217530795
680885,Spencer Schwellenbach,2024,940,-0.007206042865070176,0.012020328731902636,-0.007241867206505023
605488,Jeffrey Springs,2024,252,-0.0070890132253212685,0.01198739381066855,-0.0072234054054437025
623167,Chris Flexen,2025,312,-0.007098117619396747,0.01200543778287247,-0.007207205009988283
661563,Luis Gil,2024,1102,-0.00717129827955368,0.014486214654088012,-0.00720223021162141
542888,Shawn Armstrong,2024,510,-0.007127022406965108,0.011720958380095502,-0.007194026876957926
596133,Luke Weaver,2025,517,-0.007126938799276974,0.013583307231479333,-0.007193055585109415
674370,Osvaldo Bido,2025,620,-0.007114047898766406,0.012365161877882,-0.007169574531324685
656550,Grant Holmes,2025,884,-0.007127004427686236,0.012525598189960699,-0.00716599059799597
686993,Justin Sterner,2025,507,-0.007093906258210999,0.013596128209182701,-0.007161964703995669
669203,Corbin Burnes,2025,436,-0.0070711362944358746,0.01149172214386175,-0.007150549856052461
667755,José Soriano,2024,718,-0.007098797017721087,0.012642744820069962,-0.007147070675261678
547973,Aroldis Chapman,2025,490,-0.007071822525842699,0.014020774600948584,-0.007142651970036179
672282,Reid Detmers,2024,672,-0.007086122304246204,0.01259699697199349,-0.007137843174759442
681911,Alex Vesia,2024,470,-0.007055131741432541,0.012873446329219725,-0.007129271205805326
687765,Mitch Spence,2024,1156,-0.0070911047518371914,0.011268385292642291,-0.007121319477483242
661403,Emmanuel Clase,2024,506,-0.007048388099769293,0.013252768205640279,-0.007117494795989598
453286,Max Scherzer,2024,341,-0.007012331554530781,0.012747319001184197,-0.007114954430251964
670102,Bowden Francis,2024,720,-0.007058357350595263,0.0131120518793823,-0.007107074474195322
650644,Aaron Civale,2025,752,-0.00704842076193717,0.012747876868108498,-0.007095228596099592
680573,Simeon Woods Richardson,2024,1085,-0.007047679335104804,0.012237246953607462,-0.0070802646551718
458681,Lance Lynn,2024,900,-0.007030020622581325,0.01280631860364114,-0.007069429210398573
663554,Casey Mize,2024,831,-0.0070251057183481815,0.014687899022923211,-0.007067806798193638
592866,Trevor Williams,2024,472,-0.006987923335287817,0.011039759614251042,-0.007063203956827282
671096,Andrew Abbott,2025,1261,-0.007033627336515611,0.010705999487242534,-0.0070618167703198394
643377,Griffin Jax,2025,514,-0.006987663728993587,0.011264985705559413,-0.007056920123459263
663158,Robert Suarez,2025,552,-0.006971583940382553,0.013286174684652938,-0.007036458092033548
664285,Framber Valdez,2024,987,-0.006990620545129015,0.011620735373297171,-0.0070270023522209756
661403,Emmanuel Clase,2025,378,-0.006910893913012949,0.011839181266322345,-0.0070064559906357895
621383,Tanner Banks,2025,501,-0.006923151575221142,0.011650929306692558,-0.006995480083210765
694297,Brandon Pfaadt,2024,1220,-0.006963127326546365,0.011651592955457537,-0.006992851841698739
680570,Grayson Rodriguez,2024,838,-0.0069436016233203664,0.013587786494719051,-0.006986949211014498
681857,Reese Olson,2024,776,-0.0069332483030675445,0.012134715485655765,-0.006980150322316599
656730,Trevor Megill,2024,308,-0.006849946987616734,0.013260681995301653,-0.00696850869422687
594902,Ben Lively,2025,310,-0.006849756505638051,0.011679439386928505,-0.006967584301140444
666214,Joey Wentz,2025,840,-0.0069228656223519,0.012096514678652026,-0.0069663647842510305
643377,Griffin Jax,2024,503,-0.006878091617157786,0.011793444340281272,-0.0069510508923834756
694297,Brandon Pfaadt,2025,1358,-0.0069188124624385075,0.013741281724208083,-0.006945876025645677
607625,Seth Lugo,2025,938,-0.006900158165637332,0.011872227638988894,-0.006939411397996547
668964,Tobias Myers,2024,1009,-0.006901989547709723,0.011624889913711205,-0.006938490152464386
608331,Max Fried,2024,1148,-0.006891140088092212,0.012488354684854607,-0.006923358239309308
676684,Will Vest,2024,527,-0.00685296726901077,0.012549849758553123,-0.0069231542862950735
543135,Nathan Eovaldi,2025,919,-0.006875918529047186,0.01170051502492775,-0.006916245395485597
686563,Jonathan Cannon,2024,907,-0.006870376516745682,0.013192337484255074,-0.006911293687047356
676962,Ben Brown,2025,781,-0.006842638777530281,0.012415029001280565,-0.0068904348644458135
593576,Héctor Neris,2024,467,-0.006806478824924903,0.011479859539791065,-0.006886499510135858
669358,Shane Baz,2025,1258,-0.00685197026190845,0.013629844402863916,-0.0068817154133645544
683155,Joey Estes,2024,1063,-0.006841742072093133,0.01274059822409927,-0.006876989984693621
663158,Robert Suarez,2024,503,-0.006797369850479337,0.01335629552346856,-0.006871963862380945
593423,Frankie Montas,2024,1165,-0.006834354282852302,0.012864561766021397,-0.006866608759512454
502043,Kyle Gibson,2024,1080,-0.006816881162276324,0.012158955143599211,-0.006851816588562403
681857,Reese Olson,2025,477,-0.006761947207439508,0.010695066834100396,-0.006841276035828918
607625,Seth Lugo,2024,1325,-0.006801459425541022,0.011734463567622899,-0.006830105457471858
489446,Kirby Yates,2025,414,-0.006709756199807423,0.012792254737550694,-0.006802139664349369
671922,Cade Smith,2025,580,-0.006729746765443307,0.014886548716653198,-0.006795803035489785
657006,Justin Steele,2024,940,-0.006754674073307665,0.012701821936980814,-0.006795436254236844
680573,Simeon Woods Richardson,2025,833,-0.0067414901600054864,0.012568035755377198,-0.00678758627853729
608331,Max Fried,2025,1403,-0.0067345067612897686,0.011991293841470995,-0.006762064436871067
592866,Trevor Williams,2025,626,-0.006691429069252349,0.011644385018483703,-0.006753336676101601
673540,Kodai Senga,2025,545,-0.00667161049510646,0.012522896433452751,-0.0067429178115129655
669093,Jeremiah Estrada,2025,599,-0.006672879366516795,0.015036811612355701,-0.006737846337892384
695243,Mason Miller,2025,443,-0.00662720521258025,0.013865187484790088,-0.006715572698374599
693821,Bryce Elder,2024,353,-0.006586855403011655,0.011651242979683857,-0.006698262681978852
453286,Max Scherzer,2025,669,-0.0066288822156152635,0.012509194578539839,-0.0066878287797064815
689225,Beau Brieske,2025,262,-0.00653531489245998,0.00963010985298226,-0.006685907367328799
680730,Mitchell Parker,2024,1160,-0.006648120291364901,0.011475413381395464,-0.006682166944651414
668964,Tobias Myers,2025,401,-0.006575084230479918,0.012844113814744545,-0.006673790485725049
607067,Colin Rea,2025,1139,-0.006627273604551759,0.010763411787237328,-0.006662130877590867
670280,David Bednar,2025,452,-0.006573285534710219,0.012998970005140614,-0.006661145445306522
661395,Jhoan Duran,2024,406,-0.006534764591378369,0.013430294580433464,-0.006633292349700453
657376,Clarke Schmidt,2025,545,-0.006551183687573164,0.011827976327642598,-0.006624745399549488
596295,Austin Gomber,2025,465,-0.006538084995548449,0.011418231851665035,-0.006624312172567289
592351,Jon Gray,2024,748,-0.006559365953923915,0.012199002307255461,-0.006613125243337503
592836,Taijuan Walker,2025,874,-0.0065606480829160365,0.011517582272660655,-0.006606733216513159
669358,Shane Baz,2024,573,-0.006517363409858812,0.011598062855950587,-0.006587997276259247
547179,Michael Lorenzen,2024,882,-0.006535903417541631,0.01186845260366338,-0.006581863708377228
666142,Cole Ragans,2024,1382,-0.006548468833659758,0.011561700974886353,-0.006577831280769975
668933,Graham Ashcraft,2024,574,-0.006503736777025548,0.013716100047431306,-0.006574492209822192
650644,Aaron Civale,2024,1112,-0.0065334425590142025,0.012370774728071484,-0.006570007528370923
682243,Bryce Miller,2025,756,-0.006514795689885815,0.01349332259263967,-0.006568598462460717
661563,Luis Gil,2025,409,-0.006466726251494703,0.012993272795302956,-0.006566235932261025
641154,Pablo López,2025,568,-0.006471504821900664,0.010947844450751247,-0.006543573626084947
607536,Kyle Freeland,2025,1182,-0.006503445366750381,0.011135030652087895,-0.006538125338783649
664285,Framber Valdez,2025,1270,-0.006498683333472169,0.011404756378821322,-0.006531018465384092
665795,Edward Cabrera,2024,741,-0.006450173746257825,0.011347997881481503,-0.006505944745559191
665871,Javier Assad,2025,246,-0.006333263125095434,0.010548203887281811,-0.006501446378243624
663978,Chris Paddack,2024,663,-0.0064240549832343995,0.01198833383554128,-0.006486689238339198
669467,Andre Pallante,2025,1158,-0.006448131466237308,0.011622556786444405,-0.0064840160127140525
547973,Aroldis Chapman,2024,459,-0.0063796040410356875,0.013441503875792054,-0.0064704437287535065
450203,Charlie Morton,2025,1108,-0.006397003561505734,0.011169384316795232,-0.006434967697844001
596133,Luke Weaver,2024,606,-0.006363006875095733,0.01181816362346616,-0.00643246282618842
642232,Ryan Yarbrough,2024,590,-0.006353921556689833,0.011312707552918858,-0.006425385771803263
656945,Tanner Scott,2024,532,-0.00634498917010436,0.010249393579205165,-0.006424266471511379
519242,Chris Sale,2024,1205,-0.006371876128618235,0.010944002988214721,-0.006407025324944671
669432,Trevor Rogers,2025,830,-0.006353586022832336,0.012688570246208328,-0.006404645688845835
671106,Logan Allen,2024,660,-0.006335802194977817,0.011336426090036026,-0.006400085431429931
623352,Josh Hader,2025,425,-0.006271131144044172,0.013489629143559303,-0.006371654747727407
594798,Jacob deGrom,2025,1265,-0.006328005226497552,0.011189453243911471,-0.006361858494318795
686563,Jonathan Cannon,2025,814,-0.006306938890349297,0.011101276820507829,-0.006359577828933248
680885,Spencer Schwellenbach,2025,767,-0.006294586514846983,0.011957291687194211,-0.006350573110157603
607536,Kyle Freeland,2024,776,-0.00629504517325677,0.01292748317443214,-0.00635038496038004
615698,Cal Quantrill,2024,1041,-0.00630143318146844,0.011075029773501803,-0.006342761649122197
693821,Bryce Elder,2025,1084,-0.006293767139920975,0.012017352205649343,-0.006333544598454884
621107,Zach Eflin,2024,1072,-0.006292129582708907,0.011749848855534442,-0.006332363763919312
669467,Andre Pallante,2024,787,-0.006248254694320272,0.0115068458662979,-0.00630344116476337
607200,Erick Fedde,2025,977,-0.006256500224355857,0.010672023044014092,-0.006300980607972852
543135,Nathan Eovaldi,2024,1244,-0.006258473386366301,0.01148244093213501,-0.0062934697095581825
663436,Davis Martin,2025,1082,-0.006252257432769116,0.011881703197786456,-0.006292502792423073
663978,Chris Paddack,2025,1226,-0.006255923384777017,0.012648186706921798,-0.006291450642857847
605488,Jeffrey Springs,2025,1249,-0.006256145618494643,0.011614541461034635,-0.006291022217986977
663554,Casey Mize,2025,1110,-0.006221878383751495,0.011183147880111342,-0.006261399877445043
615698,Cal Quantrill,2025,875,-0.006204155657941825,0.012159529402362266,-0.0062543749681125485
592836,Taijuan Walker,2024,566,-0.006160792467102197,0.012260150339881986,-0.00623871597224256
694973,Paul Skenes,2025,1408,-0.0062028260439569265,0.012680342714018335,-0.006234183873790884
671106,Logan Allen,2025,1107,-0.006190523079576618,0.011070342488600442,-0.006230442433133023
643338,Chad Green,2024,399,-0.006113137134153509,0.012766825020349993,-0.0062240572140750865
671737,Taj Bradley,2025,997,-0.006165338083797116,0.012143241191754433,-0.0062098762505063965
676395,Robert Garcia,2025,469,-0.006094885358838456,0.010967045922921272,-0.006190005089854693
694973,Paul Skenes,2024,1007,-0.006137314564631543,0.011900661915809648,-0.006181701345534699
607192,Tyler Glasnow,2025,573,-0.006091743500715835,0.01199536927722307,-0.006169962587854154
527048,Martín Pérez,2025,368,-0.006044975665646469,0.013387168841290927,-0.006166855665078213
682243,Bryce Miller,2024,1243,-0.006094108007102835,0.01221490621284807,-0.006130495679444722
656288,Griffin Canning,2024,1260,-0.006077434699582765,0.01146775511268734,-0.006113471901134444
641755,Tyler Kinley,2024,523,-0.006008909736129956,0.010552469360013401,-0.006096075595363978
641482,Nestor Cortes,2025,239,-0.005895781778556684,0.013667894250556404,-0.006086923611603125
660853,Enyel De Los Santos,2024,521,-0.005995785062917393,0.01090965521235063,-0.006083535776207064
695243,Mason Miller,2024,481,-0.005972990202355012,0.015832380358182813,-0.006068366170983628
664854,Ryan Helsley,2024,420,-0.005957973687040379,0.011975389095022267,-0.006067230005354399
592791,Jameson Taillon,2025,891,-0.005968256839579647,0.010405058235839969,-0.006020305693173931
607067,Colin Rea,2024,1139,-0.005962169014052189,0.01126269913184336,-0.006003042599619758
642547,Freddy Peralta,2024,1308,-0.005954026788059734,0.01289752000339999,-0.005989725164303904
543243,Sonny Gray,2025,1193,-0.00594137020564977,0.010868387180119206,-0.005980589368714897
669302,Logan Gilbert,2025,998,-0.005933142559807602,0.012185906817631657,-0.005980030606918105
489446,Kirby Yates,2024,460,-0.005874221717268885,0.011070746229265455,-0.005976038621456311
605483,Blake Snell,2024,743,-0.00589111782946888,0.011812561766545366,-0.005954455881893203
642547,Freddy Peralta,2025,1328,-0.005918680769381689,0.013042247683337463,-0.00595412027411458
642701,Dennis Santana,2025,489,-0.005845745110540563,0.009819601780897476,-0.0059422423653626745
642207,Devin Williams,2025,537,-0.005848562299054702,0.012502956703429388,-0.005936544420980511
605400,Aaron Nola,2025,700,-0.005860674945714003,0.010939786432266271,-0.005928292369349804
450203,Charlie Morton,2024,1165,-0.005872742723507889,0.011114193821820051,-0.005913503204512368
676440,Tanner Bibee,2025,1275,-0.005868107141362961,0.012759362024952625,-0.00590541697149251
665152,Dean Kremer,2025,1259,-0.005856650230997116,0.011324673422654806,-0.005894524167884503
663903,Brady Singer,2024,1194,-0.00583683513841142,0.010963269045339043,-0.0058769241459612
656945,Tanner Scott,2025,516,-0.005777910684914325,0.01218206332651124,-0.005870798217200349
663623,Jake Irvin,2025,1315,-0.0058318886215789735,0.012238128012650444,-0.0058683565703296315
542888,Shawn Armstrong,2025,505,-0.005770760481603931,0.012141875050558864,-0.00586577473138601
683232,Nick Mears,2025,425,-0.005735449259244581,0.013189180008173682,-0.005848764672727097
680730,Mitchell Parker,2025,1300,-0.0058072295857764,0.010712600884799535,-0.005844310631668313
645261,Sandy Alcantara,2025,1355,-0.005808469721945036,0.010911601416696351,-0.005844047651011453
656464,Kevin Ginkel,2024,518,-0.005727428372785426,0.011371480615441765,-0.00582095764318637
686613,Hunter Brown,2025,1251,-0.005777620909154193,0.012288122664388498,-0.005816386447967833
624133,Ranger Suarez,2024,953,-0.0057582726453651156,0.010940589212245212,-0.00580923803002593
668678,Zac Gallen,2024,951,-0.00575789922145992,0.011401848570610431,-0.005808974668117293
434378,Justin Verlander,2025,1206,-0.005764506292694571,0.01214295113753027,-0.00580481803936716
641154,Pablo López,2024,1398,-0.005762458958235366,0.01020233076661535,-0.005797290312108422
670280,David Bednar,2024,473,-0.005689932244715592,0.012594509705941602,-0.005792974743526134
608379,Michael Wacha,2025,1216,-0.005751136990280387,0.0110422021105776,-0.005791233377633996
678394,Brayan Bello,2025,1149,-0.005741967655607172,0.010112050763952706,-0.0057844633866949505
579328,Yusei Kikuchi,2024,1262,-0.005743834845807682,0.009495894652775816,-0.0057825413266258665
601713,Nick Pivetta,2024,1092,-0.005732891645847948,0.010023632628325152,-0.00577767023905248
592662,Robbie Ray,2025,1435,-0.00572756334444057,0.012661678415763423,-0.005761754079655811
668909,Gavin Williams,2025,1261,-0.005714738568137272,0.012204876419165732,-0.005753713432624658
607200,Erick Fedde,2024,1207,-0.0057014678964763445,0.010542038269748302,-0.005742284903284049
666157,Nick Lodolo,2024,803,-0.005665137488511083,0.010145513322661507,-0.005726691969059169
687765,Mitch Spence,2025,598,-0.005625384267796901,0.010322584308736235,-0.005708358945743952
608337,Lucas Giolito,2025,1060,-0.005638295025412329,0.012390265642182452,-0.005685331137583484
621244,José Berríos,2024,1193,-0.0056347633030239905,0.011163920287539647,-0.005676631475533993
543243,Sonny Gray,2024,1101,-0.005614001328613314,0.010557219550421661,-0.0056595295210213085
669432,Trevor Rogers,2024,944,-0.005589417440263233,0.011345797561483972,-0.005642702913859851
668909,Gavin Williams,2024,635,-0.00555019925792536,0.011445885120769096,-0.005629628273496353
669022,MacKenzie Gore,2025,1322,-0.005583601447510699,0.01338632914975627,-0.005621815257855046
675911,Spencer Strider,2025,934,-0.005557427512334378,0.012011346441971547,-0.005611629396997662
669194,Ryne Nelson,2024,1139,-0.005563017293507485,0.012873622206282069,-0.005607501471350873
669302,Logan Gilbert,2024,1370,-0.005569444893518442,0.01164194882879349,-0.005606436536405662
605400,Aaron Nola,2024,1406,-0.005567312477664128,0.011853745896340782,-0.005603379571689168
671737,Taj Bradley,2024,1105,-0.0055499823365270165,0.012251393319180775,-0.00559594400371349
657746,Joe Ryan,2024,978,-0.005541161046775875,0.0107473036723236,-0.005593121160790774
650633,Michael King,2024,1170,-0.005543077132036838,0.011224199659539044,-0.005586568685863799
669461,Matthew Liberatore,2024,628,-0.005499685250904555,0.01062923199439019,-0.005580807883675315
605483,Blake Snell,2025,432,-0.005456913875086877,0.012407070147028871,-0.005574982351440278
656605,Mitch Keller,2025,1315,-0.005532957803534548,0.00935771254296946,-0.005571770711063377
621244,José Berríos,2025,1128,-0.0055214645329474355,0.011455543376434767,-0.00556675805272304
676979,Garrett Crochet,2025,1519,-0.005519160277586462,0.010855241460918843,-0.005552889888144492
650633,Michael King,2025,503,-0.005432703903054427,0.012865483375434182,-0.005534934444313955
669854,Ronel Blanco,2024,1153,-0.005488690261763847,0.011381080025092782,-0.00553330337587398
592791,Jameson Taillon,2024,1130,-0.005477540900328963,0.010598849487760416,-0.0055231554395025325
656427,Jack Flaherty,2025,1442,-0.005482218976132303,0.011711775615433863,-0.005518001235378162
686613,Hunter Brown,2024,1208,-0.005456632072104901,0.012523004340191091,-0.005499504858332704
663559,Bailey Falter,2025,849,-0.005433637238398373,0.010074616686361755,-0.005494697669948804
579328,Yusei Kikuchi,2025,1421,-0.005443749962319493,0.010530544574632374,-0.0054803366049877775
666142,Cole Ragans,2025,504,-0.00536209449817961,0.010387271901176295,-0.005465553467213451
676710,Kutter Crawford,2024,1335,-0.00541842470778032,0.010814905889649474,-0.005457545739401819
676664,JP Sears,2024,1265,-0.005409161081656479,0.011099889995591973,-0.0054505047832015254
607259,Nick Martinez,2024,968,-0.005385212798562836,0.009848382844180619,-0.005439361190146825
656876,Drew Rasmussen,2025,1040,-0.005365660095748362,0.013010886539248704,-0.005416290395246511
657277,Logan Webb,2025,1412,-0.005366004860519696,0.010920679645799973,-0.005403391280027555
666200,Jesús Luzardo,2025,1356,-0.005353081950858098,0.010847325581630448,-0.00539209893575424
671922,Cade Smith,2024,524,-0.005284103745725119,0.015673014101493063,-0.005385208089348221
624133,Ranger Suarez,2025,1100,-0.005298933691924867,0.010976475671819174,-0.005347452981161804
676664,JP Sears,2025,1062,-0.005296042115120763,0.009860044677857527,-0.0053463087020310385
693433,Bryan Woo,2025,1378,-0.005275347115606544,0.010518288120777673,-0.005314327972531568
671096,Andrew Abbott,2024,1007,-0.005253261915138061,0.01069875492883891,-0.00530668307236129
500779,Jose Quintana,2024,1065,-0.005247143210541439,0.00953194211727357,-0.005297742330492612
656605,Mitch Keller,2024,1212,-0.005238644061958106,0.011766346517131102,-0.005283230647419142
665152,Dean Kremer,2024,912,-0.005213376709808718,0.01117527130302523,-0.005272749424150374
686752,Ryan Pepiot,2024,920,-0.005194957097234675,0.010761966021911288,-0.005254025133153305
656550,Grant Holmes,2024,510,-0.005133260807465897,0.01258448552286536,-0.0052400988187657465
668881,Hunter Greene,2025,876,-0.005176875650036181,0.012710606993779993,-0.0052390878609397005
669022,MacKenzie Gore,2024,1385,-0.005193298903325199,0.010720527505399337,-0.005232695551679357
518876,Merrill Kelly,2025,1301,-0.005167181437333866,0.010887577620638259,-0.005209308657089841
657277,Logan Webb,2024,1314,-0.005137247848877714,0.009675342158102628,-0.005179196547730015
607192,Tyler Glasnow,2024,821,-0.005083916558860559,0.010004511777519114,-0.005151406840863807
663903,Brady Singer,2025,1191,-0.005086216445296313,0.009136124471114749,-0.005132901518728684
668933,Graham Ashcraft,2025,471,-0.004978163054178372,0.01137265136859687,-0.0050970062135784885
678394,Brayan Bello,2024,1113,-0.005003379603498204,0.009753910792517686,-0.005054072783640501
663623,Jake Irvin,2024,1358,-0.005009113920845278,0.010553279789417752,-0.005050687343613614
623352,Josh Hader,2024,550,-0.0048844856778153594,0.011787349956987736,-0.004988313340246015
668881,Hunter Greene,2024,1158,-0.004929404067158654,0.012294087271832092,-0.0049788031109887654
676440,Tanner Bibee,2024,1310,-0.004903084407309941,0.0106044362312167,-0.004947004033002817
608379,Michael Wacha,2024,1149,-0.004895488290311862,0.009977812847595578,-0.004945574946495464
657746,Joe Ryan,2025,1327,-0.00489953989655488,0.010450649211126088,-0.004942928803907258
593958,Eduardo Rodriguez,2024,377,-0.004789109098890834,0.010968687659983377,-0.004941862846578523
519242,Chris Sale,2025,894,-0.004830655768229457,0.010719824200099098,-0.004895609970442483
622663,Luis Severino,2024,1317,-0.004827183252319912,0.01101404990630461,-0.004871465777292254
669194,Ryne Nelson,2025,1175,-0.004811940989885907,0.0096262591952664,-0.004861661855710186
571760,Andrew Heaney,2025,906,-0.004785499131024055,0.012802937530574108,-0.0048501151019164305
669923,George Kirby,2024,1431,-0.004757825983582796,0.009912331078778015,-0.004799106493131002
500779,Jose Quintana,2025,884,-0.0047248260637691815,0.009218760537632573,-0.004791736734562189
693433,Bryan Woo,2024,867,-0.004718324494866262,0.009901883810594321,-0.004786608635730318
666157,Nick Lodolo,2025,1168,-0.004727631650497308,0.01076939912478246,-0.004778391737575443
656849,David Peterson,2025,1176,-0.004723969937467873,0.009492572818400935,-0.004774419833580958
676979,Garrett Crochet,2024,1122,-0.004704495315767741,0.009378390007985338,-0.004757529793997379
593958,Eduardo Rodriguez,2025,1142,-0.004705165863611207,0.010428116793856822,-0.004757273871852358
554430,Zack Wheeler,2025,1136,-0.0047046681732720586,0.011040903815450021,-0.004757053417539643
622663,Luis Severino,2025,1211,-0.004690279077377846,0.011069205917000934,-0.004739570087050368
543294,Kyle Hendricks,2024,901,-0.004662107824771958,0.010022373181604784,-0.004728485910844912
592662,Robbie Ray,2024,260,-0.004471960734828819,0.009939397149641439,-0.004703005270530358
684007,Shota Imanaga,2025,1112,-0.004639634938127356,0.010668391910571633,-0.004693742745951597
641793,Zack Littell,2024,1157,-0.004631531104350069,0.009531418849398246,-0.004683625376769106
656427,Jack Flaherty,2024,1078,-0.004615527669821279,0.01111103657246654,-0.004671556017717104
434378,Justin Verlander,2024,732,-0.00456400267191389,0.010855709358978274,-0.004646865065800763
663559,Bailey Falter,2024,951,-0.0045298283011205535,0.010416038774406463,-0.004594184760206969
607074,Carlos Rodón,2025,1372,-0.004541777062876363,0.010332459858168231,-0.004586444315395025
543294,Kyle Hendricks,2025,1170,-0.00452433433803477,0.009067874989603285,-0.004576799083762738
601713,Nick Pivetta,2025,1260,-0.004520054608065086,0.0116638351262775,-0.004568837567477296
650911,Cristopher Sánchez,2025,1348,-0.004505189866913673,0.010064591701931183,-0.004550926330602794
668678,Zac Gallen,2025,1316,-0.004496461843590548,0.011063634343088382,-0.004543370137844206
607074,Carlos Rodón,2024,1391,-0.004453387691245732,0.0103872609889584,-0.004498105116374678
571578,Patrick Corbin,2025,1125,-0.004437273905333839,0.010192513679359692,-0.004492615253586127
686752,Ryan Pepiot,2025,1294,-0.004421656016482219,0.011082523048479568,-0.004469951728077692
571760,Andrew Heaney,2024,1222,-0.00439308079185608,0.009144165689264204,-0.004444439144273079
607259,Nick Martinez,2025,1141,-0.00437677505228794,0.009594498170693595,-0.004431893669900311
542881,Tyler Anderson,2024,1301,-0.004379320045722779,0.009789980253965018,-0.004427693612930676
542881,Tyler Anderson,2025,1073,-0.004360457166206582,0.010943392919836047,-0.0044191919317440416
656849,David Peterson,2024,839,-0.004334512969314875,0.008829707576320006,-0.004409746118425438
684007,Shota Imanaga,2024,1324,-0.004307494310575038,0.010420297363195805,-0.004355593734783982
641793,Zack Littell,2025,1370,-0.0042603219578981385,0.009944628950463233,-0.0043071738281880816
554430,Zack Wheeler,2024,1461,-0.004179501832507203,0.009725404271138565,-0.004224027186965905
571578,Patrick Corbin,2024,1255,-0.004147564522295459,0.00897551325902349,-0.004199600781777225
666200,Jesús Luzardo,2024,412,-0.003990718395407575,0.009384104861381932,-0.004150466828135108
650911,Cristopher Sánchez,2024,1330,-0.0039874601474641355,0.010058987378769632,-0.004037826674271105
656302,Dylan Cease,2025,1390,-0.003919142776768484,0.011227037724400757,-0.003967858563285504
669373,Tarik Skubal,2025,1481,-0.0039096284276030555,0.0098631146133156,-0.0039554380696480715
622491,Luis Castillo,2024,1283,-0.0038933468479419838,0.010175596358899919,-0.003946300150635167
641927,Bailey Ober,2025,1157,-0.0038468437126558145,0.00926547228175984,-0.0039059265596554653
641927,Bailey Ober,2024,1313,-0.0038379632764687383,0.00905445607636518,-0.003890151296519256
669923,George Kirby,2025,926,-0.0037446730861076635,0.01167052217913174,-0.0038194655208101144
592332,Kevin Gausman,2024,1318,-0.003762543229621271,0.009978849896624536,-0.003815125112788533
656302,Dylan Cease,2024,1386,-0.0037157769515260854,0.010734247081707034,-0.0037661464723399963
592332,Kevin Gausman,2025,1483,-0.00360990658322061,0.010747636203315486,-0.0036577415449980354
669373,Tarik Skubal,2024,1318,-0.0033481468510056984,0.010036907996152117,-0.003403972119672337
622491,Luis Castillo,2025,1425,-0.0032519290832227123,0.008935114933447275,-0.0033042898596997543
