pitcher_full_name,n,mean_emp_total,mean_emp_dev_x,mean_emp_dev_z,mean_lin_total,emp_vs_lin
AJ Blubaugh,222,0.34821357758264415,0.060273053981081084,-0.036163442612612624,0.2258153641428623,1.5420278372305372
Nick Robertson,219,0.34747681889297066,0.007257490270319635,-0.012255947762557135,0.19438308507672167,1.7875877356089083
Carlos Rodriguez,200,0.32603017524235,0.003425030249799994,-0.021875834899999974,0.15950892625130123,2.043961945607357
Cody Bolton,232,0.3240528354579465,0.024681817356034478,-0.012339150379310356,0.15368446640071562,2.108559459828645
Justin Bruihl,204,0.3240027670770929,-0.04639222952745098,-0.018784117156862786,0.15409683916022107,2.1025919080677142
Jose E. Hernandez,216,0.3214275883064652,0.005687284812037039,-0.02499870937037036,0.10279809941121246,3.1267853213967713
Clayton Beeter,221,0.320968244306431,-0.000867349034389142,-0.031738109420814446,0.15054032490855546,2.13210808799171
Jackson Kowar,255,0.31767611261555356,0.03073567205803921,-0.024237112705882375,0.17725382470431464,1.7922101999518707
Sam Aldegheri,211,0.312516464762687,0.0003318884976303289,-0.055288739620853046,0.16320315340506267,1.9148923182080657
Kyle Tyler,235,0.31109567425069806,0.006773510934468088,-0.02699541285106384,0.13168216992162038,2.362473783928894
Josh Simpson,262,0.3108275963223191,-0.028606913957251907,-0.012428003893129768,0.1470704047169064,2.1134612155356916
Konnor Pilkington,220,0.3095070005045383,-0.0011236228090909083,-0.04003354163636362,0.19420254791393493,1.5937329547380759
José Marte,200,0.30774948784241013,0.018692852611000003,-0.014953913000000011,0.18566197494810235,1.657579522831396
Shaun Anderson,218,0.30543842546532063,0.003544333614678899,0.0010878893577981178,0.13090837392010168,2.333222973587169
JT Brubaker,205,0.3047004570419793,0.028140938796097567,-0.0019284614634146524,0.1622855069226981,1.8775580322592706
Trevor Stephan,236,0.3046579937144652,0.0103500608279661,-0.024267931694915222,0.17516397407387202,1.739273131505806
Grant Wolfram,230,0.3044341414472259,-0.008641925721739132,-0.021868063391304312,0.1623667607674656,1.8749782283531717
Zach Davies,216,0.30185213121884613,0.0794318777888889,0.01934323074074073,0.17284167560841138,1.7464082673134906
Joe Kelly,288,0.3012910486073376,0.02450612663888889,-0.03632044520833333,0.19475789416027436,1.547003010616826
Yerry Rodríguez,216,0.30040259866125674,0.007479994646296296,-0.01589109324074073,0.17662628305847292,1.7007808433686347
Josh Sborz,223,0.29974278349026023,-0.001433452384753361,-0.01096203533632288,0.15525653046829413,1.9306291502596247
Connor Gillispie,262,0.29805273893208645,-0.009348979279770995,-0.011329128778625993,0.1611913833962779,1.8490612379654585
Matt Bowman,428,0.2972467081792173,0.006141697289719625,-0.014400817850467295,0.16559321762649365,1.7950415629321046
Kai-Wei Teng,284,0.2970359607536068,-0.017708198261971834,-0.010182610633802817,0.1637761952293717,1.8136699313206184
Roki Sasaki,254,0.2970105734817365,0.009237775007874018,-0.03640305385826774,0.17104481608523311,1.7364488458611544
Mauricio Llovera,240,0.296295414710722,0.022329495540166666,-0.028580482166666664,0.19294307127343135,1.5356623731298635
McCade Brown,212,0.2962015028728337,0.01659724258962264,-0.01511293396226415,0.17271065995206325,1.7150157549918805
Adam Oller,292,0.2952984566122243,0.017200736761643836,-0.016137738856164426,0.1994259696062581,1.4807422383115627
Gunnar Hoglund,234,0.2951395011892347,0.014266702667521369,-0.021381016410256432,0.20937995835157874,1.4095881168036795
Nick Ramirez,223,0.29501512806367103,-0.059329212540807176,-0.0015258943497757508,0.16012783946408066,1.8423725009407115
Robert Stephenson,240,0.2927898478247433,-0.010606400929999997,0.019818611499999993,0.0900585489237228,3.2511055454905073
Jake Cousins,244,0.2915085195867051,-0.003964046337704918,0.00229759386885247,0.16349054979581198,1.7830297833775617
Grant Taylor,273,0.2913789385689526,0.017484022563589743,-0.04538814615384617,0.17811507746728858,1.6359027136400919
Zach Agnos,244,0.2911166267928597,0.01762398760655737,-0.04193095360655739,0.1393515230183999,2.0890810555003467
Rhett Lowder,227,0.2907085493163884,0.042867277124405294,0.0003543555066079866,0.15230046501704264,1.9087830709108977
Bubba Chandler,222,0.29056370645535223,0.02847614155405405,-0.012093497297297263,0.21112280495462216,1.3762781643499136
Brandon Waddell,229,0.2903804882147796,-0.020444346806986903,-0.008762240873362482,0.15334796262960015,1.8936051267676155
Julio Teheran,203,0.2902687287631345,-0.0028934332817733975,0.007190216354679833,0.15461766879376526,1.8773322028952952
Nolan McLean,305,0.2902025858089799,0.01545183479252459,-0.01956470990163933,0.1833204111150324,1.5830347752541294
Sean Reid-Foley,228,0.2888027987517183,-0.009133846746491231,-0.04559452622807019,0.1973309717755495,1.4635452111400524
Grant Hartwig,242,0.2883888074943248,0.023508979992561983,-0.013827000578512372,0.18867187943545685,1.5285203516138202
José Castillo,238,0.2879591805466984,-0.010416870825210084,0.005804529915966424,0.12088960001819443,2.382001268126946
Travis Adams,299,0.28768619802919515,0.0012166067151839475,-0.009549214314381278,0.15384267296845125,1.8700025973170096
Matt Gage,230,0.2875354106934268,0.009629457005217387,-0.00013844286956519084,0.11001393485500828,2.6136271834325453
Bailey Horn,240,0.28722882092831553,0.007010953518333334,-0.007677449083333352,0.16150937386153646,1.7784034081796365
Marco Gonzales,228,0.28710615723731303,-0.009433892680701755,0.01083705868421055,0.15361046220930666,1.869053403707019
Robert Gasser,236,0.28668479943782554,-0.01060932436525424,-0.003953888644067798,0.17190116084855578,1.6677304447664183
Andrew Suárez,231,0.286550795180092,0.011895348441558436,-0.034003759982683956,0.16156520930781454,1.7735922009926937
Zach Brzykcy,267,0.2863322168003146,0.017013954741573033,-0.04456046689138577,0.21834957398547875,1.3113477236248559
Connor Phillips,303,0.2858438762094209,0.03353203400660066,-0.04320249603300331,0.2009233097362129,1.4226516404925744
Andrés Machado,231,0.2845877581794168,0.018382070516017316,0.0007905969696969964,0.19841016386498994,1.4343406236641545
Gerson Garabito,263,0.2845765280907246,-0.015468615669961976,0.002211267376425864,0.16412004182691473,1.7339535435339848
Josh Fleming,226,0.2826139273411706,-0.02387221862672566,0.013851981504424756,0.14527430771224484,1.9453813395618729
José Urquidy,310,0.2819925925985798,0.03476409240903226,-0.0374968364516129,0.2269603913402837,1.2424749135005932
Brady Basso,255,0.28187315321991985,0.01714473670980392,-0.04975113524705883,0.17000004837122315,1.6580769000983064
Jack Perkins,291,0.2813377010807705,-0.03274326361099656,-0.017919821099656365,0.17447906198123897,1.612443910954895
Yilber Díaz,211,0.28026356908982347,0.015664719441800944,-0.021671070995260677,0.1841829406818208,1.5216586729059973
Gavin Hollowell,282,0.27863342424728255,0.007047169673758865,-0.012694439716312084,0.1716583808107539,1.6231856722129057
Luis Peralta,247,0.2786185349561186,-0.041183044585425106,-0.045404566315789464,0.20413658852738256,1.3648632857345175
Dany Jiménez,258,0.2777337414295024,0.0014608152069767425,0.0038818694883720993,0.10023980840731396,2.770693059397724
Parker Messick,277,0.2776478306699752,-0.014324415758122743,-0.006791595104693132,0.16598276713323484,1.6727509455671776
Erik Sabrowski,317,0.2772826440209851,-0.011740236943343847,-0.054748412681388,0.21021318954541224,1.3190544542928593
Julian Aguiar,254,0.27715901784961466,0.023952817034645666,-0.01788837023622049,0.18747749888666573,1.4783588403702963
Dan Altavilla,224,0.2763104514256297,-0.003274854982142861,-0.01386227767857141,0.1878059280025195,1.4712552173641873
Ron Marinaccio,320,0.27562586546025397,0.018856658191875004,-0.0264663434375,0.2006672478533594,1.3735468463775997
Carson Seymour,255,0.2754284925713853,0.003611486038525488,-0.025190041568627437,0.17199745017706228,1.6013521845111438
Darius Vines,260,0.27462934427727387,-0.00990571413846154,0.0038991816923076876,0.14310154941665426,1.9191220877536657
Rico Garcia,301,0.2743478312883966,0.014818761701926909,-0.044363046843853844,0.20254504904947154,1.3545027764237638
Colin Selby,312,0.27418858250898764,0.006844510651923079,-0.01838915664743592,0.1811537993686509,1.5135679376561653
Shintaro Fujinami,255,0.2735763051422063,0.002384804564705883,-0.02017487701960787,0.1946001382422396,1.40583818497424
Caden Dana,316,0.2731225125493559,0.010901164914556963,-0.03166218836075947,0.16772977521963886,1.628348408573894
Yunior Marte,294,0.27277494359779086,0.03457699733265306,0.002544787006802731,0.15383172187774186,1.7732034736930231
Keegan Thompson,280,0.2726559646239191,-0.01624164133285714,-0.026871479785714285,0.13874319327077153,1.965184440376856
Logan Henderson,216,0.2725139411336477,0.017502799076111113,-0.030232520370370383,0.20923968897604364,1.302400813474964
Adam Wainwright,284,0.2722532881724632,-0.0255879726528169,-0.029482473521126745,0.14501630193971227,1.8773978134240883
Luis Frías,266,0.2719413271227285,-0.007278590946616542,-0.004462463684210492,0.134004299215264,2.0293477799983344
Brusdar Graterol,234,0.2718991225274568,0.032722664415555554,-0.01436667598290601,0.19040780691260556,1.427983058763208
Chase Lee,251,0.2717859997369546,0.022384592789641434,-0.01637651075697215,0.12437957876940471,2.1851336242329307
Hunter Bigge,267,0.2716958035157987,-0.00495199650711611,-0.027898302846441934,0.18292922796664296,1.4852509166295846
David Morgan,366,0.27161105238729033,0.03084729392535519,-0.010957591311475405,0.17740077910843405,1.5310589601259383
Jaime Barria,237,0.27140010670230524,0.022744070005063288,-0.0038679042194092747,0.1444253473162881,1.8791722626634606
Josh Winder,274,0.2705009523153978,0.011438862902919714,-0.005294194525547444,0.13240998587400493,2.0429044722714016
Ryan Rolison,296,0.2704831290497141,0.004060120918918917,0.006624323783783772,0.11823973213565253,2.287582390151204
Chris Roycroft,426,0.2703250689455723,0.006432797077840377,-0.0023835518309859465,0.18586009696309555,1.454454578269418
Sean Reynolds,288,0.2698801773988981,0.02729658079861111,-0.025560029027777778,0.19103169852566462,1.4127507606421683
Drew Rom,282,0.26947367905433733,-0.03101338718439716,-0.024494996595744688,0.16819878480906045,1.602114303978143
Michel Otañez,310,0.26941963288189225,0.024898226112903224,-0.022160334387096768,0.19011310012345284,1.417154487023464
Andre Jackson,304,0.26940174180935983,0.04223515916776316,-0.025986998749999993,0.18301135770217197,1.472049304435943
Shinnosuke Ogasawara,294,0.269079104177981,-0.0007993983557482985,-0.024582838639455748,0.1569080178467396,1.7148843498922077
Tom Cosgrove,270,0.2688446329933974,-0.021962526603703708,-0.01162189214814814,0.15602696852466044,1.7230651568475859
Juan Morillo,286,0.26861750216444125,0.005263327501083914,-0.02997196563636361,0.21282170930254835,1.2621715286694428
Nic Enright,259,0.26842304731128036,-0.006605347309961392,-0.023487349884169905,0.192305411455118,1.3958164010061016
Dauri Moreta,255,0.2681614406269329,-0.014206241879450979,0.004866525411764671,0.1293005415102615,2.073939037646267
Chase Silseth,350,0.2674840767972347,0.04462365425942857,-0.025323608188571437,0.16058133842578215,1.6657232989801058
Nick Nastrini,279,0.2674339501625948,-0.0006018358881720457,-0.014716758279569898,0.13200105468474477,2.0259985861575234
Ray Kerr,309,0.267107353089528,0.005384567028478959,-0.00648291126213594,0.14017180841174617,1.9055711424148596
Kyle Nelson,229,0.26664431524256377,-0.003468385484716155,-0.0032673309170305497,0.11248566148637457,2.3704738161215553
Tommy Nance,327,0.2666040124984429,-0.010733086047094801,-0.01929531400611622,0.13257595879700698,2.0109529277978093
Andrew Saalfrank,275,0.26613482067926053,-0.016174356576981817,0.000776673527272685,0.12296195309073622,2.164367220833537
Adrián Martínez,227,0.2655766624379599,0.008519969903083702,-0.005586690044052857,0.18521603667664857,1.4338750963643903
Alex Young,267,0.26534664277840075,-0.03036331907265917,0.01231674591760299,0.1572530531784374,1.687386269551841
Gregory Santos,267,0.2647174173427953,-0.037588025292134834,-0.0006397061423221054,0.11146605932762195,2.374870152758659
José Cisnero,311,0.26374890337500534,0.01515334506237942,-0.014035264051446911,0.1744001437591967,1.5123204470472058
José Fermin,273,0.2636253011927266,0.0025722687487179487,-0.02437687347692311,0.1615413162527485,1.6319373105779136
Rob Zastryzny,276,0.2633331493112728,0.015725277296376818,-0.001098456811594202,0.12879622809009947,2.0445719041326114
Connor Seabold,267,0.263289564653749,0.014010797526741572,-0.021847883146067396,0.16005392880071215,1.6450053218098666
Spencer Howard,279,0.26319958457242454,-0.007170867025089602,-0.0261023251612903,0.1671525758395655,1.5746068120723775
Jose Cuas,326,0.26116667463987425,0.05119546519877301,-0.01438981889570552,0.18143718993914162,1.4394329780320991
Grant Holman,296,0.2610000641508202,0.009752771699459458,-0.007734648243243253,0.1679920691837171,1.5536451537208524
Alek Jacob,369,0.2598603630197454,0.029440825121951224,-0.011585894579945778,0.17831840320181813,1.4572829183852622
Jaden Hill,302,0.25848300801573315,0.04173827120662252,-0.00014714894039738376,0.1733649674682857,1.490976013149937
Anthony DeSclafani,323,0.2580436351246751,0.017055588221671827,-0.00012758452012383512,0.14679704771430677,1.7578257815298441
Dillon Tate,291,0.2576183696329465,0.03763390790927834,-0.01825976054982817,0.16509103980345366,1.5604624571972512
Sixto Sánchez,249,0.25716477545469557,0.015671605686746987,-0.006554244497991967,0.15144629578518928,1.6980591972976142
Pierson Ohl,260,0.25651542796656424,0.0032574374906153896,-0.0005907090769230619,0.17121704892123712,1.4981885833376667
Isaiah Campbell,295,0.25469126899270594,0.018984281518644067,0.001289461627118622,0.13687692488752545,1.860731961957729
Domingo Germán,312,0.25462252726770196,0.018282859265384612,0.0025733746794872015,0.1453109939251731,1.7522592089544036
Kyle Hart,285,0.254594152840252,-0.014279967577543856,-0.008193499228070193,0.1651034994350708,1.5420275991204815
Ethan Roberts,275,0.25457308596952927,-0.017068904896000006,0.0032640855999999923,0.14491198658153978,1.7567427786678285
Cade Gibson,366,0.2532360236084994,-0.030384724038797817,-0.014346285683060105,0.15884994970382324,1.5941838450730366
Thyago Vieira,318,0.2531406506111861,0.03093636108301887,-0.01714731452830187,0.19126437366909388,1.3235117745929217
Matt Sauer,390,0.2529831838866891,-0.004643829464102565,-0.02390757425641022,0.15804859753139458,1.60066705961397
Yohan Ramírez,627,0.25241325786135965,0.027172383266666662,-0.008633923540669889,0.19765397322083186,1.2770462123690636
Ryan Burr,287,0.251983201275402,0.009044952710104531,0.017643534229965164,0.10468959787548673,2.406955479713466
Kendall Graveman,318,0.25158435942218266,0.046606231652201256,-0.0015201717672955772,0.18333599197286948,1.372258424081905
Cole Sulser,337,0.250810586672502,0.014017816433827893,-0.028725702077151322,0.18698960014556612,1.3413076795567938
Orlando Ribalta,285,0.2504328987371062,0.023479958915789478,-0.013211449894736837,0.19604227975642338,1.2774433099240712
Bryan Shaw,335,0.25034068913827917,-0.021155176716776115,-0.021910157014925383,0.13068369819193026,1.9156229323309566
Troy Melton,305,0.2497499053654211,-0.0017809554334426204,-0.008788771540983596,0.15478569944254966,1.6135205401072494
Fraser Ellard,304,0.2497067249983392,-0.010520313700657893,-0.019093347368421068,0.18433258015002904,1.3546532294784888
Carson Palmquist,284,0.2496458985814828,-0.02247566693098591,-0.007458693732394396,0.14049479102455867,1.7769050137797948
Max Kranick,277,0.24915197780417778,0.006149806600000001,-0.0269569558844765,0.15669277863048997,1.5900667534380981
Jonathan Loáisiga,349,0.24909063394943867,0.05009627419255014,-0.007893830143266474,0.2326273555884849,1.0707710334380327
Max Lazar,386,0.24897415607201723,-0.01604310597119171,-0.01971987839378239,0.16481383551272674,1.5106386869613972
Noah Davis,350,0.24886271691046602,0.013217626609714284,-0.02092057257142858,0.16080293617752314,1.5476254527823217
Matt Koch,254,0.2487299953207481,-0.0065866816359055145,-0.0022743921259841993,0.1368301616504848,1.8178009316110957
Drew Thorpe,320,0.2485802117230913,0.033997693764999996,-0.022273616749999996,0.15958954883739876,1.557622122087472
Joe La Sorsa,317,0.24840182415438505,-0.0029304985331230307,0.0005153471924290205,0.16149443212265926,1.538144819542245
Tyler Gilbert,557,0.24819571390807318,-0.010281865087971277,-0.015908251059245964,0.1457281920017743,1.7031413791577905
Lyon Richardson,409,0.2479201835530597,0.03127013238337409,-0.0009641736919315558,0.19374167184509375,1.2796430483540187
Danny Young,291,0.2477335403311539,-0.014590300819243982,-0.0034798293470790203,0.1987410946603106,1.2465139167849584
Chase Shugart,361,0.24723495021945474,0.0004274236454293615,-0.019131530193905795,0.16072586916407167,1.5382399330320196
Eric Orze,343,0.24643913937209957,0.011844298037551026,0.0025057558017492886,0.15802475567578145,1.5594970441069211
Miguel Castro,304,0.24639027758216328,0.03403892034292105,-0.01305013690789475,0.19707449332860985,1.2502393050496003
Adam Mazur,481,0.245919410357137,0.0010909762889812892,-0.01205817575883577,0.1456426230820584,1.6885126424740398
Rich Hill,447,0.24527351740200665,-0.0015564220215212557,-0.02486054331096197,0.14793079781041413,1.6580287609639304
Austin Cox,302,0.2452644734404804,0.017453544473112585,-0.026235249774834452,0.14155332266122633,1.7326648984952593
Zack Thompson,387,0.2451999019417001,0.004050063695522996,-0.018257330801033558,0.17604388699649037,1.392833946836157
Gus Varland,305,0.2448250244026485,0.022643244071475412,-0.015311853836065554,0.1633816596159001,1.498485356179002
Mick Abel,338,0.24464899729871695,0.016450765052662724,-0.03307227147928995,0.1837040068513365,1.3317564569873563
Nabil Crismatt,289,0.24459785454079866,0.03451615478546713,0.004454321730103815,0.13806690040221734,1.7715893804252483
Luis Morales,349,0.24427158467142582,0.023482969252722065,-0.034184450085959835,0.21451288551700481,1.1387268605459226
Brent Headrick,333,0.24375883079213095,-0.03372094674114114,-0.03291454564564565,0.18838086219611297,1.2939681236747236
AJ Smith-Shawver,389,0.242008045498574,0.020924033087917744,-0.012522024935732673,0.18843829915521149,1.2842826887289964
Braydon Fisher,344,0.24176747998121906,-0.02422027416802326,0.0028338281976744207,0.12391843604180805,1.9510210724387345
Alek Manoah,371,0.2416882746890794,0.028472478900269545,-0.025971851374663086,0.17720368108509685,1.3639009822432286
Lance McCullers Jr.,438,0.24149424343297274,0.013320768070648399,-0.012987801872146121,0.16079530577437143,1.5018737162130738
Dedniel Núñez,351,0.24131765400049318,0.005340877315669513,-0.013682495133903148,0.13110569026150554,1.8406344798548184
Mason Black,341,0.24120492936659765,0.042005315958551316,-0.030336109794721407,0.18206289100310205,1.3248440032872373
Caleb Boushley,348,0.24119381654069486,0.00855110730045977,-0.029033053850574708,0.1680418643540268,1.4353198083577148
Hyun Jin Ryu,376,0.24020242111724324,-0.0327232249393617,-0.011640841702127638,0.1474011371609712,1.6295832294355184
John Means,322,0.2400888650005428,-0.03307926767298137,-0.015790260248447235,0.19808747784990077,1.2120345395203036
Gordon Graceffo,392,0.23901761587426268,-0.0025596168513265295,-0.02857434974489797,0.15711788595108675,1.5212629321442919
Dominic Leone,373,0.23839151577364637,0.0003381166343163537,-0.007875054275603236,0.13981991767802562,1.704989673378362
John Curtiss,308,0.23724617670425,0.01135796492857143,-0.014802155649350645,0.17633280633860698,1.3454454768256383
Spencer Turnbull,385,0.23705113060280755,-0.012969116042077924,-0.02021479553246753,0.13550922731074305,1.7493357117239967
Riley O'Brien,384,0.23672863324367713,0.023330832854166664,-0.018345259114583345,0.16493511315725523,1.4352834197165238
Chris Devenski,379,0.2366717401225005,0.008612976880738789,-0.00904145260052773,0.1785772352130193,1.3253186490438271
Austin Adams,354,0.23659893918869257,-0.012024277785706217,-0.00791877480225988,0.09729687825496258,2.4317217924371066
Jackson Jobe,384,0.23621105653180371,0.020315984777677085,-0.012494945677083334,0.18150080120234222,1.301432583035647
Chad Kuhl,395,0.2361924659053852,0.013632565039999999,-0.009652534227848125,0.12732051096528305,1.8551014609876069
Lou Trivino,372,0.23580277922070514,-0.003834629355430108,-0.005206121935483859,0.17683840826248798,1.3334364493413338
Cade Cavalli,375,0.23570867828428663,0.0297612713856,-0.02535297794666664,0.1888387938507571,1.2482005073098046
Shane Bieber,365,0.23530352717087294,-0.011919882557808218,-0.011088201643835645,0.14186354515442207,1.6586609823879637
Sam Hentges,367,0.2350621701337359,-0.00989627515531335,-0.018163688016348784,0.15014308180231337,1.565587753441958
Noah Syndergaard,251,0.23486318616238516,0.0146706673561753,-0.0034187890836653266,0.16348368031581526,1.4366154817941466
Burch Smith,404,0.23343637820733382,0.008170581029603963,-0.016620387227722775,0.1696306639962505,1.3761449298606392
Casey Lawrence,314,0.23336258153606282,0.005201087090063696,0.00990514636942675,0.15267587829731855,1.528483635650789
Giovanny Gallegos,329,0.23324618508271258,0.006093207388449847,-0.011622502279635273,0.13790062066595435,1.6914077975596644
Justin Anderson,425,0.23311792667852338,-0.00528850242889412,-0.001128166390588251,0.16450738398873058,1.4170666448291032
Adbert Alzolay,315,0.23242877985545465,-0.014530724137777777,0.016855915365079303,0.13510251208408317,1.7203882908616752
Ben Joyce,332,0.2321721156476771,0.0013346604168674708,-0.012338511566265063,0.221385051733688,1.0487253490220525
Sammy Peralta,348,0.2311475639262786,0.002374076832183911,-0.009556200919540249,0.1528501924853081,1.5122490862973328
Cole Winn,404,0.2310411814117984,0.027057162684158417,-0.01680643772277228,0.16089929158060198,1.435936598242007
Zack Greinke,341,0.2307491105538561,0.0001497232668621659,-0.005822894897360713,0.1504865217857533,1.533354002841345
Elvis Alvarado,343,0.23064263795514173,0.016961282467638485,-0.012054063848396511,0.2210768120753411,1.043269241084138
Alex Lange,361,0.22984543005319696,0.004384828631024934,0.011955451745152362,0.10009301213311532,2.2963184457624455
Jay Jackson,341,0.22934386141498136,-0.0064204459314956,0.0031546540175953043,0.13030520541880597,1.7600514168091852
Drew Smith,379,0.22921037602162248,-0.0133626165646438,-0.017190510237467014,0.1806977736236472,1.2684737140094273
Hunter Dobbins,416,0.22852826171748103,0.021630757750000004,-0.016467095817307688,0.1460231699879088,1.565013701157179
Brooks Raley,374,0.22828818971858403,0.022820534338502674,-0.007819761818181828,0.14465069516261647,1.5782031981383995
Seth Halvorsen,370,0.22823113158461142,0.024755080257297307,0.002972323027027032,0.17905202551928762,1.2746637795506324
Julio Urías,374,0.22768443003806138,-0.0018976195545454492,-0.018159989786096266,0.174204572194203,1.3069945706375556
Brandon Bielak,365,0.22746200164877362,0.03916836301589041,-0.010659806301369864,0.16394371061361238,1.38743963277044
Anthony Veneziano,374,0.227439015676825,0.0015807877347593635,-0.00013807550802141444,0.15750153501095865,1.4440431686015012
Phil Bickford,338,0.22694970356642571,0.010329130577751477,-0.03109830142011836,0.16573497987042757,1.3693530704493169
Cole Henry,398,0.226909169798571,0.01814144661417085,-0.024232417035175872,0.2122197781232548,1.069217825997277
Chris Murphy,498,0.22678988637292813,0.0007342149073895643,-0.023169624457831352,0.15892090352113067,1.4270613956254872
Richard Lovelady,348,0.22537240375978465,-0.0072910149643678175,0.004450921551724138,0.13510406235474332,1.6681393574089827
Darren McCaughan,355,0.22499317588081583,0.0021359188850704237,-0.011338144169014101,0.15695755942671896,1.4334650506964695
Michael Petersen,350,0.2246703907116837,0.010870428475428573,-0.027160924285714268,0.20370057830970706,1.102944294886066
Christian Scott,382,0.223967081754113,0.011701831005759163,-0.028301459790575877,0.17378471898793335,1.2887616532594217
Davis Daniel,414,0.22356598563122673,0.008709641471980676,-0.022683759806763282,0.16981005451334433,1.3165650660200339
JT Chargois,366,0.2231769006844813,0.013043089483060108,0.0017024978142076838,0.15314166559299686,1.4573231903955937
Tyler Wells,376,0.22313036617126866,0.019784177952659576,-0.020887030425531947,0.18464637146608476,1.2084199889747225
Dietrich Enns,387,0.22244296341400446,-0.001943077234108528,-0.020967798759689918,0.17609531665823352,1.26319636226171
Easton Lucas,398,0.22226745287226082,0.0035798245957788955,-0.018342911105527628,0.17921519895824684,1.24022657768019
Sawyer Gipson-Long,380,0.22216893742889915,0.013078492239999998,0.006996180263157888,0.15309193981642955,1.4512125046903115
Joey Lucchesi,484,0.22199948359534794,-0.016106385843388426,-0.005796949276859469,0.1707525299484736,1.3001241250266609
Kyle Muller,541,0.22194275338595615,-0.0019191598162661729,-0.017944651866913096,0.14875059720191453,1.4920461333320925
Brock Stewart,430,0.22118596958928566,0.0002756984193953501,-0.02211183693023258,0.1837900069485895,1.2034711422104507
Yonny Chirinos,449,0.22115887992418354,0.014679383902850776,-0.0015598512828507696,0.15748298315744622,1.4043350937991586
Brent Honeywell,372,0.22102055600741752,0.02011169867096774,-0.009690375537634433,0.1552928928711445,1.4232496537417914
Jonathan Bowlan,386,0.2207438028967348,0.026201048144559588,-0.014222715906735723,0.17011907081682726,1.297584108805866
Allan Winans,389,0.22004191893549563,0.04122860622210797,-0.012003820771208231,0.16128891056694408,1.3642718408973673
Drew Pomeranz,378,0.21874558386439164,-0.005634940256984126,-0.04629331465608466,0.19057786794729004,1.1478016110710831
Brandon Young,429,0.21800992421103615,0.010784764430489509,-0.019008444195804157,0.166483084879293,1.3095019495169866
Dallas Keuchel,347,0.2174173959260657,-0.021446732601729107,0.0002397936599423406,0.1361034037795435,1.5974427522638035
Michael Grove,485,0.21664115354161945,-0.023168728108865975,0.0013605732783505086,0.11208487841028965,1.9328312312442255
Shawn Dubin,578,0.21658580134789035,0.027358326234602076,-0.027989044401384073,0.1865536544970939,1.1609839642742794
Yerry De los Santos,360,0.2164809053711214,0.0025603575644444422,-0.007198976388888878,0.20856487063857626,1.0379547845632302
Dylan Dodd,377,0.21636589722931487,0.000802403664721482,-0.004208583819628635,0.14141439632771732,1.5300132295434974
Chase Burns,391,0.21583251012525695,0.015492299928388744,-0.022232157698209704,0.18682661261708106,1.1552557052866246
Hurston Waldrep,415,0.21519319794382638,0.0024277794187951784,-0.015395427373493973,0.11382364581461685,1.890584301739103
Félix Bautista,417,0.21519182979467807,0.010937714273860914,-0.026381757266187078,0.2435283393484108,0.8836418396743867
Jesse Scholtens,435,0.2134660377319902,-0.013812047939770115,-0.011242896551724143,0.1353477493822751,1.5771672503329068
Nick Anderson,355,0.21337956989633833,0.005181744583323948,-0.009817954704225357,0.15377228453431777,1.387633477271503
Shohei Ohtani,575,0.21239944795692464,-0.003851910089217392,-0.014176908535652183,0.152714052323204,1.3908310645008781
Connor Brogdon,400,0.21200306014715836,0.009225223071500002,-0.0006088160499999964,0.20242116963837284,1.0473364052085246
Eduardo Salazar,459,0.21179823598790554,0.019183046432923748,0.00011433952069717332,0.16050695258910339,1.319558016468654
Bennett Sousa,403,0.2104001395325401,0.008883067142928039,-0.004978292193548383,0.11919974567624511,1.7651056077250507
Jake Diekman,423,0.20997173644955447,-0.04762677973617021,-0.01885856250591017,0.2347953906648694,0.8942753767651832
James McArthur,524,0.2096872147519643,0.0009320876494274828,-0.00632961931297711,0.1638415717839903,1.279816913795341
Ryan Zeferjahn,530,0.20839732160398394,-0.02128195060132075,-0.00033627641509432403,0.139510326165886,1.4937770366631302
Alex Faedo,654,0.2083521378574469,0.004482938105412842,-0.003123976015290522,0.15068036414282843,1.3827424631118623
Jesus Tinoco,425,0.2082329587311886,0.017499661083576472,0.001394160178823527,0.16278542550334663,1.2791867459099258
Kenny Rosenberg,421,0.2069087815335024,-0.019000420762945367,-0.014944456627078372,0.16685292035590588,1.2400668870053655
José Suarez,584,0.20675467300167188,-0.01607582291506849,-0.010477837945205492,0.17299371090150312,1.1951571645248487
Braxton Ashcraft,536,0.20654784176913513,-0.004806446949253731,-0.01572307227611939,0.16174709863050413,1.276980196355633
Jorge López,708,0.20602677752983287,0.01277598459440678,-0.01803960655367232,0.1874943514524032,1.0988425834371562
Tommy Henry,442,0.20559118481323505,-0.011673390586624432,-0.02166121457013576,0.1565089725293045,1.3136063798178756
Steven Cruz,434,0.20541606106490964,0.00963809257327189,-0.015565721382488469,0.17102901442175983,1.2010597252133541
George Soriano,758,0.20465296625682514,-0.005497824350659629,0.0006714078627968276,0.14486942470053507,1.4126719056134227
Mason Englert,568,0.20458727086426912,0.0068419817794014084,-0.007118740598591542,0.15042855548100637,1.3600294851604888
Jimmy Herget,759,0.20433190364593806,-0.016067245073306986,-0.004175947747035601,0.1283915778402797,1.5914743558968394
Erasmo Ramírez,495,0.2036169280692183,0.002494767966949496,-0.013500029858585873,0.15116924465883247,1.3469467849016035
Matt Manning,547,0.20355942199647073,0.010164423307020111,-0.014443785228519211,0.16245422093847586,1.2530263653387135
Declan Cronin,541,0.2030652616502078,-0.0004688645341959347,0.006831787060998164,0.10552395909242326,1.9243521887986867
Will Smith,456,0.20305659711855412,0.0019317142350175444,-0.0047729135964912316,0.1303096214115212,1.558262505247376
Matt Brash,593,0.2020808434705769,-0.02629610619426644,0.002392086148397951,0.16930096044535858,1.193619002154438
Kaleb Ort,522,0.2016259053015714,0.01644486227356322,-0.03469181122605368,0.20910968130197724,0.9642112409439406
Austin Voth,463,0.20151993383572517,-0.024945320036285093,-0.0056539883801296,0.13549734747069836,1.4872610984455201
Evan Phillips,604,0.20145057634064203,-0.0016927215655629132,-0.01174628122516554,0.1760740418219193,1.1441242232877715
Matt Svanson,399,0.2011560681568214,0.0023760226781453665,-0.012320256842105247,0.17597751281103313,1.1430782543950677
Zach Pop,392,0.200994734519378,0.021051912814285714,-0.0023259290816326187,0.19057849360034926,1.0546559096057921
Thomas Hatch,463,0.20094445480168016,0.01802747037036717,0.0015747823758099277,0.1380002523900109,1.4561165745826234
Mason Fluharty,379,0.20084621184141874,-0.002739864616358838,-0.01117823329815301,0.12706701450485816,1.5806321776273398
Seth Martinez,447,0.20083356415213052,0.002054157096420579,-0.005591956062639842,0.15735063267239574,1.276344179500481
Mike Burrows,715,0.20080258678589977,0.0023662842330069963,-0.01144808620979021,0.18435389789018242,1.0892234397208984
Richard Fitts,524,0.20075727838760352,0.0029788393870992334,-0.008531800259541995,0.14765857678602315,1.359604587537962
Roansy Contreras,542,0.20070666594644243,-0.0009131326310332074,-0.01540532693726939,0.17201561940655938,1.1667932635353984
Ian Seymour,466,0.2005320616096344,-0.018157107704721034,-0.01206866523605148,0.17204486112163211,1.1655800719782177
Julian Merryweather,466,0.20052869410337573,0.008986801210300427,-0.007366263347639501,0.1256709238644277,1.5956649950286328
Daniel Palencia,728,0.2003245694093255,0.004440482602527472,-0.016152582884615393,0.2084148045081106,0.9611820517362994
Kody Funderburk,599,0.19998104548480425,0.007628445558263771,-0.011058935425709545,0.15120631933076137,1.322570685999895
Justin Martinez,692,0.19947026664719844,0.003045038748757227,-0.004075907658959541,0.19173764141959238,1.0403291975970657
Jordan Romano,546,0.19936361133466796,0.0003614049336996323,-0.0002948784249084044,0.112463400113457,1.7726977055072406
Manuel Rodríguez,481,0.1990741974224331,0.016660091306819124,-0.0007765112765072713,0.1349573465990071,1.475089740864079
Jesse Chavez,493,0.19905998265987276,0.01788929592697769,-0.018442515902636906,0.15790706731831788,1.260614778302459
Jonathan Hernández,410,0.1989668308100047,-0.009220183693560976,0.0009903068292682956,0.15130546479751514,1.315000955691009
Anthony Bender,675,0.19896503480745864,0.0023751935060740714,-0.006758603348148156,0.1649027979382969,1.206559484102308
Aaron Ashby,602,0.19868212579222985,-0.03670199371063123,-0.022954772520930217,0.18918907639940657,1.0501775767052324
Chase Anderson,679,0.19861468931389847,-0.0011365988429455072,-0.015881405891016196,0.15916221648079643,1.247875869697141
Greg Weissert,1032,0.19830901673621332,0.022676885887984496,-0.013074727684108505,0.186753340955169,1.0618766749871336
Jack Dreyer,548,0.19815159803090263,0.019648742018046717,-0.0017394118248175135,0.1428718643592709,1.3869182635751378
Brandon Walter,496,0.19721947673485088,0.011648563879508066,-0.010961087096774184,0.138714651045718,1.4217638529750594
Sam Moll,572,0.1971709798406362,-0.0222130001677972,-0.01912506720279719,0.17220227087698523,1.1449963977623017
Tayler Saucedo,515,0.19681132885645133,-0.056805327819029125,4.436454368930617e-05,0.1803015919038956,1.0915673388028417
Mike Baumann,656,0.19631762063101302,0.002464527300091464,-0.0180779273054878,0.16073056282087372,1.2214081577615037
Taylor Clarke,573,0.19585391882961556,0.0019498665396160575,0.0077336555671902165,0.14514720418559746,1.3493468229617445
Joan Adon,463,0.1958325598513627,0.010344208943844494,-0.018305785788336925,0.1752862416260014,1.1172158067556712
Josiah Gray,508,0.19566314710921895,0.015608386203149607,-0.008951739464566913,0.13550951085986185,1.443907116686189
Ryan Borucki,531,0.19540965346835015,0.01172148710263653,-0.0027792448210922755,0.11443110604706758,1.70766201794794
A.J. Minter,495,0.19532855744717614,0.004803211655111106,-0.010960342303030274,0.15541627418302165,1.256808905463484
Ken Waldichuk,549,0.19518388552567895,-0.020263463268488165,-0.03121861763205826,0.19028266470328367,1.0257575792836304
Mason Montgomery,495,0.19500742847921795,0.005932535896161619,-0.01929962282828284,0.1850084585703812,1.0540460149017075
Yoendrys Gómez,604,0.19490933448200973,0.008295177074172187,-0.014587651092715256,0.18778893404873262,1.0379170395175112
Bryan Hoeing,535,0.19488958344745788,0.027042534736448593,-0.0063205670280373554,0.1725241761200203,1.1296363665106193
Michael Kelly,546,0.19385421704917313,-0.02026279111491575,0.009772621465201454,0.15787528167971923,1.2278946709494662
Jason Alexander,502,0.19371258285967463,0.03268948909123505,-0.0008659300796812531,0.17772714783894863,1.0899436873606476
Luis Medina,744,0.19327527625360819,0.010295030407096775,-0.022770446424193545,0.16872421691262818,1.1455099913351114
Daysbel Hernández,482,0.19320658195930257,-0.007698800595850625,0.0021218786307054035,0.13368115054266846,1.4452791674442893
Jacob Misiorowski,563,0.1931085594022842,0.004019904967822382,-0.030969558117229123,0.19360164106925512,0.9974531121521095
Justin Slaten,647,0.19304300868452837,0.0012814136295826888,-0.01392253931808347,0.16432738080237944,1.174746458818585
Isaac Mattson,424,0.19262146616215017,0.006358450652830188,-0.017550863207547153,0.22878670353732902,0.8419259650319753
Tony Gonsolin,530,0.19249438091533247,0.0028364590239245294,-0.015176454830188665,0.17055149997931698,1.1286583872828824
Nate Pearson,651,0.19235686329561738,0.002131680283932409,-0.012843641290322581,0.17693801291003572,1.0871426672651816
Sam Long,752,0.19229553997336693,0.0032756694998749996,-0.02260841882978724,0.14707636752266137,1.3074536936992154
Brandon Williamson,602,0.19157567369436687,-0.003759808113455149,-0.012656632358803982,0.17092111647191016,1.1208426299149008
Ronny Henriquez,670,0.1915139785015016,0.010947090533134324,0.0062267977313432985,0.16362477046447657,1.1704461247392848
Logan Evans,581,0.1914397359143442,0.009520190787263343,-0.009608698519793435,0.1393654106394867,1.3736531542217776
Carlos Vargas,500,0.19136904185707687,0.0154435421188,-0.01332350251999999,0.17556004360267327,1.0900489537937372
Tyson Miller,493,0.19082224887469987,-0.006704283234361056,-0.02633103833671401,0.12508479913355958,1.5255430731511108
Abner Uribe,760,0.19048943338252258,0.005827531993289474,-0.0008486987631578997,0.17663492804598074,1.0784358195165982
Tanner Rainey,514,0.19048553532480517,0.012430939545058365,-0.02069681704280158,0.2099824806990424,0.9071496569174203
Randy Rodríguez,773,0.1901142063125847,0.0024650034504527796,-0.005319468646830523,0.18020617217245127,1.0549816580680254
Tristan Beck,789,0.18995892918122712,-0.018725776462610897,-0.006900845703422051,0.16316628890459356,1.1642045085201376
Colton Gordon,701,0.18990308727417765,-0.014102220543166906,-0.01692070479315265,0.17350803706862908,1.0944915894533676
Joe Boyle,828,0.18946775336850674,0.012270959784057974,-0.010855550603864767,0.16830799852148898,1.1257204353500536
Lake Bachar,568,0.18898735488007654,0.01139084051583803,-0.009734732605633784,0.16585867845040275,1.1394480930739481
Roddery Muñoz,752,0.18872150450314187,0.012200033995744684,-0.014436505755319157,0.16452903588111106,1.1470407244075285
Jordan Lyles,626,0.18815777768164466,-0.009105438597731629,-0.014229988466453656,0.1461525504374443,1.2874067343914009
Kumar Rocker,627,0.18810558170993544,0.016587782033110045,-0.003971737065390749,0.1502060704175511,1.2523167751278572
Adam Ottavino,568,0.1873602667821484,-0.008716355845422536,-0.00415920426056337,0.1608527624021495,1.1647935912578689
Lucas Sims,671,0.18733298598970163,-0.0008093283240536501,-0.0020347270640834543,0.18713473688153962,1.001059392347277
José Ruiz,555,0.18729196758865801,0.010396574255135132,-0.00896174994594593,0.1623531185784018,1.1536086847522613
Casey Legumina,492,0.18707138161229495,0.038655685631219516,-0.014848195731707342,0.21102088940931618,0.8865064597914452
Steven Wilson,837,0.1863376104853358,0.0005971119378255661,-0.012464607933094373,0.17069967448532197,1.0916108132435747
Braxton Garrett,728,0.18629104039328964,0.0005850694192307692,-0.005435824502747258,0.14251521695999084,1.3071659600082444
Kolby Allard,684,0.18626502726188318,-0.00627098954619883,-0.01188823169590645,0.15609854361043862,1.1932528193647238
Bradley Blalock,711,0.18595115395797596,-0.010778967655414907,-0.010895348691983091,0.15012827244303625,1.2386151584374763
Touki Toussaint,696,0.185610193133922,0.01925156421408046,0.0004109198275862004,0.16254830007945242,1.1418771715434557
Scott Blewett,473,0.18556464540334497,0.008010395090909091,0.0007620195348837485,0.10088038402167689,1.8394522106842037
Porter Hodge,546,0.1855533071665416,0.013448379048131865,-0.012210111538461525,0.1633536481705282,1.1358993768712085
Ian Gibaut,470,0.1853409892245515,0.0012251270240851038,-0.0218377260425532,0.1709695614729802,1.0840583997979227
Ryan Brasier,557,0.18503925616594488,-0.001635525396050269,-0.0017956617235188467,0.1465238912895078,1.262860647075888
Erik Miller,710,0.18497974161097414,-0.01588585796225352,-0.013123019149295775,0.20108861510191642,0.9198916682439833
Juan Mejia,491,0.184954923944304,0.012241324297816701,-0.016796356659877797,0.15678224409941965,1.179693051382906
Scott McGough,572,0.18493908962904135,0.021435745765804197,-0.007452512062937041,0.16887376255474404,1.0951321675508319
Mike Vasil,674,0.18478415624832692,0.03635712977329377,-0.005113447655786338,0.16640998744981766,1.1104150602982896
DL Hall,679,0.18459117812110756,0.001057660059617084,-0.016252304830633287,0.16964051718212675,1.0881314274875131
Justin Lawrence,752,0.18424613957401142,0.010603777317659581,-0.002832584361702128,0.17107414288213477,1.0769958362495013
Garrett Whitlock,867,0.18421397604269588,0.01949047172410611,-0.009491914602076119,0.18660668966796273,0.9871777714425762
Nick Sandlin,743,0.18414691385452722,0.00023008491843768317,-0.015180786244952893,0.154634035248244,1.1908562921410173
Brandon Eisert,589,0.1839585511000655,0.005820555583022074,0.004808700950763998,0.12795958985321854,1.437630046416083
Jorge Alcala,917,0.18366153071964364,0.007630756551581245,-0.01689192415485279,0.20044605995401302,0.9162641099644456
A.J. Puk,821,0.18351423751204227,-0.0009003724176613882,-0.01411877308160779,0.18282923669793252,1.0037466699882442
J.P. France,700,0.18349743707193258,-0.017365786473714284,-0.019867614857142866,0.1609601391893161,1.1400178826641598
Hayden Birdsong,1052,0.1832648499302421,0.00631536523811787,-0.011900136977186325,0.16806715637652786,1.0904263145838335
Hunter Stratton,536,0.1832640243946289,-0.0007113756338432832,-0.002631307499999979,0.14970226032676337,1.2241900956913305
Colin Poche,510,0.1832517623431128,0.0012809726247058843,-0.01089172466666667,0.1645148486288204,1.1138919305488757
Jake Bird,875,0.1831731441303256,0.024307358074308564,-0.0031082110400000086,0.13259179407611202,1.3814817531255232
Tayler Scott,767,0.18310548616859754,0.014456771523447199,-0.0032575465971316636,0.1770659433733244,1.0341090030087796
Triston McKenzie,587,0.18309124932553855,-0.0023699632737921605,-0.018432523843270862,0.18133817150651177,1.0096674506225725
Joe Musgrove,791,0.18254867515571324,-0.002877167434487993,-0.013688271453855863,0.14104605142814877,1.2942487457630574
Bryan Hudson,570,0.18249754681950026,-0.018759493249122808,-0.015570586000000013,0.1416093290911511,1.2887395766279652
Johnny Cueto,491,0.1824617379524671,0.010435036043991854,-0.012316074745417517,0.18936345508298078,0.9635530671560186
Erik Swanson,567,0.1823982561160234,0.02260447411604938,-0.012567248007054648,0.17603238269881222,1.0361630815854095
Cam Schlittler,612,0.1822835085978344,0.008602865399183006,-0.026651284444444458,0.1983872688857325,0.9188266445808397
Zack Kelly,709,0.18152496064951132,-0.0017001726070183362,-0.015315741523272225,0.17393797829052962,1.0436188946976785
Andrew Nardi,592,0.18096195070989424,-0.004325280403040541,-0.0181891168918919,0.1897976451008,0.9534467649152697
Yimi García,639,0.18036648808340897,0.004678407316494523,-0.01611359561815341,0.19880985028856624,0.9072311448432393
Kyle Leahy,993,0.1803305418193949,4.020301940584325e-05,-0.012100727467069479,0.15726151511662637,1.1466921305295854
Danny Coulombe,653,0.1799725317043661,0.020054126322511485,-0.0033573374885145432,0.1182182186476142,1.5223756013515113
Eli Morgan,647,0.1799456738851499,-0.002829222535301389,-0.009086074095826893,0.14886884208766396,1.208753096764102
Louis Varland,1012,0.17960470686916186,-0.006914480304347828,-0.005079043339920952,0.16658044983344028,1.078185987904008
Hunter Strickland,672,0.17947781782557692,-0.002127529759863094,-0.0040442752976190665,0.15702515431095665,1.1429876863560173
Jake Woodford,609,0.17944600747414796,0.0156577961408867,-0.002410022331691299,0.14640688012335423,1.2256664941084519
Blake Treinen,555,0.17940330736639948,-0.0002471629005405411,-0.011751000857657661,0.1686856587727879,1.063536216840151
Alex Cobb,530,0.17922620208313397,0.035158104313584904,-0.004420781547169799,0.1727260290795082,1.0376328515063218
Dylan Floro,556,0.17911786214203568,0.01655921574805756,-0.006157961438848901,0.1674362897771939,1.0697672671819611
Jordan Weems,609,0.17890022338114558,-0.00984952731353038,-0.012339326272577994,0.1749347342695625,1.0226683918899293
Mike Clevinger,677,0.1784874554988782,0.006689393080354504,-0.0168856753323486,0.184948118986207,0.9650676983213297
Tim Herrin,772,0.17800987474007457,0.011376823291450778,-0.0010536616839378072,0.11622229304116911,1.5316327881865022
Matt Festa,613,0.17784818111542916,-0.0008752611158238176,-0.01616304463621531,0.13082215935626212,1.3594652617765097
Cam Booser,607,0.1774107617109027,-0.00331322860527183,-0.012318200065897851,0.15935050247037927,1.113336694648205
Bobby Miller,980,0.17716534814877635,0.005378879244367349,-0.015458733693877557,0.2112377174851057,0.8387012994555209
Andrés Muñoz,1114,0.17701513704767047,0.005736858209605027,-1.7126122082576207e-05,0.15106500823388194,1.1717812027892787
T.J. McFarland,449,0.17687202133755753,-0.03179296470986191,0.004583194342984406,0.16056835871076383,1.101537206693144
Tyler Phillips,788,0.17676667288808276,0.026627749479949236,-0.004592514720812184,0.1463876245968684,1.2075247028215268
Ben Casparius,673,0.17640861848951944,-0.018203310266627044,-0.01179765175631503,0.16206988788215881,1.0884725151274637
Ryan Thompson,814,0.17568962526935653,0.026148637446211303,0.011096325110565117,0.17148955506347868,1.0244916969101887
Anthony Banda,864,0.1756421200866701,-0.014075778604814815,-0.01218582815740741,0.16882195266114516,1.0403985815708114
Johan Oviedo,835,0.1756359859720326,0.0060900426500862265,0.0008195085269461016,0.13479027778724723,1.3030315602528557
Elvis Peguero,595,0.175581623392406,0.004538029677983194,-0.002805243202689083,0.13296598043831587,1.3205003476348591
Aaron Bummer,954,0.17531765580160896,-0.014804928123228513,1.4287098532487229e-05,0.15399157521277673,1.138488618999871
Jhony Brito,539,0.17502969457054124,0.031026573846085346,-0.00539571866419295,0.21185153332774417,0.8261903599241935
Calvin Faucher,913,0.17495475874241473,-0.0108650827456736,0.0024419196933187547,0.12730239778489016,1.374324143038102
Matt Moore,609,0.17472153784282396,-0.015394326146798028,-0.020354258258784872,0.20268904484588474,0.8620176683731182
Colin Holderman,778,0.1746866970314714,-0.0012298100207455045,-0.0017796604370180096,0.16051060078683868,1.088318753871334
Craig Kimbrel,693,0.17460154508717274,0.005412173193910537,-0.011256147861471846,0.204604357687742,0.8533618103757193
Cionel Pérez,700,0.17444295030568108,-0.014707685014314286,-0.005200162118571433,0.17984391083208992,0.9699686216707586
Anthony Molina,711,0.1742728869801781,0.008390481329057665,-0.00896947769338958,0.16243992440839344,1.0728451617721464
Kyle Nicolas,748,0.17424761372062575,-0.0018831345647058832,-0.019063297732620308,0.1822087911223652,0.956307391357462
Ryan Bergert,580,0.17378152700209262,0.0018391885034482797,-0.011191781413793105,0.18142779197854442,0.9578550513509196
Daniel Hudson,464,0.17323202769103246,0.009957946850862072,-0.00830493629310346,0.16303611940954815,1.0625377267222125
Ryan Gusto,830,0.173030598721233,0.007521369010313252,-0.02265886812048194,0.19059373851066314,0.9078503841381571
Wade Miley,485,0.17292950974700974,0.0015967534293195914,-0.006967995546391744,0.14448938115530935,1.196831963458481
David Robertson,786,0.17178986974781998,0.004305945214503816,-0.013875256119592855,0.165857747128898,1.0357663282036007
Joey Cantillo,964,0.17148537589761617,-0.01160136837180913,-0.010975942904564323,0.16680127647429638,1.0280819159321097
Victor Vodnik,956,0.17143609293547354,0.0024438754149163164,-0.008375214414225956,0.17725411523800094,0.9671769408867293
Trent Thornton,1005,0.17123347318052867,-0.011397517361512437,-0.018085284557213935,0.1444613286228545,1.185323953565236
Jackson Rutledge,831,0.17113976994392147,0.010613677320144408,-0.015153403537906123,0.17045225648801235,1.004033466438489
Jared Koenig,904,0.1707598449435297,-0.01491911017057522,-0.01836914070796461,0.1964116435186998,0.8693977703377455
Keaton Winn,599,0.16993170243466085,0.01101588785275459,0.004661098163605998,0.17936993962777958,0.9473811653574477
Bryce Jarvis,724,0.16960637342507054,0.011820889923756912,-0.020000705635359106,0.16848518471243895,1.0066545240434355
Landon Knack,845,0.16960618752590587,0.006483569592899408,-0.019792937065088764,0.18434973309967667,0.9200240470877218
Daniel Lynch IV,761,0.1695380703916017,-0.007962280603153743,-0.004313477398160304,0.14661667068050538,1.1563355626935814
Sean Newcomb,870,0.16925151638620048,-0.011506267497241375,-0.016352619940229865,0.19355331732923944,0.874443893401729
Mark Leiter Jr.,968,0.16904394714825358,0.019301616176363636,-0.005532815461157022,0.14365577323068265,1.1767292281167325
José Leclerc,846,0.1689313002416483,-0.0127097982321513,-0.00791113393853429,0.16705247657594668,1.0112469069852277
Grant Anderson,817,0.16845378100403,-0.004697614207980416,-0.008656390012239914,0.17186206114560212,0.9801685135226871
Gregory Soto,1039,0.1681720937459986,-0.025798793259480268,-0.009084206954379228,0.1716116961444643,0.9799570630921902
Hunter Harvey,641,0.1681114262337751,0.005273822977535106,-0.017359240936037468,0.20261271008505002,0.8297180673572134
Alex Wood,594,0.16793624641856622,-0.029450685092646468,-0.006599019259259273,0.16712997402333343,1.0048242237811886
Brenan Hanifee,665,0.16775736862425572,0.017413253663699238,-0.0034171582255638996,0.18555672425948366,0.9040759330805107
Hayden Wesneski,863,0.1675345888405895,0.009149616033858632,-0.011185795411355743,0.16586636435850793,1.0100576418162506
Luis García,1049,0.16738553748888796,0.027896784011935176,-0.010231916850333641,0.18556776639467545,0.9020183878965458
Eduard Bazardo,809,0.1671431165335649,0.002213947033868974,-0.0011098606427688328,0.19133441488123207,0.8735653574779866
Brendon Little,752,0.1671033682950585,-0.014499926208776595,0.005192902797872337,0.1279040904427679,1.3064739971692363
David Festa,934,0.16706027592775935,0.015567364247751606,-0.008982926017130612,0.15835661797470285,1.0549623884645407
Joel Payamps,760,0.16701654455082132,-0.001716077576578953,-0.0003529946842105229,0.17802665029189402,0.9381547328839787
Pedro Avila,958,0.16700599937328992,-0.0029998894482254706,-0.009697380062630465,0.13388569106947354,1.2473775056860272
Justin Sterner,554,0.16689851976661724,0.00858840099505415,-0.017641505415162455,0.1748228651412294,0.9546721456131579
Fernando Cruz,1047,0.16673308693521427,0.000709122024832857,-0.005159322239159519,0.12680448674061895,1.3148831813520137
Tim Mayza,552,0.16670146171147873,-0.027841044927536234,-0.010593989753623197,0.17567654434856492,0.9489113206867362
Matt Strahm,1205,0.16660263497118893,-0.017247681234104563,-0.013584441825726136,0.20332351948314822,0.8193967692212667
Bryan Baker,778,0.16648138761637152,0.013963769339023137,-0.01563049686375322,0.1897276415569371,0.8774756606375176
Brant Hurter,730,0.16646158610727047,-0.020732114676986303,-0.00416122065753426,0.16947247302077775,0.9822337701230208
Stephen Kolek,1090,0.1661088806184714,0.00264896649559633,-0.0032191930458715574,0.149980490428591,1.1075365878841388
Scott Alexander,581,0.16571454606658292,-0.022319596831476763,-0.009071638175559385,0.1452815255340273,1.140644314254326
Peter Lambert,819,0.16557467660835723,0.016414126728742366,-0.01552673794871794,0.15909281064154354,1.0407426705246798
Seranthony Domínguez,1100,0.16504400551390247,-0.0027718621480000006,-0.012142665650909103,0.1750508097922533,0.9428348586891617
Yu Darvish,1328,0.16496979569863818,0.003838171977409637,-0.003946530837349406,0.14789850197025384,1.115425737928149
Jason Foley,647,0.1646497822478736,0.018904620698918084,-0.007734038176197819,0.18717301727258365,0.8796662288565396
John Brebbia,747,0.1646022263468452,-0.0027407626224899596,-0.009244327710843358,0.16562084512505681,0.9938496945994783
Jordan Leasure,767,0.1643609336746721,0.009615408274289437,-0.011266318998696182,0.17995441336629103,0.9133476117649922
Scott Barlow,1124,0.16404246491790186,-0.001197004823950178,-0.004653936548042703,0.14294841393815044,1.1475640785275043
Génesis Cabrera,989,0.16395195669966647,-0.005706394385844288,-0.007084633003033368,0.17412995677472334,0.9415494021616027
Bryan King,681,0.1635679167116313,-0.004909331826138034,-0.015955634508076386,0.16492723936216258,0.9917580464222385
José Alvarado,787,0.16346400549204604,0.008763615580330368,-0.009071336264294783,0.19325701662204403,0.8458373638859142
Justin Wrobleski,784,0.1634529768883271,-0.01248382408617347,-0.009470684846938781,0.16174610197643735,1.0105528039998046
Yariel Rodríguez,1153,0.16289640496868693,-0.0028418573786164777,-0.017356360971379024,0.1379116235272326,1.1811651607199065
DJ Herz,742,0.16244150299595272,-0.011111874170592992,-0.014670960080862548,0.19052872974928992,0.8525827218273265
Alexis Díaz,783,0.16232735447793606,0.0034894986373946372,-0.002079711570881222,0.12291765341900975,1.3206187228825785
Wandy Peralta,926,0.16220856923777915,-0.011310156682721381,0.002888678423326137,0.1959120416609918,0.8279663049934752
Jason Adam,1121,0.16208596660983615,0.01628234983015165,-0.006777371347011598,0.16913730115820894,0.9583099972620643
Xzavion Curry,671,0.16207992589194625,-0.012776455527570792,-0.0059968890909091015,0.13971855161558808,1.1600458494436852
Kyle Bradish,1022,0.16206335347870435,-0.011424907081800393,-0.008697593356164398,0.16129122916412253,1.0047871438427451
Chase Dollander,797,0.16182845177873678,0.003173140510112925,-0.01596727181932246,0.19296515760784272,0.8386407877199047
Tylor Megill,1558,0.16172731179603958,0.006762981560921696,-0.012607883260590504,0.17774946959012036,0.9098610092563038
Jared Jones,888,0.16161162011230057,0.002027041535585588,-0.007875994858108103,0.16552700364428302,0.9763459529516005
Cade Horton,832,0.1612730619636626,-0.013498764805384618,-0.0185497446875,0.16068716318784984,1.003646207725553
Ryan Fernandez,782,0.16112441097182992,-0.010908126132992328,0.000752114209718678,0.12192811314411132,1.3214705519258798
Joe Mantiply,642,0.16108042782097956,-0.03807188191109034,-0.004638770654205614,0.16298316719379977,0.9883255467077916
Michael McGreevy,776,0.16106396935381143,0.02171271959097938,-0.015191074742268038,0.15670549432029893,1.0278131603005825
Janson Junk,923,0.16059596753293753,-0.0030961022126110515,-0.01001421030335862,0.157323967253613,1.0207978500443606
Jordan Wicks,736,0.16042617110889418,-0.013461087113858697,-0.01135485592391306,0.17508476349121427,0.9162771671844783
Carlos Hernández,861,0.1603738269329294,0.002945648969152146,-0.019813413421602796,0.19482576760135115,0.8231653795461149
Sean Hjelle,687,0.16020697011107918,0.00764177736954876,-0.002251286404657944,0.13404119226352507,1.1952069912666263
Carmen Mlodzinski,1305,0.16007727548865983,-0.008543152205302681,-0.013974832689655173,0.14785984802679036,1.0826284324305258
Pete Fairbanks,973,0.1599834126544648,0.0017218266135046248,-0.0007461189023638124,0.17266392929459085,0.9265595501507953
Jacob Barnes,704,0.15952925487794692,-0.00874221452460227,-0.007649549602272746,0.15352608003846355,1.0391019873495069
Noah Cameron,975,0.1594398132560373,0.01892431243786667,-0.009539964111589761,0.1228920410534672,1.2973973895239406
Josh Winckowski,925,0.15940758291618734,0.0005345825587027036,-0.002705194118918922,0.1519852177747043,1.0488360989980328
Chris Stratton,825,0.15935021051251136,-0.0012171699048969672,-0.011062653260606056,0.15301944978346904,1.0413722617484293
Drew Smyly,807,0.15918860479311636,-0.006489676291722433,0.002947967224287484,0.13006031163097528,1.2239598905835918
Carson Spiers,944,0.15914733672899428,0.0077047229137711904,-0.002722736313559323,0.16326779475253453,0.9747625792962682
Brad Keller,830,0.15913334630620438,0.0070148870037349395,-0.009903550698795184,0.15522121175209833,1.0252036078699995
Tyler Ferguson,804,0.1589236351076248,0.015294000318656721,-0.012052405845771146,0.18208710135298245,0.8727890878967071
Ryan Pressly,933,0.1587713905409163,-0.006911197675669882,-0.000958602272240095,0.14877895871544433,1.0671629369619635
Gabe Speier,822,0.15841518330317125,-0.011704651863138692,-0.009020658102189789,0.1814244587786041,0.8731743468860969
Mason Miller,1038,0.15832973910162834,0.004597838884238923,-0.014810580267822733,0.210579271781454,0.7518771328355057
Caleb Thielbar,950,0.15830097812034225,4.936156926316052e-05,-0.010454148778947401,0.18264678702774895,0.8667055177723553
Justin Topa,681,0.15804324906433234,0.02365843422813803,-0.009100544405286348,0.1611405838281207,0.9807786797701311
Garrett Cleavinger,869,0.1580307681964182,0.004083732331645566,-0.00012902326812429536,0.14916956331472717,1.059403571913629
John Schreiber,977,0.15794561145690694,0.013047274574725893,-0.012812650767656074,0.15660402121055866,1.0085667675451608
Buck Farmer,706,0.1577887055332967,0.015085200028045328,-0.01030474396600568,0.16653140871465635,0.9475011756110233
Justin Wilson,808,0.15772731785405653,0.0027039545705445566,-0.005375731311881177,0.17150808561492742,0.9196494572750833
Derek Law,874,0.1573752729682288,-0.0042608758421052665,-0.0019748480549199084,0.12740182826444077,1.2352669903729627
Ian Hamilton,793,0.1570906787418351,-0.0019044577648171471,-0.002589310466582589,0.1449413720037687,1.083822214251915
Joe Jiménez,717,0.1570118799377879,-0.0004509061507018125,-0.0028243418214783864,0.16133498166416332,0.9732041886899988
Trevor Megill,820,0.15688244260175274,0.007288990161414634,-0.01683524565853659,0.21485762606709516,0.7301693008223126
Trevor Richards,769,0.15681531360070564,0.0005776130816644969,-0.0036365102990897342,0.19539513663236266,0.8025548450356509
Carson Fulmer,900,0.15645184705795198,0.02235197725328889,-0.0024962960888888896,0.17449514145325024,0.8965971531067969
Max Meyer,873,0.15641000429776342,0.00833581597754868,0.0005314358487972651,0.12586890349477742,1.242642145557844
Collin Snider,669,0.15588022384462194,0.0018332495940209235,-0.00587285324364724,0.11283289621031171,1.3815139828908882
Spencer Arrighetti,1380,0.15561023033335625,0.009628534859084058,-0.009957723753623186,0.17647157715372716,0.8817863638052135
Angel Chivilli,752,0.1553092402002102,0.014394074688856385,-0.005251940531914872,0.16698594611910123,0.9300737206317786
Orion Kerkering,910,0.15486844860048124,0.004222458606945062,-0.0038699315384615614,0.20232966620955384,0.7654263040205049
Raisel Iglesias,1145,0.15469544069698743,0.021781164929537116,0.0011242809956331856,0.19885040108335741,0.7779488492564801
Shelby Miller,788,0.1542742088015869,0.008874268755685281,-0.010828612081218273,0.210889060543205,0.7315420174200105
Kenley Jansen,933,0.15393340939228398,-0.0057771690301822096,-0.010545562147909958,0.21447912007354494,0.7177081355961371
Germán Márquez,976,0.1538004089280099,0.01146898530760246,-0.008552591420081957,0.1532977331969264,1.003279081305382
Dustin May,930,0.15364559206225106,0.005529766838236558,-0.005894766924731213,0.19487763132868996,0.7884208721887893
Ryan Weathers,1006,0.153534821465171,-0.02660346211215706,-0.01426797999999999,0.20123663882302611,0.7629565985754433
Jacob Lopez,879,0.15305388936130757,0.0009457992050056897,-0.004822868828213869,0.14864450463934842,1.0296639605524436
Spencer Bivens,945,0.1530281614072145,0.017815978976296297,-0.004729159428571434,0.16491401663402516,0.92792695569845
Jeff Hoffman,1242,0.1530103135231012,0.0033362104652173907,-0.011029347270531396,0.18786977084389095,0.8144488218396989
Hogan Harris,1165,0.15299557503024377,-0.006850738510781118,-0.014485818259227469,0.20631259562577317,0.7415716649106572
Luke Jackson,931,0.1526429974205532,0.0017845136524812023,0.006695706332975302,0.11674301178424176,1.3075129302185546
Adrian Morejon,965,0.15235125103512664,-0.010237471598134715,-0.013363575214507786,0.1934728940872641,0.7874552750857703
Yuki Matsui,963,0.1520021540506263,-0.0027448261521703034,-0.005918377615784008,0.1628616619681378,0.9333206613129366
Joe Ross,964,0.15199995202986782,-0.011866979876078838,-0.0009721481327801119,0.14021180899913144,1.0840738245578831
Eric Lauer,827,0.15193323051539084,-0.0022380039782345846,-0.017397651313180176,0.15327962385826394,0.991216097032453
Brennan Bernardino,862,0.15183115910450698,0.0021206489182598585,-0.0017549183990719502,0.15363841077930523,0.9882369801559957
Valente Bellozo,1101,0.15179265667605923,-0.0013999317000726612,-0.011544833950953674,0.14794686373244456,1.0259944202032536
Sean Burke,1202,0.15144247590856091,-0.005539173654938438,-0.015814410016638924,0.18150593970190027,0.8343665014890717
Pierce Johnson,962,0.15136361933278727,0.0016257026586278575,0.0023921639251559368,0.1178227909871937,1.2846718199812392
Paul Sewald,667,0.15112777884299305,0.0069687086288545705,-0.016428118350824594,0.17684467082901292,0.8545792086045672
Tyler Mahle,768,0.15103737901591452,0.0048186789427864555,-0.011583788828125002,0.18904114298011998,0.7989656464984343
JoJo Romero,906,0.15097267283673468,-0.021440416438927152,-0.003534703013245042,0.1674280212593386,0.9017168792963557
Jeremiah Estrada,1110,0.15028327086195467,0.013753688709495497,-0.017809031675675654,0.20693842243480554,0.7262221732133883
Shane Smith,1097,0.15024996648467562,0.004296938425123063,-0.013021834968094795,0.18286849776787245,0.8216284834110588
Andrew Chafin,821,0.1501938543488547,-0.01670040452762485,-0.007134209015834325,0.14698416966960073,1.0218369412601975
Reed Garrett,947,0.1501387198282034,0.010148682131362196,-0.0021975171953537652,0.15731952026939452,0.9543553118589817
Cristian Javier,1039,0.15012301859491686,0.0004889275069682396,-0.013591120038498548,0.19947610612940286,0.7525864701686628
Chad Green,861,0.14994043876940005,0.004378391030197444,-0.007572782833914051,0.17907053427581363,0.8373261372999206
Emmet Sheehan,883,0.1498397055605814,0.006900724614405435,-0.018468574631936584,0.17906571438429167,0.8367861266786755
Matt Waldron,1274,0.14949939555990333,0.003452648487252749,-0.0077792565306122365,0.13345164444283109,1.120251430277031
Nick Mears,972,0.14932809708537712,-0.008163538974588479,-0.012319314378600822,0.1712806430596768,0.8718328844278621
Jack Leiter,1491,0.14915600714079102,-0.0023788551232729726,-0.007287771287726347,0.18562077753736328,0.8035523238273672
Phil Maton,1079,0.14913333513574423,-0.0042382366950509745,-0.0024883606302131644,0.1537835682549931,0.9697611833824913
Beau Brieske,1020,0.14883724766665438,0.019092737544901962,-0.004168421490196076,0.20809377963093156,0.7152412144689155
Eury Pérez,1127,0.1487637408418584,0.009392078401721385,-0.019340207858030183,0.20371216644347873,0.730264389403241
Steven Okert,990,0.14867055235840185,0.009146409927919194,-0.002520136828282839,0.14820095963484708,1.0031686213416686
Huascar Brazobán,993,0.1468803936078168,0.01597407643222558,0.0003639570795569071,0.19705079623250765,0.7453935554490584
Keider Montero,1377,0.14683398296147188,0.008531351048663762,-0.007688944323892532,0.17219356959947715,0.8527262853253361
Emerson Hancock,1238,0.14610827777397953,0.024776864430694667,-0.008079781260096907,0.20436265137822052,0.7149460862277239
Cody Bradford,754,0.14586874680120573,-0.0017899059558620731,-0.0171186997612732,0.17832361833254737,0.8180001514391769
Kris Bubic,1046,0.14574168110691468,-0.010612391827170171,-0.005202809541108988,0.15860278495731317,0.9189099746649471
Michael Kopech,904,0.14573052109889884,0.00846453669597345,-0.014736625066371679,0.2150349200736509,0.6777063048596254
Bryse Wilson,1375,0.1457024324189844,0.0027373029637818166,-0.008817811621818179,0.16593695831247096,0.878058956249014
Zebby Matthews,1005,0.14561115948727832,-0.006680389885910446,-0.008936899890547252,0.1607446729439292,0.9058537170813136
Tony Santillan,835,0.14513329839904088,0.008130153006035928,-0.01197179746107786,0.19557252294702288,0.7420945243844653
Angel Zerpa,1153,0.14510128092847652,-0.007286665992801388,-0.007075811986123158,0.17263085984593932,0.8405292139422177
Patrick Sandoval,1081,0.14499715136947655,-0.010639740721239594,-0.008533066401480115,0.16789134826477403,0.8636368274368013
Ryan Helsley,984,0.14472975864128354,0.0022171747466747994,-0.005093668445934965,0.1512174593835731,0.9570968804215056
Ryne Stanek,1169,0.14470844270103747,0.017504712751753634,-0.022901639486740802,0.21650386669184224,0.6683873360423914
José Buttó,1225,0.14432059580786707,0.012797966591346934,-0.00494744191020407,0.1485825288751144,0.9713160551276555
Hunter Gaddis,1107,0.14419427980328892,-0.012497812838139114,-0.009980517831978312,0.1538702619636081,0.9371159700591941
Kevin Kelly,883,0.14408050874494308,0.019997952391166474,0.007019789988674974,0.183817949202439,0.7838217615313888
Bryan Abreu,1235,0.14403461933008638,0.0048827610796923085,-0.005709015204858299,0.17042908874105292,0.8451293167971469
Clayton Kershaw,1235,0.14397314860094762,0.012816799939271258,0.001080967789473683,0.12956904651681847,1.1111693145187995
Jacob Webb,1199,0.14349744452240826,0.009105626339549621,-0.00919217247706422,0.20825287790636443,0.6890538366866085
Jared Shuster,799,0.1432465652556852,-0.010786160342778472,-0.006236289086357969,0.15529181745176912,0.922434727123823
Cooper Criswell,972,0.14322891561778084,0.013115091113374482,0.0037624617695473234,0.14695456309100224,0.9746476230825559
Caleb Ferguson,1102,0.1432104471723938,0.003988496303956445,-0.014236980235934685,0.16539165619811078,0.8658867712217133
Rafael Montero,1021,0.14318723031899902,0.015733043001096965,-0.007729958648383945,0.19974679471967483,0.7168436946382462
Alec Marsh,1440,0.14313150976817543,0.0053673972516111125,-0.006640745722222231,0.15930702192327437,0.8984632820335477
Lucas Erceg,1088,0.14294425955687573,0.008319397767610294,-0.005562947132352935,0.1962391881105781,0.7284185229931168
Ryan Walker,1201,0.14275433837120446,-0.0018621958448959163,-0.003604039567027471,0.1731605435878715,0.8244045405110593
Albert Suárez,1141,0.1422550260190947,0.008869217756319018,-0.024088119894829108,0.1825403250672627,0.7793073994290105
Cade Povich,1427,0.1422281840279086,0.001004468258444288,-0.012501094926419064,0.18362074866196854,0.774575776780758
Antonio Senzatela,1110,0.14208002491532346,-0.004028627804954954,-0.0072973462162162165,0.13445204281140774,1.0567338505567765
Chad Patrick,961,0.14171264626765462,-0.006993295644745059,-0.011737129533818945,0.17996351711446948,0.7874520821768303
Aroldis Chapman,1148,0.1414207725580709,-0.010697526908222997,-0.013168232473867603,0.21750446542687427,0.6501970995423864
Landen Roupp,1092,0.14135018937538335,0.006921105165476192,0.001760553534798549,0.18166137709744873,0.7780970926998906
Brandon Woodruff,881,0.14116108255022208,0.010066512251986378,-0.014776705720771856,0.2069264682104195,0.6821799249319721
J.T. Ginn,891,0.14113798399419733,0.020086629825095396,-0.007000889360269369,0.14161884839371852,0.9966045169483068
Chris Martin,833,0.14111271897113148,-0.001869800898199277,-0.008292640739495781,0.1645232444976283,0.8577068814927589
Héctor Neris,940,0.14109996761388383,0.006039530464765959,-0.0035452774553191534,0.1824900668860316,0.7731925908164818
James Paxton,1091,0.14104027647647996,0.006674856968029331,-0.016540923299725032,0.17156952558119917,0.8220590224207938
Dennis Santana,1049,0.1405856302955331,-0.004281086928255479,-0.0014951484652049572,0.1445490575169901,0.9725807467060713
Jordan Hicks,1460,0.14035361989460102,0.020199092905616438,-0.004990332260273962,0.1792136966055797,0.7831634665931622
Jhoan Duran,1176,0.13990956588369705,0.023679361715867344,-0.01161740750510204,0.2067958858244168,0.6765587493480861
Taylor Rogers,936,0.13972673525692217,0.01076238810594017,0.00043412051282051015,0.16891501558760147,0.8272013874601818
Brock Burke,956,0.13949958979788316,0.0011299296177824268,-0.011860396087866112,0.18640167469233124,0.7483816335241451
Steven Matz,1058,0.13948009423713284,-0.01930135009027221,-0.010899575765595455,0.20045070047759866,0.6958324111854147
Luis Gil,1540,0.13914822201674834,0.0037466802126493504,-0.014712668220779225,0.19152639484851242,0.7265224311605064
Michael Soroka,1295,0.1391472155844197,-0.0019908664110471026,-0.005401551975289569,0.18238937657727802,0.7629129404116544
Keegan Akin,1052,0.13871350113227726,0.0026785058044866933,-0.014360794182509507,0.19708823219984953,0.7038142236296498
Tomoyuki Sugano,1156,0.13868454600757635,0.010382863029584776,-0.007976847747404845,0.15568790950407382,0.8907855879710906
Edwin Uceta,952,0.13864293471217123,0.0033677891404831945,-0.00023718325630250588,0.18562577525159005,0.7468948454182073
Jacob Latz,1041,0.13818024044337948,-1.5188346051870962e-05,-0.01743160063400575,0.19856357425924467,0.6958992401243307
Edwin Díaz,881,0.1381428234139315,-0.0008337157718047705,-0.0010129956594778424,0.14746814167388764,0.9367638450304865
Yennier Cano,1083,0.138084751394343,0.030633775553979684,0.004484576528162506,0.20360440068194224,0.6782012124092061
Michael Tonkin,1072,0.13796391609737826,0.018428060501216415,-0.00814685649253731,0.157843062185534,0.874057523891743
Walker Buehler,1525,0.13791822147570196,-0.0023289671081836065,-0.00797419396721311,0.1686572394764962,0.8177426708974567
Jack Kochanowicz,1291,0.13787821845465117,0.02446980668845856,0.002458590038729658,0.17262144672299232,0.7987316817933173
Will Vest,1199,0.1373462415300015,0.010835038466922438,-0.013558935856547119,0.19143828379529987,0.7174439657893212
Cole Sands,1136,0.1371766858001104,0.006019567581866196,-0.008821440070422537,0.17284191293823625,0.7936540591814061
Cole Irvin,1064,0.13656413541529108,-0.009991626213533836,-0.010404374342105263,0.16521021608000774,0.8266082973292403
Jakob Junis,1101,0.13655785941666704,0.002940237226158037,-0.001223406739327881,0.14647687152437391,0.9322827419477188
Chris Bassitt,3064,0.13646180310993708,0.010347760922201046,-0.00543144152088772,0.16247670378964504,0.8398853492658931
Jalen Beeks,971,0.13645005621554696,-0.010590530400617922,-0.014547968486096817,0.19133811556919797,0.7131357796099931
Sean Manaea,2320,0.13614768665908003,-0.01176922267725862,-0.006010225836206898,0.18410637687223913,0.7395055455007944
Camilo Doval,1159,0.135951495180179,-0.002256402972158758,-0.0008042141501294212,0.11553563814713662,1.176706143320405
Brent Suter,1148,0.13581724809013604,0.0014109954332752622,-0.010592583954703843,0.12965750911431217,1.0475077688743284
Cade Smith,1125,0.13581042403449764,0.009416910215857778,-0.01562734666666668,0.21015645259457907,0.6462348519771353
Joey Wentz,1678,0.135790130131099,0.011927937245411203,-0.01375093891537544,0.15051195233963646,0.9021883512924139
Gavin Stone,1110,0.13558592763156108,0.018332421240468466,-0.009797019981982007,0.17858974295367122,0.7592033304327788
Ross Stripling,933,0.1354955429211736,0.012621199288788854,-0.005653599807073954,0.1563100310823576,0.866838436298326
Tanner Gordon,952,0.13528162458853007,0.009526983038781512,-0.01444847966386554,0.16855740317510365,0.8025848882353422
Randy Vásquez,1915,0.13495685222804593,0.004308022150558744,-0.008797311101827668,0.17718916531775925,0.7616540886460146
Alex Vesia,1167,0.1348696122680881,-0.004523043819365897,-0.009901988810625532,0.20380688383379003,0.6617519964540446
Emilio Pagán,1060,0.13470373796913196,0.007111806888679245,-0.014457974490566032,0.19130901935214517,0.7041159816996444
Tyler Holton,1363,0.13466498044248518,-0.0192032888130741,-0.010392148354512094,0.15598061783795994,0.8633443200127694
Griffin Jax,1260,0.13396087588645536,-0.001697465992539686,-0.00862346615873016,0.1819670062312124,0.7361822269925181
Dylan Lee,1005,0.13391971711331094,0.010820888103880598,0.004610229611940286,0.1441842651740396,0.9288095129635769
Grayson Rodriguez,1463,0.1335743989549038,0.017573443691439507,-0.015264297621326037,0.19748415227255106,0.6763803445380043
Quinn Priester,1817,0.1332287580368498,0.0030322724985800777,-0.004783703055806271,0.13277588251565153,1.0034108266698576
Tommy Kahnle,951,0.13301503818927565,0.0004740017525552074,0.005624646813880127,0.15263440190608918,0.8714617185129427
Ben Brown,1144,0.13275792077901025,0.0019382368072377637,-0.0016499248706293747,0.1533874772781368,0.865506905353694
Carlos Estévez,1145,0.13260244150112405,0.009816506485327508,-0.00683323814847162,0.19485530073848092,0.6805174968223849
Hoby Milner,1011,0.1321952547964979,-0.021843541695673988,-0.0032967026310583526,0.17813451836489783,0.7421091431908997
Tyler Alexander,1500,0.132104528662989,-0.011356551319600006,-0.009423207280000004,0.16023914708419928,0.8244210673036928
David Bednar,1226,0.13203919137230663,0.009773269933115825,-0.011533732838499176,0.19909671427971043,0.6631912126224501
Ty Blach,998,0.13161185720902382,-0.011570186218476957,-0.00514665871743487,0.1509779191986385,0.8717291767405063
Kevin Ginkel,939,0.13143364520817177,-0.0003804807944621943,-0.006007716964856223,0.16089748735863094,0.8168781711004224
Gerrit Cole,1404,0.13129559729576715,-0.0019132816613960108,-0.011611003903133922,0.18330306605688831,0.7162760564791611
Graham Ashcraft,1504,0.13105303799777415,-0.005991563612712764,-0.007173487859042561,0.12925535191064438,1.0139080205233786
Reynaldo López,1209,0.13104861125442166,0.002634179231877584,-0.013213377839536817,0.17308813503291914,0.757120707491001
Clay Holmes,1749,0.13086907654622396,0.02192105071653059,-0.0010524648370497667,0.15281213007697078,0.8564050280583472
Dakota Hudson,1093,0.1308668499127756,0.009308319592845378,-0.003747363129002756,0.11229386024426571,1.1653963059788777
Brad Lord,1027,0.13074877272778587,0.015201542162083739,-0.008382264401168455,0.20597924475107168,0.6347667352882922
Andrew Kittredge,988,0.13070004026991347,-0.003445040722793519,-0.00029729454251011596,0.13974702540292241,0.9352616980080655
Drew Rasmussen,1260,0.13054590089337953,-0.004285322673682544,-0.013682310904761902,0.17551003714408198,0.7438087474519198
Clarke Schmidt,1648,0.13044736217870084,-0.00877099638825243,-0.008346110958737867,0.12833952830261847,1.0164238867320146
Jose A. Ferrer,440,0.13034702540267495,-0.011908612442272726,0.01574339572727273,0.24428107377330366,0.533594450807265
Kyle Finnegan,1155,0.13032218622687425,0.004488535971761038,-0.009987901891601762,0.20592495638842012,0.6328625170669344
Devin Williams,907,0.12986973648031808,-0.0026942491097684666,-0.0010942561411245754,0.22822856578787123,0.569033661636495
Frankie Montas,1507,0.12905213166842697,0.006131808078248175,-0.0034834783012607693,0.16150266385010156,0.7990712263929374
Ronel Blanco,1573,0.12885940436132007,0.00089987701233312,-0.011748565448188183,0.1552030697450795,0.8302632452629397
Max Scherzer,1497,0.12843239571703502,0.0017281262288309945,-0.01339368634602538,0.16062380614528154,0.799585060267281
Paul Skenes,2448,0.12832031727531912,0.012898815244009806,-0.0067473687222222205,0.20221737441463022,0.6345662317433158
Logan Allen,2430,0.1280691269310408,-0.0031923859285580254,-0.0062357906584362115,0.14417126288846402,0.8883124442776061
Tyler Rogers,1173,0.12797235505303423,0.008731230902131288,0.009158838141517467,0.12381926841699212,1.0335415213572055
Lance Lynn,1532,0.1278117089246935,-0.009310412696357705,-0.014377905848563976,0.14608760174285765,0.8748977147948993
John King,895,0.12775028456965043,-0.023932545387664803,-0.010082108849161992,0.16794986372181092,0.7606453601013554
Paul Blackburn,1306,0.12759115270553206,-0.0008834718558346094,-0.008791351868300145,0.14632858087964015,0.8719496351193332
Slade Cecconi,1703,0.12752613591844417,-0.005023249020728127,-0.014415481467997641,0.1810925974893625,0.7042040242751234
Will Warren,1331,0.12750747197715456,0.00915985850706236,-0.012073348339594305,0.19775409450358533,0.6447779111589663
Michael King,2058,0.12698608045068926,0.01940184565762488,-0.008684297133138967,0.19613109951206598,0.6474550989955424
Robert Garcia,1184,0.12690527095936138,-0.010415656421672298,-0.006167468665540551,0.17636505028688407,0.719560200577898
Bowden Francis,1377,0.12679150415934634,0.005163941140159767,-0.007597487697893959,0.19255848240214585,0.6584571221046006
Javier Assad,1649,0.12677244236747554,0.0005711863683687088,-0.010374381087932101,0.16272263283179572,0.779070742411835
Tanner Banks,1308,0.12661639715334586,0.013819961924617735,-0.007366110581039747,0.13154491825362324,0.9625335500169225
Tyler Glasnow,1955,0.1265424189192255,-0.004655557906874678,-0.007744187291048587,0.1501931848801953,0.8425310310861619
Freddy Peralta,3264,0.12646702002567747,0.004082783680575981,-0.005966481622549029,0.17598024262982104,0.7186432870859492
Kodai Senga,1421,0.12643222275463958,-0.0007078325233497528,-0.006160955325826875,0.14656788019776162,0.8626188942901178
Ryan Feltner,1426,0.12597431001310885,0.0024589160171668983,-0.009132276283309955,0.13372501931951447,0.9420399462580257
Carlos Carrasco,1357,0.12594854995337143,0.005486484323604864,-0.0011596277229181987,0.10815863876183561,1.1644797992577278
Emmanuel Clase,1129,0.12567802580238516,0.003506598336758193,-0.005949591479185134,0.15306834955669268,0.8210582146235081
Jordan Montgomery,1420,0.12542974951053923,-0.0159738708292169,-0.00660376244929576,0.16586369796690295,0.7562218318294576
Kyle Harrison,1422,0.12523017156722588,-0.014382901218706046,-0.009473820478199727,0.19344509749590888,0.6473680294217554
Reid Detmers,1691,0.12513104545113599,3.682141078651668e-05,-0.007901237801537554,0.168704242793419,0.7417184261593286
Dane Dunning,1434,0.12507882377897936,0.005547371670292889,-0.006571737266387733,0.13856908436707743,0.9026459570710477
Casey Mize,1961,0.1250495299531363,0.008865065158490565,-0.0068272743600203915,0.17303397744237187,0.7226877160283937
Kenta Maeda,1431,0.1250434794434215,0.009046970622515724,0.00045923447938505367,0.1271716727277841,0.9832651939011758
Joey Estes,1248,0.1249017720348948,0.0070640086312499985,-0.016856932740384623,0.18235890255568113,0.6849228103725703
Osvaldo Bido,1332,0.12487008883234157,0.00519041155460961,-0.007085974459459457,0.17884004407244947,0.6982221989486636
Tobias Myers,1433,0.12485056103506585,-0.0032502862497976242,-0.01321133835310537,0.16618127330306823,0.7512913973608404
Luis L. Ortiz,1874,0.12480009486181029,0.003496289361705442,-0.0028385482924226423,0.15589082303923965,0.8005608824734767
Edward Cabrera,1939,0.12464146398355438,0.015199308574543578,-0.004864095622485819,0.19320234378098416,0.6451343267597676
Davis Martin,1509,0.12459261399745876,0.0014444958798807146,-0.005274614982107374,0.15480444248667552,0.8048387500777493
Aaron Civale,2401,0.1241065005976238,3.3464219816743025e-05,-0.0035389621324448126,0.16162939188276954,0.7678461148182675
Yoshinobu Yamamoto,1897,0.12388222215272557,0.006420997465882972,0.002799144248813922,0.1680671830883616,0.7370994139146979
Robert Suarez,1261,0.1238790300075861,-0.00036024380440919914,-0.00789281267248217,0.2638524161301286,0.4695012152039213
Josh Hader,1211,0.12383470230242978,0.0007842369382658937,-0.009155817459950467,0.20261720226040114,0.6111756599189389
Chris Paddack,1960,0.12376716009631479,0.010689923807714285,-0.01003615074285714,0.19147180494216098,0.6463988791127856
Grant Holmes,1418,0.12370210517017668,-0.005611257461269392,-0.00036170253060933434,0.10992467911960149,1.125335149130478
Tyler Kinley,1215,0.12356271877440692,-0.008522433096855964,-0.0009544008296296222,0.10534401091084175,1.1729448851058522
José Soriano,2086,0.1232836484445049,0.021172949558120806,-0.0014476910958772717,0.1792650559836502,0.6877171223807775
Shawn Armstrong,1296,0.12314703418035856,0.002488430299753086,-0.003897975540123438,0.1855705466181905,0.663613037869271
Adrian Houser,1764,0.12312948501747872,0.02031842212908163,-0.01107760509659864,0.18684321889863684,0.6589989497252076
José A. Ferrer,575,0.12312468106413922,-0.014505260711652179,-0.020138250747826058,0.24672724621748887,0.49903155387875325
Simeon Woods Richardson,1935,0.12309033226583226,0.0011570595157974137,-0.0097497634005168,0.1703462094496588,0.7225892062024911
José Ureña,1400,0.12294872104063215,0.006055441767642858,0.0007307098428571566,0.20257140249760064,0.6069401678851901
Bryce Miller,2615,0.12278489063796298,0.010003436744703633,-0.012368570829827926,0.19573951550226798,0.6272871899314593
Lucas Giolito,1653,0.12265894471263326,0.011405251271554747,-0.013340617495462793,0.166103286261787,0.7384498372856796
Shane Baz,1852,0.12265684868809082,0.004654569686047515,-0.012946650312095041,0.19150235976110716,0.6404978447320502
Matthew Boyd,1677,0.12241849720284306,-0.01677569474335122,-0.016052225629099585,0.17658114492250515,0.6932704919121911
Nestor Cortes,1556,0.1223746695100129,0.0022758450743830317,-0.013014698411311056,0.1725384568266865,0.7092602528196787
Hunter Brown,2882,0.12149458467993177,0.010106584017300486,-0.007869657228313672,0.20484470667359836,0.5931058051381454
Blake Snell,1746,0.12086351237309208,0.0020379988906300073,-0.010398475540378014,0.19242297126680172,0.6281137411889886
Brandon Pfaadt,3155,0.12077530062086753,0.0037690017517527726,-0.004227103302694129,0.1705410100704572,0.7081891949096027
Kirby Yates,1051,0.1203553087963616,-0.00863942040865937,-0.0051070013948620275,0.20685625046148629,0.5818306603153385
Logan Gilbert,3069,0.1200207576519572,0.004499561927839685,-0.003935748983708057,0.12573751493609672,0.9545341954066379
Gavin Williams,2371,0.12001490435590349,0.005485078255875159,-0.008773317246731346,0.186790475233934,0.642510835767179
Michael Lorenzen,2426,0.11984164715259606,0.010611988067436108,-0.009542982666941454,0.17355318332593261,0.6905182887226772
Reese Olson,1753,0.11932576348411501,0.014501393878539649,-0.0017765433542498538,0.16215667111421175,0.7358671256890217
Miles Mikolas,3054,0.11918347675619274,0.0015919249932285523,-0.006359886293385716,0.16191365167869942,0.7360928218251775
Spencer Schwellenbach,1730,0.11863128905764186,0.0007535538616762998,-0.007326321699421967,0.1351640546944476,0.8776837105532254
Tanner Houck,1798,0.11846187823900922,0.004156136370745271,0.0017658295650722928,0.16404821432669714,0.7221162310434901
Max Fried,2921,0.11845380416639496,0.002732790867832935,-0.007200060787401561,0.14431145476249788,0.8208205257257061
Spencer Strider,1623,0.11831006378470274,-0.0005025387787800381,-0.007051301698089964,0.17026183644665355,0.6948713008964382
Tim Hill,988,0.11806325544248504,-0.0032479179364372497,0.0034786791093117417,0.20603953522363122,0.5730126274762828
Matthew Liberatore,1935,0.11792541130802141,-0.003147659437012919,-0.00860661354521965,0.1634634290139483,0.7214177019249906
Chris Flexen,1975,0.11776448481686141,-0.007681455055939243,-0.011187631848101266,0.155595328380632,0.7568638855838576
Luke Weaver,1542,0.11748946337848834,0.008234558093373541,-0.008196223125810639,0.2053533732272893,0.572133106615437
Jonathan Cannon,1741,0.11710610598815804,0.008074831128707641,-0.005362297070649054,0.16334660814355326,0.7169178920767191
Tanner Scott,1296,0.11695702788143704,-0.00349672860867284,-0.00414120078240741,0.16334585829322198,0.716008530020318
Jon Gray,1346,0.11682986253813758,-0.008447728958885587,0.0007572029866270321,0.14058730939601857,0.8310128633946685
Mitch Spence,1783,0.11640204093258756,-0.005440206182994954,-0.009743154570947848,0.10867002569443343,1.0711513150820042
Enyel De Los Santos,1301,0.11638878406623053,-0.0013647130297770938,-0.007197093389700226,0.16643148338283834,0.6993195139558074
Kyle Freeland,2389,0.11627217939284613,-0.0043448824096442035,-0.00952702175805776,0.13008317878825404,0.8938294749247396
Trevor Rogers,1786,0.1161640517218246,-0.011852293758051514,-0.003948797704367308,0.18726582682959658,0.620316336880453
Austin Gomber,1939,0.11580236663414419,-0.0017005085059618372,-0.00804533013408972,0.14324795804233892,0.808405007769236
Hunter Greene,2384,0.11573274068559401,-0.002100048364848994,-0.00798526549496644,0.19259663550023248,0.6009073854535445
Jeffrey Springs,1520,0.11539515192000395,-0.01556862639568421,-0.002546416847368422,0.15305392374052346,0.7539509546689998
Andrew Abbott,2826,0.11538700096048823,-0.004255062365148621,-0.007060869969568295,0.18248131375527857,0.6323222832296739
Ben Lively,1642,0.11534400472438634,0.007855489725113279,-0.010839796297198551,0.16223973332931813,0.7109479432529533
Ryan Yarbrough,1477,0.11523916142505715,-0.00631194434901828,-0.004741381530128647,0.1412545685907424,0.815826083182769
Martín Pérez,1605,0.11520086762323735,-0.024736163002760127,-0.002447004560747647,0.16758452717051325,0.6874194746274113
Corbin Burnes,2394,0.11493955583887781,-0.007632692391186298,-0.008017369862155396,0.15422232670151717,0.7452847995305668
Nick Pivetta,2914,0.1149234800748852,0.008982222846445436,-0.008540085929306801,0.19654969428171937,0.584704445839344
Taj Bradley,2426,0.11402714950999228,0.003820681385993404,-0.01071213673520197,0.19380374895024174,0.588364002903103
Cal Quantrill,2189,0.11397301655244689,0.00728853815573321,-0.0040560551576062035,0.1504323593755576,0.7576363026249613
Sandy Alcantara,1904,0.11320665224252859,0.01741629377552521,-0.004680892647058814,0.19270712554087616,0.5874544178103871
Jacob deGrom,1371,0.11298709061668961,-0.016676777864361777,-0.0054272741940189564,0.1720138582199572,0.6568487666395517
Cole Ragans,2467,0.11293415705136226,-0.00777081332715849,-0.010043032337251732,0.20278840893457406,0.5569063717433592
Robbie Ray,1717,0.11245921918677679,0.001758639655375655,-0.014073492868957493,0.19036372487197006,0.5907597115070726
Mitchell Parker,2496,0.11219162108952392,-0.004747454949975961,-0.009448793719551289,0.1628697087359371,0.688842768617102
Zach Eflin,2150,0.11205956569958352,-0.0009458459950232565,-0.0019495363720930302,0.1447638916718528,0.7740850595091583
Seth Lugo,2910,0.11200242353762922,0.007805320019918212,-0.004348941443298966,0.16778739121881653,0.6675258654660381
Dean Kremer,2787,0.11174117271527528,0.0008132150698528874,-0.006841845956225327,0.1774810893806734,0.6295948098200214
Kyle Gibson,1768,0.11169812708490902,0.002351559312409501,-0.0030305567760180925,0.14000491366256734,0.7978157634818311
Griffin Canning,2242,0.11168235147641538,0.007019997803514719,0.0011124020785013337,0.15363670764228954,0.7269249204196957
Taijuan Walker,1986,0.11146831819850261,0.011247646065156094,-0.0033220683786505533,0.1594343581911463,0.6991486619519172
Nathan Eovaldi,2390,0.11062396168876727,0.01144661892778075,-0.001099235506276146,0.1655047391639264,0.6684035892120181
Andre Pallante,2240,0.11049825487815497,-0.01942403937807143,-0.0037397497642857164,0.12675863665151463,0.8717217051011461
Chris Sale,2454,0.11048402069428091,-0.003197621794400979,-0.004623925911980432,0.16771288831420586,0.658768814995851
Justin Verlander,2665,0.1097125324163649,0.0013388552836772994,-0.007063634333958742,0.1910615084496516,0.5742262442425774
Bryce Elder,1935,0.1094668384819513,0.005319584349126615,0.0043192041447028375,0.1250717842998556,0.875232084476448
Marcus Stroman,1539,0.10852861408692681,0.008905534050617284,-0.005517193216374252,0.10999769659919052,0.9866444247681226
Kutter Crawford,1916,0.10833338579317414,-0.008773192764947809,-0.010356214843423792,0.16458929987575255,0.6582043053525007
MacKenzie Gore,3124,0.10791099728738722,0.0034174667830115246,-0.011531677960947496,0.1826606253186053,0.5907731734694532
Justin Steele,1769,0.10749007865024458,0.009113189078010172,-0.009326536078010171,0.14093172929823877,0.762710279548013
Tanner Bibee,3146,0.10743189648899172,-0.0019879145734901468,-0.008341905950413227,0.16357527173205152,0.6567734557395275
Ryan Pepiot,2544,0.10582289042161659,0.016216438652484275,-0.008618663781446538,0.20271895701323547,0.5220177332241673
Logan Webb,3370,0.1057026106147445,0.008933812049105636,0.003447572166172106,0.153055192163509,0.690617607417214
Charlie Morton,2777,0.10568697368123037,0.0006749545664602105,-0.0028534983435361955,0.17243452584514538,0.6129107448942239
Framber Valdez,2882,0.10566410789963972,-0.007738203785471201,-0.0013755119153365705,0.18197355269269538,0.5806563994388685
Trevor Williams,1534,0.10554187844203387,-0.0029297472638070395,-0.007842374837027374,0.12202380767146692,0.8649285779230191
Colin Rea,2663,0.10527750278691347,0.0005211250936763039,-0.006769068419076228,0.1568131128220879,0.6713565013300636
Erick Fedde,2208,0.10507741711622391,0.003207567312961955,-0.002287667101449281,0.13040245268290476,0.805793257368687
Garrett Crochet,2709,0.10457935690352545,0.002354049304222961,-0.007987340654115906,0.1764603223017182,0.5926508324330945
Jesús Luzardo,2330,0.10448798301228573,-0.011552275286480685,-0.010140544023261804,0.18515558456144174,0.5643253119249698
George Kirby,3048,0.10417596839139633,0.0022806169041633853,-0.00882904629921261,0.19581564620865693,0.5320104414965322
Ranger Suarez,2505,0.1039238014394886,-0.007509845749176846,-0.0024339724694610832,0.13530778943575267,0.7680548316757039
Pablo López,2621,0.1036063464226872,0.009270001526592905,-0.00990881646241893,0.17645432494330604,0.5871567413038782
Tarik Skubal,3381,0.10334934930565488,-0.008384353421975747,-0.010115239704229522,0.19787843378252076,0.5222870796483131
Ryne Nelson,2707,0.10300457338963062,0.002367410217705949,-0.012732530365718517,0.1942411408335834,0.5302922591351543
Luis Severino,2990,0.10198018929168753,0.01053508569504147,-0.011868157257525087,0.1955672633485877,0.5214583849338503
Jameson Taillon,2682,0.10162916110938816,-0.004824838727032066,-0.007115327974645786,0.170193592981476,0.5971385839445176
Michael Wacha,2785,0.10155740103596075,0.00874510074945781,-0.010913166807899465,0.17412555756171005,0.5832423594679307
Yusei Kikuchi,3266,0.10148798453666501,0.005183740142667482,-0.005064105519902026,0.14393303005457905,0.7051055931927579
Zac Gallen,2943,0.10107167206833385,0.0020056717261773696,-0.005114198929717964,0.16147689883030733,0.6259203192559942
Sonny Gray,2896,0.10058684405358478,-0.006404468645151932,-0.0028783005263812115,0.14051658241524628,0.7158361121845143
Jake Irvin,3180,0.10042206768092332,0.00448084185562893,-0.005133592754716977,0.1815063585676166,0.5532702461413387
Nick Lodolo,2001,0.09977452794545447,-0.012672551923368316,-0.008371651374312838,0.19557335555964067,0.5101642177174177
Eduardo Rodriguez,2105,0.09960938478497856,-0.004088493692313542,-0.008751065539192407,0.16771907932199773,0.5939061029171413
Aaron Nola,2710,0.09960513017431187,0.0023918353097269365,-0.001703941468634687,0.18376023307189127,0.5420385494142469
Mitch Keller,3144,0.09901138079494753,-0.0025761352017385493,-0.006581803627862602,0.17082122778009262,0.5796198873035278
Jose Quintana,2512,0.09867315551161651,-0.011339832289394905,-0.0028925423885350268,0.1682562738938449,0.5864456238575134
José Berríos,2911,0.0986433581351847,0.0076701518897492275,-0.0005774103648230936,0.19230746640233126,0.5129460648647435
Dylan Cease,3432,0.09849463447564236,-0.002433321522459207,-0.009055349258158507,0.15161056189169084,0.649655493962261
Bryan Woo,2590,0.0981934049952719,0.012558617722872588,-0.007869140440154436,0.20474614218784676,0.47958610573078936
Nick Martinez,2444,0.09774156050255216,0.005467829164836333,-0.0053924906485270045,0.16708950855886476,0.584965276070091
Joe Ryan,2833,0.09700734795255467,0.009674161999531238,-0.007636586254853511,0.19306194455983958,0.5024674757820397
Bailey Falter,2106,0.09683412840684058,0.0006708618669325725,-0.009771304672364669,0.16005506256048357,0.6050050954823607
Merrill Kelly,2372,0.0967319016501266,0.0060605913874704894,-0.0009979065345699816,0.1621229163611269,0.5966577941064014
Jack Flaherty,2774,0.09635606683843086,-0.002671352236243693,-0.0038277405506128453,0.14266464304970947,0.675402571924264
JP Sears,2916,0.09632635931351162,-0.013027903769499312,-0.005234983196159109,0.1672896790948264,0.5758057510464231
Zack Wheeler,3254,0.09587589781647025,0.006102336248285188,-0.010311575033804555,0.1893794758288022,0.5062634026040996
Shota Imanaga,2456,0.09556786940249705,-0.011707606627996742,-0.004071638803745921,0.1932166426702455,0.4946151018967792
David Peterson,2477,0.0949635482406279,-0.005755628059507467,-0.006827213021396857,0.1457031211462996,0.6517605628041118
Cristopher Sánchez,3194,0.09475492416200594,-0.019371097603124606,-0.0039172144540388166,0.18965549639849702,0.49961601936866856
Brayan Bello,2896,0.09434959567168011,0.012953049499188537,0.0006401647444751424,0.1746521815544399,0.540214240852588
Carlos Rodón,3334,0.09322382277500856,-0.004109342648446312,-0.008665947223755244,0.18299281229953432,0.5094398058783525
Zack Littell,3044,0.0932130468051427,0.0044185832825755595,-0.003213925216819978,0.14601910712794722,0.6383619831579032
Tyler Anderson,2866,0.09131588008381492,-0.0037922424874640625,-0.007428819965108163,0.18287683131514293,0.4993299557255266
Andrew Heaney,2664,0.09128062742507359,0.0013709323250000007,-0.008266730645645644,0.1769829445953282,0.5157594571261479
Bailey Ober,3004,0.08835216986678064,0.007495997613175766,-0.005486055166444736,0.169199802130482,0.5221765554941135
Brady Singer,2878,0.08626599555612204,0.00399616570581654,0.000323797908269624,0.1250255489127613,0.6899869371204729
Kevin Gausman,3367,0.0862366242518631,0.007321572851695874,-0.006560582928422934,0.2182210933613569,0.3951800576356845
Luis Castillo,3529,0.08433804420813773,0.00502660229733069,-0.005160077597052992,0.19292709719489148,0.43714981168736994
Patrick Corbin,2892,0.0841810707333391,0.0022511844198236496,-0.0007030121887966756,0.1172013299836227,0.7182603708089512
Kyle Hendricks,2681,0.08201079520943166,0.01161279527994778,0.00041248404326744043,0.15699236704288905,0.5223871501155657
